shape,M,N,K,arm,splitK,BM,BN,BK,stages,threads,grid,repeat,samples,median_us,p10_us,p90_us,logical_weight_GBs,physical_weight_passes,flush_bytes
gemma12_4096x3840,4,4096,3840,cublasLt,0,0,0,0,0,0,0,0,40,28.368000,27.392000,30.112000,1108.900169,0,268435456
gemma12_4096x3840,4,4096,3840,scalar,0,0,0,0,0,256,132,0,40,38.384003,36.928001,39.712002,819.541392,1,268435456
gemma12_4096x3840,4,4096,3840,zg0,1,16,128,64,4,256,32,0,40,51.615997,51.007999,52.736000,609.448279,1,268435456
gemma12_4096x3840,4,4096,3840,zg0,2,16,128,64,4,256,64,0,40,32.320000,31.552002,34.336002,973.306931,1,268435456
gemma12_4096x3840,4,4096,3840,zg0,4,16,128,64,4,256,128,0,40,27.888000,27.104000,29.087999,1127.986231,1,268435456
gemma12_4096x3840,4,4096,3840,zg0,8,16,128,64,4,256,256,0,40,27.487999,26.848000,28.639999,1144.400547,1,268435456
gemma12_4096x3840,4,4096,3840,zg0,16,16,128,64,4,256,512,0,40,28.736000,27.775999,29.856001,1094.699332,1,268435456
gemma12_4096x3840,4,4096,3840,cublasLt,0,0,0,0,0,0,0,1,40,28.496000,27.519999,29.760000,1103.919147,0,268435456
gemma12_4096x3840,4,4096,3840,scalar,0,0,0,0,0,256,132,1,40,37.983997,37.216000,38.655998,828.171947,1,268435456
gemma12_4096x3840,4,4096,3840,zg0,1,16,128,64,4,256,32,1,40,50.863998,49.568001,51.903999,618.458635,1,268435456
gemma12_4096x3840,4,4096,3840,zg0,2,16,128,64,4,256,64,1,40,32.032001,31.007999,33.279999,982.057882,1,268435456
gemma12_4096x3840,4,4096,3840,zg0,4,16,128,64,4,256,128,1,40,27.632000,26.879999,28.960001,1138.436595,1,268435456
gemma12_4096x3840,4,4096,3840,zg0,8,16,128,64,4,256,256,1,40,27.807999,27.071999,29.024000,1131.231380,1,268435456
gemma12_4096x3840,4,4096,3840,zg0,16,16,128,64,4,256,512,1,40,29.551998,29.056000,30.816000,1064.472187,1,268435456
gemma12_4096x3840,8,4096,3840,cublasLt,0,0,0,0,0,0,0,0,40,26.944000,25.728001,28.576000,1167.505938,0,268435456
gemma12_4096x3840,8,4096,3840,scalar,0,0,0,0,0,256,132,0,40,45.343998,44.831997,46.591999,693.747413,1,268435456
gemma12_4096x3840,8,4096,3840,zg0,1,16,128,64,4,256,32,0,40,52.591999,51.327999,53.375999,598.138120,1,268435456
gemma12_4096x3840,8,4096,3840,zg0,2,16,128,64,4,256,64,0,40,33.440002,32.352001,35.967999,940.708024,1,268435456
gemma12_4096x3840,8,4096,3840,zg0,4,16,128,64,4,256,128,0,40,28.320000,27.903999,29.344000,1110.779661,1,268435456
gemma12_4096x3840,8,4096,3840,zg0,8,16,128,64,4,256,256,0,40,28.672001,27.392000,29.375999,1097.142857,1,268435456
gemma12_4096x3840,8,4096,3840,zg0,16,16,128,64,4,256,512,0,40,30.271999,29.344000,31.488001,1039.154334,1,268435456
gemma12_4096x3840,8,4096,3840,cublasLt,0,0,0,0,0,0,0,1,40,26.688000,25.728001,28.576000,1178.705036,0,268435456
gemma12_4096x3840,8,4096,3840,scalar,0,0,0,0,0,256,132,1,40,45.040001,44.639999,45.568001,698.429840,1,268435456
gemma12_4096x3840,8,4096,3840,zg0,1,16,128,64,4,256,32,1,40,51.807999,50.719997,52.160000,607.189623,1,268435456
gemma12_4096x3840,8,4096,3840,zg0,2,16,128,64,4,256,64,1,40,33.103996,31.968000,34.432003,950.256275,1,268435456
gemma12_4096x3840,8,4096,3840,zg0,4,16,128,64,4,256,128,1,40,28.656000,27.488001,29.983999,1097.755444,1,268435456
gemma12_4096x3840,8,4096,3840,zg0,8,16,128,64,4,256,256,1,40,28.880001,28.128000,30.144001,1089.240924,1,268435456
gemma12_4096x3840,8,4096,3840,zg0,16,16,128,64,4,256,512,1,40,30.959999,30.432001,31.775999,1016.062016,1,268435456
gemma12_4096x3840,16,4096,3840,cublasLt,0,0,0,0,0,0,0,0,40,26.928001,26.272001,28.511999,1168.199559,0,268435456
gemma12_4096x3840,16,4096,3840,scalar,0,0,0,0,0,256,132,0,40,76.496002,75.935997,77.855995,411.227777,2,268435456
gemma12_4096x3840,16,4096,3840,zg0,1,16,128,64,4,256,32,0,40,52.896000,51.680000,53.599998,594.700544,1,268435456
gemma12_4096x3840,16,4096,3840,zg0,2,16,128,64,4,256,64,0,40,33.711998,32.576000,34.368000,933.118286,1,268435456
gemma12_4096x3840,16,4096,3840,zg0,4,16,128,64,4,256,128,0,40,29.104000,28.288000,30.015999,1080.857614,1,268435456
gemma12_4096x3840,16,4096,3840,zg0,8,16,128,64,4,256,256,0,40,29.551998,28.448000,29.888000,1064.472187,1,268435456
gemma12_4096x3840,16,4096,3840,zg0,16,16,128,64,4,256,512,0,40,32.256001,31.424002,33.216000,975.238095,1,268435456
gemma12_4096x3840,16,4096,3840,cublasLt,0,0,0,0,0,0,0,1,40,27.200001,26.335999,28.672001,1156.517647,0,268435456
gemma12_4096x3840,16,4096,3840,scalar,0,0,0,0,0,256,132,1,40,76.287994,75.648003,77.056000,412.349036,2,268435456
gemma12_4096x3840,16,4096,3840,zg0,1,16,128,64,4,256,32,1,40,52.352001,51.295998,52.736000,600.880196,1,268435456
gemma12_4096x3840,16,4096,3840,zg0,2,16,128,64,4,256,64,1,40,33.504002,32.416000,34.432003,938.911175,1,268435456
gemma12_4096x3840,16,4096,3840,zg0,4,16,128,64,4,256,128,1,40,29.071999,27.775999,29.920000,1082.047403,1,268435456
gemma12_4096x3840,16,4096,3840,zg0,8,16,128,64,4,256,256,1,40,29.712000,28.768000,30.559999,1058.739903,1,268435456
gemma12_4096x3840,16,4096,3840,zg0,16,16,128,64,4,256,512,1,40,32.912003,32.000000,33.759998,955.799595,1,268435456
gemma12_4096x3840,32,4096,3840,cublasLt,0,0,0,0,0,0,0,0,40,27.119999,26.591999,28.576000,1159.929287,0,268435456
gemma12_4096x3840,32,4096,3840,scalar,0,0,0,0,0,256,132,0,40,139.839996,139.039993,140.671997,224.951945,4,268435456
gemma12_4096x3840,32,4096,3840,zg0,1,32,64,64,4,128,64,0,40,50.144001,49.024002,50.751999,627.338864,1,268435456
gemma12_4096x3840,32,4096,3840,zg0,2,32,64,64,4,128,128,0,40,34.304001,33.056000,35.424000,917.014925,1,268435456
gemma12_4096x3840,32,4096,3840,zg0,4,32,64,64,4,128,256,0,40,31.392000,30.015999,32.160000,1002.079511,1,268435456
gemma12_4096x3840,32,4096,3840,zg0,8,32,64,64,4,128,512,0,40,32.751999,31.679998,33.663998,960.469036,1,268435456
gemma12_4096x3840,32,4096,3840,zg0,16,32,64,64,4,128,528,0,40,37.856003,36.832001,38.975998,830.972019,1,268435456
gemma12_4096x3840,32,4096,3840,cublasLt,0,0,0,0,0,0,0,1,40,26.879999,26.272001,27.936001,1170.285714,0,268435456
gemma12_4096x3840,32,4096,3840,scalar,0,0,0,0,0,256,132,1,40,139.824005,138.944000,140.384003,224.977686,4,268435456
gemma12_4096x3840,32,4096,3840,zg0,1,32,64,64,4,128,64,1,40,49.568001,48.608002,49.920002,634.628793,1,268435456
gemma12_4096x3840,32,4096,3840,zg0,2,32,64,64,4,128,128,1,40,34.192001,33.248001,35.104000,920.018718,1,268435456
gemma12_4096x3840,32,4096,3840,zg0,4,32,64,64,4,128,256,1,40,31.328001,30.176001,32.127998,1004.126597,1,268435456
gemma12_4096x3840,32,4096,3840,zg0,8,32,64,64,4,128,512,1,40,32.639999,31.392000,33.952000,963.764706,1,268435456
gemma12_4096x3840,32,4096,3840,zg0,16,32,64,64,4,128,528,1,40,38.688000,37.535999,39.584000,813.101737,1,268435456
gemma12_2048x3840,4,2048,3840,cublasLt,0,0,0,0,0,0,0,0,40,21.232000,20.576000,22.879999,740.798794,0,268435456
gemma12_2048x3840,4,2048,3840,scalar,0,0,0,0,0,256,132,0,40,26.272001,25.536001,27.200001,598.684487,1,268435456
gemma12_2048x3840,4,2048,3840,zg0,1,16,128,64,4,256,16,0,40,51.167999,50.560001,52.544003,307.392120,1,268435456
gemma12_2048x3840,4,2048,3840,zg0,2,16,128,64,4,256,32,0,40,30.784000,30.176001,31.679998,510.935551,1,268435456
gemma12_2048x3840,4,2048,3840,zg0,4,16,128,64,4,256,64,0,40,21.344000,20.832001,22.271999,736.911544,1,268435456
gemma12_2048x3840,4,2048,3840,zg0,8,16,128,64,4,256,128,0,40,19.392002,18.880001,20.416000,811.089027,1,268435456
gemma12_2048x3840,4,2048,3840,zg0,16,16,128,64,4,256,256,0,40,19.440001,18.912001,20.671999,809.086420,1,268435456
gemma12_2048x3840,4,2048,3840,cublasLt,0,0,0,0,0,0,0,1,40,21.136002,20.480000,22.911999,744.163444,0,268435456
gemma12_2048x3840,4,2048,3840,scalar,0,0,0,0,0,256,132,1,40,26.000000,25.472000,26.720001,604.947692,1,268435456
gemma12_2048x3840,4,2048,3840,zg0,1,16,128,64,4,256,16,1,40,50.639999,50.080002,51.647999,310.597156,1,268435456
gemma12_2048x3840,4,2048,3840,zg0,2,16,128,64,4,256,32,1,40,30.528000,30.048000,31.840000,515.220126,1,268435456
gemma12_2048x3840,4,2048,3840,zg0,4,16,128,64,4,256,64,1,40,21.392000,20.992001,22.752001,735.258040,1,268435456
gemma12_2048x3840,4,2048,3840,zg0,8,16,128,64,4,256,128,1,40,19.296000,18.751999,20.736000,815.124378,1,268435456
gemma12_2048x3840,4,2048,3840,zg0,16,16,128,64,4,256,256,1,40,20.271999,19.616001,21.439999,775.880032,1,268435456
gemma12_2048x3840,8,2048,3840,cublasLt,0,0,0,0,0,0,0,0,40,21.568001,20.608000,22.592001,729.258160,0,268435456
gemma12_2048x3840,8,2048,3840,scalar,0,0,0,0,0,256,132,0,40,29.888000,29.375999,31.231998,526.252677,1,268435456
gemma12_2048x3840,8,2048,3840,zg0,1,16,128,64,4,256,16,0,40,51.424000,50.784000,52.480000,305.861854,1,268435456
gemma12_2048x3840,8,2048,3840,zg0,2,16,128,64,4,256,32,0,40,30.768000,30.112000,31.904001,511.201248,1,268435456
gemma12_2048x3840,8,2048,3840,zg0,4,16,128,64,4,256,64,0,40,21.327999,20.832001,22.719999,737.464366,1,268435456
gemma12_2048x3840,8,2048,3840,zg0,8,16,128,64,4,256,128,0,40,19.231998,18.719999,20.511999,817.837021,1,268435456
gemma12_2048x3840,8,2048,3840,zg0,16,16,128,64,4,256,256,0,40,19.792000,19.200001,20.896000,794.696847,1,268435456
gemma12_2048x3840,8,2048,3840,cublasLt,0,0,0,0,0,0,0,1,40,21.184000,20.511999,22.175999,742.477341,0,268435456
gemma12_2048x3840,8,2048,3840,scalar,0,0,0,0,0,256,132,1,40,29.680000,29.279999,30.080000,529.940701,1,268435456
gemma12_2048x3840,8,2048,3840,zg0,1,16,128,64,4,256,16,1,40,50.592003,50.144001,51.840000,310.891817,1,268435456
gemma12_2048x3840,8,2048,3840,zg0,2,16,128,64,4,256,32,1,40,30.688002,30.144001,31.808001,512.533857,1,268435456
gemma12_2048x3840,8,2048,3840,zg0,4,16,128,64,4,256,64,1,40,21.184000,20.032000,22.368000,742.477341,1,268435456
gemma12_2048x3840,8,2048,3840,zg0,8,16,128,64,4,256,128,1,40,19.439999,18.880001,20.799999,809.086501,1,268435456
gemma12_2048x3840,8,2048,3840,zg0,16,16,128,64,4,256,256,1,40,20.464001,19.904001,21.504000,768.600469,1,268435456
gemma12_2048x3840,16,2048,3840,cublasLt,0,0,0,0,0,0,0,0,40,21.520000,20.832001,22.944000,730.884758,0,268435456
gemma12_2048x3840,16,2048,3840,scalar,0,0,0,0,0,256,132,0,40,46.431999,46.080002,47.007999,338.745693,2,268435456
gemma12_2048x3840,16,2048,3840,zg0,1,16,128,64,4,256,16,0,40,51.840000,51.231998,52.896000,303.407407,1,268435456
gemma12_2048x3840,16,2048,3840,zg0,2,16,128,64,4,256,32,0,40,31.184000,30.624001,32.480003,504.381734,1,268435456
gemma12_2048x3840,16,2048,3840,zg0,4,16,128,64,4,256,64,0,40,21.664000,21.312000,23.040001,726.026588,1,268435456
gemma12_2048x3840,16,2048,3840,zg0,8,16,128,64,4,256,128,0,40,20.400002,19.424002,21.407999,771.011691,1,268435456
gemma12_2048x3840,16,2048,3840,zg0,16,16,128,64,4,256,256,0,40,21.439999,20.992001,22.784000,733.612007,1,268435456
gemma12_2048x3840,16,2048,3840,cublasLt,0,0,0,0,0,0,0,1,40,21.007999,20.544001,22.496000,748.697639,0,268435456
gemma12_2048x3840,16,2048,3840,scalar,0,0,0,0,0,256,132,1,40,46.464001,46.048000,47.200001,338.512397,2,268435456
gemma12_2048x3840,16,2048,3840,zg0,1,16,128,64,4,256,16,1,40,51.104000,50.624001,52.223999,307.777082,1,268435456
gemma12_2048x3840,16,2048,3840,zg0,2,16,128,64,4,256,32,1,40,30.992001,30.624001,32.352001,507.506453,1,268435456
gemma12_2048x3840,16,2048,3840,zg0,4,16,128,64,4,256,64,1,40,21.632000,20.511999,22.848001,727.100592,1,268435456
gemma12_2048x3840,16,2048,3840,zg0,8,16,128,64,4,256,128,1,40,20.464001,19.712000,21.568001,768.600469,1,268435456
gemma12_2048x3840,16,2048,3840,zg0,16,16,128,64,4,256,256,1,40,22.160000,21.504000,23.136000,709.776173,1,268435456
gemma12_2048x3840,32,2048,3840,cublasLt,0,0,0,0,0,0,0,0,40,21.520000,20.832001,22.816000,730.884758,0,268435456
gemma12_2048x3840,32,2048,3840,scalar,0,0,0,0,0,256,132,0,40,84.080002,83.552002,85.216003,187.067555,4,268435456
gemma12_2048x3840,32,2048,3840,zg0,1,32,64,64,4,128,32,0,40,48.928001,48.448002,49.952000,321.465010,1,268435456
gemma12_2048x3840,32,2048,3840,zg0,2,32,64,64,4,128,64,0,40,30.240000,29.247999,31.520002,520.126984,1,268435456
gemma12_2048x3840,32,2048,3840,zg0,4,32,64,64,4,128,128,0,40,22.208000,21.727999,23.232000,708.242075,1,268435456
gemma12_2048x3840,32,2048,3840,zg0,8,32,64,64,4,128,256,0,40,21.808001,21.439999,22.879999,721.232575,1,268435456
gemma12_2048x3840,32,2048,3840,zg0,16,32,64,64,4,128,512,0,40,23.647999,22.848001,25.119999,665.115075,1,268435456
gemma12_2048x3840,32,2048,3840,cublasLt,0,0,0,0,0,0,0,1,40,21.760000,20.896000,23.007999,722.823529,0,268435456
gemma12_2048x3840,32,2048,3840,scalar,0,0,0,0,0,256,132,1,40,84.048004,83.487999,84.991997,187.138760,4,268435456
gemma12_2048x3840,32,2048,3840,zg0,1,32,64,64,4,128,32,1,40,48.160000,47.520000,49.247997,326.591362,1,268435456
gemma12_2048x3840,32,2048,3840,zg0,2,32,64,64,4,128,64,1,40,29.776001,28.480001,30.816000,528.232133,1,268435456
gemma12_2048x3840,32,2048,3840,zg0,4,32,64,64,4,128,128,1,40,22.496000,21.920000,23.615999,699.174964,1,268435456
gemma12_2048x3840,32,2048,3840,zg0,8,32,64,64,4,128,256,1,40,21.792000,21.376001,23.040001,721.762115,1,268435456
gemma12_2048x3840,32,2048,3840,zg0,16,32,64,64,4,128,512,1,40,24.400000,23.615999,25.695999,644.616393,1,268435456
gemma12_3840x4096,4,3840,4096,cublasLt,0,0,0,0,0,0,0,0,40,27.615999,26.080000,29.760000,1139.096176,0,268435456
gemma12_3840x4096,4,3840,4096,scalar,0,0,0,0,0,256,132,0,40,38.160000,37.312000,39.040001,824.352201,1,268435456
gemma12_3840x4096,4,3840,4096,zg0,1,16,128,64,4,256,30,0,40,54.143997,53.632000,55.615997,580.992950,1,268435456
gemma12_3840x4096,4,3840,4096,zg0,2,16,128,64,4,256,60,0,40,33.312000,32.639999,34.559998,944.322767,1,268435456
gemma12_3840x4096,4,3840,4096,zg0,4,16,128,64,4,256,120,0,40,27.200001,26.431999,28.128000,1156.517647,1,268435456
gemma12_3840x4096,4,3840,4096,zg0,8,16,128,64,4,256,240,0,40,27.680000,26.912001,28.704000,1136.462428,1,268435456
gemma12_3840x4096,4,3840,4096,zg0,16,16,128,64,4,256,480,0,40,28.528000,27.584000,29.247999,1102.680875,1,268435456
gemma12_3840x4096,4,3840,4096,cublasLt,0,0,0,0,0,0,0,1,40,27.167999,26.176001,28.864000,1157.879859,0,268435456
gemma12_3840x4096,4,3840,4096,scalar,0,0,0,0,0,256,132,1,40,37.872002,37.439999,38.784000,830.621039,1,268435456
gemma12_3840x4096,4,3840,4096,zg0,1,16,128,64,4,256,30,1,40,53.295998,52.256001,53.952000,590.237209,1,268435456
gemma12_3840x4096,4,3840,4096,zg0,2,16,128,64,4,256,60,1,40,33.071999,31.904001,33.632000,951.175617,1,268435456
gemma12_3840x4096,4,3840,4096,zg0,4,16,128,64,4,256,120,1,40,26.896000,25.952000,27.519999,1169.589530,1,268435456
gemma12_3840x4096,4,3840,4096,zg0,8,16,128,64,4,256,240,1,40,27.744001,26.303999,28.448000,1133.840751,1,268435456
gemma12_3840x4096,4,3840,4096,zg0,16,16,128,64,4,256,480,1,40,29.152000,28.576000,30.463999,1079.077936,1,268435456
gemma12_3840x4096,8,3840,4096,cublasLt,0,0,0,0,0,0,0,0,40,27.264000,26.591999,28.160000,1153.802817,0,268435456
gemma12_3840x4096,8,3840,4096,scalar,0,0,0,0,0,256,132,0,40,46.911999,46.560001,47.520000,670.559345,1,268435456
gemma12_3840x4096,8,3840,4096,zg0,1,16,128,64,4,256,30,0,40,53.984001,53.632000,55.231998,582.714878,1,268435456
gemma12_3840x4096,8,3840,4096,zg0,2,16,128,64,4,256,60,0,40,33.344002,32.928001,34.144001,943.416507,1,268435456
gemma12_3840x4096,8,3840,4096,zg0,4,16,128,64,4,256,120,0,40,27.264000,25.952000,28.416000,1153.802817,1,268435456
gemma12_3840x4096,8,3840,4096,zg0,8,16,128,64,4,256,240,0,40,27.967999,27.360001,29.120001,1124.759804,1,268435456
gemma12_3840x4096,8,3840,4096,zg0,16,16,128,64,4,256,480,0,40,29.007999,28.288000,29.696001,1084.434639,1,268435456
gemma12_3840x4096,8,3840,4096,cublasLt,0,0,0,0,0,0,0,1,40,27.152000,26.272001,28.128000,1158.562169,0,268435456
gemma12_3840x4096,8,3840,4096,scalar,0,0,0,0,0,256,132,1,40,46.848000,46.368000,47.424000,671.475410,1,268435456
gemma12_3840x4096,8,3840,4096,zg0,1,16,128,64,4,256,30,1,40,53.391998,52.832001,54.175999,589.175907,1,268435456
gemma12_3840x4096,8,3840,4096,zg0,2,16,128,64,4,256,60,1,40,33.199997,32.799999,33.824001,947.508545,1,268435456
gemma12_3840x4096,8,3840,4096,zg0,4,16,128,64,4,256,120,1,40,27.119999,26.528000,28.224001,1159.929287,1,268435456
gemma12_3840x4096,8,3840,4096,zg0,8,16,128,64,4,256,240,1,40,27.952000,27.296000,29.312000,1125.403549,1,268435456
gemma12_3840x4096,8,3840,4096,zg0,16,16,128,64,4,256,480,1,40,29.807999,29.120001,30.880001,1055.330182,1,268435456
gemma12_3840x4096,16,3840,4096,cublasLt,0,0,0,0,0,0,0,0,40,27.456001,26.879999,28.511999,1145.734184,0,268435456
gemma12_3840x4096,16,3840,4096,scalar,0,0,0,0,0,256,132,0,40,75.808006,75.232002,76.351997,414.959856,2,268435456
gemma12_3840x4096,16,3840,4096,zg0,1,16,128,64,4,256,30,0,40,54.671997,54.271999,56.288002,575.381955,1,268435456
gemma12_3840x4096,16,3840,4096,zg0,2,16,128,64,4,256,60,0,40,33.968002,33.375999,34.944000,926.085621,1,268435456
gemma12_3840x4096,16,3840,4096,zg0,4,16,128,64,4,256,120,0,40,27.807999,26.976000,28.608000,1131.231380,1,268435456
gemma12_3840x4096,16,3840,4096,zg0,8,16,128,64,4,256,240,0,40,28.848000,28.000000,29.664000,1090.449251,1,268435456
gemma12_3840x4096,16,3840,4096,zg0,16,16,128,64,4,256,480,0,40,31.408001,30.592001,32.063999,1001.569027,1,268435456
gemma12_3840x4096,16,3840,4096,cublasLt,0,0,0,0,0,0,0,1,40,27.408001,27.104000,28.255999,1147.740806,0,268435456
gemma12_3840x4096,16,3840,4096,scalar,0,0,0,0,0,256,132,1,40,75.584000,75.264000,76.384003,416.189670,2,268435456
gemma12_3840x4096,16,3840,4096,zg0,1,16,128,64,4,256,30,1,40,54.015999,52.992001,54.528000,582.369668,1,268435456
gemma12_3840x4096,16,3840,4096,zg0,2,16,128,64,4,256,60,1,40,33.888000,32.864002,34.368000,928.271955,1,268435456
gemma12_3840x4096,16,3840,4096,zg0,4,16,128,64,4,256,120,1,40,27.823999,27.008001,28.639999,1130.580794,1,268435456
gemma12_3840x4096,16,3840,4096,zg0,8,16,128,64,4,256,240,1,40,29.184000,27.903999,29.632000,1077.894737,1,268435456
gemma12_3840x4096,16,3840,4096,zg0,16,16,128,64,4,256,480,1,40,32.208000,31.520002,32.960003,976.691505,1,268435456
gemma12_3840x4096,32,3840,4096,cublasLt,0,0,0,0,0,0,0,0,40,27.903999,26.912001,28.864000,1127.339450,0,268435456
gemma12_3840x4096,32,3840,4096,scalar,0,0,0,0,0,256,132,0,40,131.600006,131.040009,132.192001,239.037082,4,268435456
gemma12_3840x4096,32,3840,4096,zg0,1,32,64,64,4,128,60,0,40,52.720001,51.040001,53.920002,596.685888,1,268435456
gemma12_3840x4096,32,3840,4096,zg0,2,32,64,64,4,128,120,0,40,35.456001,34.240002,36.063999,887.220217,1,268435456
gemma12_3840x4096,32,3840,4096,zg0,4,32,64,64,4,128,240,0,40,31.184000,29.727999,31.712000,1008.763468,1,268435456
gemma12_3840x4096,32,3840,4096,zg0,8,32,64,64,4,128,480,0,40,32.528000,31.872000,33.023998,967.083128,1,268435456
gemma12_3840x4096,32,3840,4096,zg0,16,32,64,64,4,128,528,0,40,39.024002,37.888000,39.967999,806.100780,1,268435456
gemma12_3840x4096,32,3840,4096,cublasLt,0,0,0,0,0,0,0,1,40,27.807999,27.200001,28.608000,1131.231380,0,268435456
gemma12_3840x4096,32,3840,4096,scalar,0,0,0,0,0,256,132,1,40,131.791992,131.199997,132.479996,238.688843,4,268435456
gemma12_3840x4096,32,3840,4096,zg0,1,32,64,64,4,128,60,1,40,51.936001,50.751999,52.320000,605.693161,1,268435456
gemma12_3840x4096,32,3840,4096,zg0,2,32,64,64,4,128,120,1,40,34.959999,34.079998,35.904003,899.807780,1,268435456
gemma12_3840x4096,32,3840,4096,zg0,4,32,64,64,4,128,240,1,40,31.184000,30.240000,31.968000,1008.763468,1,268435456
gemma12_3840x4096,32,3840,4096,zg0,8,32,64,64,4,128,480,1,40,32.607998,31.712000,33.152000,964.710558,1,268435456
gemma12_3840x4096,32,3840,4096,zg0,16,32,64,64,4,128,528,1,40,39.664001,38.240002,41.568001,793.093990,1,268435456
gemma12_15360x3840,4,15360,3840,cublasLt,0,0,0,0,0,0,0,0,40,60.352001,59.167999,61.184002,1954.612937,0,268435456
gemma12_15360x3840,4,15360,3840,scalar,0,0,0,0,0,256,132,0,40,91.615997,90.720001,92.160004,1287.600419,1,268435456
gemma12_15360x3840,4,15360,3840,zg0,1,16,128,64,4,256,120,0,40,66.287994,65.375999,68.223999,1779.580224,1,268435456
gemma12_15360x3840,4,15360,3840,zg0,2,16,128,64,4,256,240,0,40,64.255997,63.327999,65.664001,1835.856685,1,268435456
gemma12_15360x3840,4,15360,3840,zg0,4,16,128,64,4,256,480,0,40,64.080002,63.199997,64.863998,1840.898876,1,268435456
gemma12_15360x3840,4,15360,3840,zg0,8,16,128,64,4,256,528,0,40,63.968002,62.495998,65.024002,1844.121948,1,268435456
gemma12_15360x3840,4,15360,3840,zg0,16,16,128,64,4,256,528,0,40,64.239998,63.040005,65.344002,1836.313935,1,268435456
gemma12_15360x3840,4,15360,3840,cublasLt,0,0,0,0,0,0,0,1,40,60.384003,59.392002,62.240002,1953.576980,0,268435456
gemma12_15360x3840,4,15360,3840,scalar,0,0,0,0,0,256,132,1,40,91.232002,90.559998,92.160004,1293.019993,1,268435456
gemma12_15360x3840,4,15360,3840,zg0,1,16,128,64,4,256,120,1,40,65.360001,64.575996,67.039993,1804.847001,1,268435456
gemma12_15360x3840,4,15360,3840,zg0,2,16,128,64,4,256,240,1,40,63.903999,63.104004,64.863998,1845.968953,1,268435456
gemma12_15360x3840,4,15360,3840,zg0,4,16,128,64,4,256,480,1,40,63.888000,62.688000,64.992004,1846.431255,1,268435456
gemma12_15360x3840,4,15360,3840,zg0,8,16,128,64,4,256,528,1,40,64.271996,63.327999,65.984001,1835.399663,1,268435456
gemma12_15360x3840,4,15360,3840,zg0,16,16,128,64,4,256,528,1,40,65.072006,63.936001,66.431999,1812.834796,1,268435456
gemma12_15360x3840,8,15360,3840,cublasLt,0,0,0,0,0,0,0,0,40,61.760002,60.384003,63.743999,1910.051693,0,268435456
gemma12_15360x3840,8,15360,3840,scalar,0,0,0,0,0,256,132,0,40,124.672005,124.096001,125.471992,946.201173,1,268435456
gemma12_15360x3840,8,15360,3840,zg0,1,16,128,64,4,256,120,0,40,67.375999,66.400002,68.832001,1750.843030,1,268435456
gemma12_15360x3840,8,15360,3840,zg0,2,16,128,64,4,256,240,0,40,66.000000,64.447998,68.480003,1787.345455,1,268435456
gemma12_15360x3840,8,15360,3840,zg0,4,16,128,64,4,256,480,0,40,65.695999,64.191994,67.327995,1795.616171,1,268435456
gemma12_15360x3840,8,15360,3840,zg0,8,16,128,64,4,256,528,0,40,65.231995,64.320000,66.112000,1808.388629,1,268435456
gemma12_15360x3840,8,15360,3840,zg0,16,16,128,64,4,256,528,0,40,66.496002,64.704002,67.456001,1774.013474,1,268435456
gemma12_15360x3840,8,15360,3840,cublasLt,0,0,0,0,0,0,0,1,40,61.599998,59.967999,63.487999,1915.012987,0,268435456
gemma12_15360x3840,8,15360,3840,scalar,0,0,0,0,0,256,132,1,40,124.767998,124.063995,125.343994,945.473198,1,268435456
gemma12_15360x3840,8,15360,3840,zg0,1,16,128,64,4,256,120,1,40,67.103996,65.407997,69.279999,1757.939914,1,268435456
gemma12_15360x3840,8,15360,3840,zg0,2,16,128,64,4,256,240,1,40,65.680000,64.767998,67.423996,1796.053593,1,268435456
gemma12_15360x3840,8,15360,3840,zg0,4,16,128,64,4,256,480,1,40,65.664001,64.608002,67.360001,1796.491228,1,268435456
gemma12_15360x3840,8,15360,3840,zg0,8,16,128,64,4,256,528,1,40,65.904007,64.863998,67.519997,1789.948805,1,268435456
gemma12_15360x3840,8,15360,3840,zg0,16,16,128,64,4,256,528,1,40,67.119995,66.175995,68.800003,1757.521063,1,268435456
gemma12_15360x3840,16,15360,3840,cublasLt,0,0,0,0,0,0,0,0,40,62.736000,60.223999,65.760002,1880.336649,0,268435456
gemma12_15360x3840,16,15360,3840,scalar,0,0,0,0,0,256,132,0,40,232.208008,231.391998,234.239990,508.013505,2,268435456
gemma12_15360x3840,16,15360,3840,zg0,1,16,128,64,4,256,120,0,40,69.552002,67.776001,71.967995,1696.066253,1,268435456
gemma12_15360x3840,16,15360,3840,zg0,2,16,128,64,4,256,240,0,40,66.079994,64.928001,67.872002,1785.181809,1,268435456
gemma12_15360x3840,16,15360,3840,zg0,4,16,128,64,4,256,480,0,40,66.624001,65.248001,69.087997,1770.605187,1,268435456
gemma12_15360x3840,16,15360,3840,zg0,8,16,128,64,4,256,528,0,40,66.095993,64.960007,67.680000,1784.749666,1,268435456
gemma12_15360x3840,16,15360,3840,zg0,16,16,128,64,4,256,528,0,40,72.656006,70.720001,74.848007,1623.606960,1,268435456
gemma12_15360x3840,16,15360,3840,cublasLt,0,0,0,0,0,0,0,1,40,63.120003,60.607998,66.208000,1868.897223,0,268435456
gemma12_15360x3840,16,15360,3840,scalar,0,0,0,0,0,256,132,1,40,231.968002,231.007996,234.080002,508.539109,2,268435456
gemma12_15360x3840,16,15360,3840,zg0,1,16,128,64,4,256,120,1,40,68.352005,66.304001,70.720001,1725.842499,1,268435456
gemma12_15360x3840,16,15360,3840,zg0,2,16,128,64,4,256,240,1,40,66.255997,64.255997,67.648003,1780.439507,1,268435456
gemma12_15360x3840,16,15360,3840,zg0,4,16,128,64,4,256,480,1,40,66.416000,65.311996,68.384003,1776.150325,1,268435456
gemma12_15360x3840,16,15360,3840,zg0,8,16,128,64,4,256,528,1,40,66.624001,64.896004,68.480003,1770.605187,1,268435456
gemma12_15360x3840,16,15360,3840,zg0,16,16,128,64,4,256,528,1,40,73.264000,71.808006,74.911995,1610.133217,1,268435456
gemma12_15360x3840,32,15360,3840,cublasLt,0,0,0,0,0,0,0,0,40,60.912003,59.776001,65.728004,1936.642902,0,268435456
gemma12_15360x3840,32,15360,3840,scalar,0,0,0,0,0,256,132,0,40,451.488007,448.864014,454.399994,261.280034,4,268435456
gemma12_15360x3840,32,15360,3840,zg0,1,32,64,64,4,128,240,0,40,76.496002,74.944000,78.496002,1542.104162,1,268435456
gemma12_15360x3840,32,15360,3840,zg0,2,32,64,64,4,128,480,0,40,72.192001,70.943993,73.311996,1634.042553,1,268435456
gemma12_15360x3840,32,15360,3840,zg0,4,32,64,64,4,128,528,0,40,75.136002,73.279999,77.183998,1570.017036,1,268435456
gemma12_15360x3840,32,15360,3840,zg0,8,32,64,64,4,128,528,0,40,77.263992,75.680000,80.512001,1526.775884,1,268435456
gemma12_15360x3840,32,15360,3840,zg0,16,32,64,64,4,128,528,0,40,88.591995,87.328003,89.440002,1331.551499,1,268435456
gemma12_15360x3840,32,15360,3840,cublasLt,0,0,0,0,0,0,0,1,40,60.336002,59.264000,61.919998,1955.131138,0,268435456
gemma12_15360x3840,32,15360,3840,scalar,0,0,0,0,0,256,132,1,40,450.447998,448.352020,452.895996,261.883281,4,268435456
gemma12_15360x3840,32,15360,3840,zg0,1,32,64,64,4,128,240,1,40,75.199997,73.664001,77.760002,1568.680851,1,268435456
gemma12_15360x3840,32,15360,3840,zg0,2,32,64,64,4,128,480,1,40,71.744003,70.943993,73.503998,1644.246209,1,268435456
gemma12_15360x3840,32,15360,3840,zg0,4,32,64,64,4,128,528,1,40,75.408005,74.175995,76.863998,1564.353753,1,268435456
gemma12_15360x3840,32,15360,3840,zg0,8,32,64,64,4,128,528,1,40,77.776001,75.424004,79.935997,1516.724954,1,268435456
gemma12_15360x3840,32,15360,3840,zg0,16,32,64,64,4,128,528,1,40,89.472000,87.584000,91.136002,1318.454936,1,268435456
gemma12_3840x15360,4,3840,15360,cublasLt,0,0,0,0,0,0,0,0,40,62.080002,61.056000,64.223999,1900.206186,0,268435456
gemma12_3840x15360,4,3840,15360,scalar,0,0,0,0,0,256,132,0,40,149.664001,147.871994,151.040009,788.197563,1,268435456
gemma12_3840x15360,4,3840,15360,zg0,1,16,128,64,4,256,30,0,40,172.367996,171.807999,173.600006,684.377611,1,268435456
gemma12_3840x15360,4,3840,15360,zg0,2,16,128,64,4,256,60,0,40,92.736000,91.968002,94.208000,1272.049689,1,268435456
gemma12_3840x15360,4,3840,15360,zg0,4,16,128,64,4,256,120,0,40,65.087997,63.647999,67.487999,1812.389489,1,268435456
gemma12_3840x15360,4,3840,15360,zg0,8,16,128,64,4,256,240,0,40,65.456001,63.712002,66.528000,1802.199951,1,268435456
gemma12_3840x15360,4,3840,15360,zg0,16,16,128,64,4,256,480,0,40,64.127998,62.976002,65.375999,1839.520958,1,268435456
gemma12_3840x15360,4,3840,15360,cublasLt,0,0,0,0,0,0,0,1,40,61.872002,60.703999,64.704002,1906.594259,0,268435456
gemma12_3840x15360,4,3840,15360,scalar,0,0,0,0,0,256,132,1,40,149.552002,148.384003,150.879990,788.787846,1,268435456
gemma12_3840x15360,4,3840,15360,zg0,1,16,128,64,4,256,30,1,40,171.552002,170.559998,173.024002,687.632904,1,268435456
gemma12_3840x15360,4,3840,15360,zg0,2,16,128,64,4,256,60,1,40,92.384003,91.551994,93.503998,1276.896432,1,268435456
gemma12_3840x15360,4,3840,15360,zg0,4,16,128,64,4,256,120,1,40,65.087997,64.032005,68.000000,1812.389489,1,268435456
gemma12_3840x15360,4,3840,15360,zg0,8,16,128,64,4,256,240,1,40,65.344002,64.223999,67.487999,1805.288932,1,268435456
gemma12_3840x15360,4,3840,15360,zg0,16,16,128,64,4,256,480,1,40,64.783997,63.551998,66.079994,1820.894158,1,268435456
gemma12_3840x15360,8,3840,15360,cublasLt,0,0,0,0,0,0,0,0,40,62.192001,60.992001,64.095993,1896.784152,0,268435456
gemma12_3840x15360,8,3840,15360,scalar,0,0,0,0,0,256,132,0,40,210.223999,208.800003,212.639999,561.138595,1,268435456
gemma12_3840x15360,8,3840,15360,zg0,1,16,128,64,4,256,30,0,40,172.639999,172.192001,173.951996,683.299351,1,268435456
gemma12_3840x15360,8,3840,15360,zg0,2,16,128,64,4,256,60,0,40,93.007996,92.288002,94.080002,1268.329713,1,268435456
gemma12_3840x15360,8,3840,15360,zg0,4,16,128,64,4,256,120,0,40,65.615997,64.287994,67.199997,1797.805413,1,268435456
gemma12_3840x15360,8,3840,15360,zg0,8,16,128,64,4,256,240,0,40,65.328003,64.064003,67.008003,1805.730972,1,268435456
gemma12_3840x15360,8,3840,15360,zg0,16,16,128,64,4,256,480,0,40,65.311996,63.520000,67.231995,1806.173552,1,268435456
gemma12_3840x15360,8,3840,15360,cublasLt,0,0,0,0,0,0,0,1,40,62.143997,61.344002,63.263996,1898.249347,0,268435456
gemma12_3840x15360,8,3840,15360,scalar,0,0,0,0,0,256,132,1,40,210.367996,209.056000,211.487991,560.754487,1,268435456
gemma12_3840x15360,8,3840,15360,zg0,1,16,128,64,4,256,30,1,40,171.968002,171.488007,173.087997,685.969483,1,268435456
gemma12_3840x15360,8,3840,15360,zg0,2,16,128,64,4,256,60,1,40,92.623993,91.968002,93.856003,1273.587946,1,268435456
gemma12_3840x15360,8,3840,15360,zg0,4,16,128,64,4,256,120,1,40,65.472000,64.639999,67.680000,1801.759531,1,268435456
gemma12_3840x15360,8,3840,15360,zg0,8,16,128,64,4,256,240,1,40,66.159996,64.032005,67.008003,1783.023185,1,268435456
gemma12_3840x15360,8,3840,15360,zg0,16,16,128,64,4,256,480,1,40,65.760002,64.608002,67.071999,1793.868613,1,268435456
gemma12_3840x15360,16,3840,15360,cublasLt,0,0,0,0,0,0,0,0,40,61.792000,60.992001,64.736000,1909.062662,0,268435456
gemma12_3840x15360,16,3840,15360,scalar,0,0,0,0,0,256,132,0,40,390.751984,388.063995,394.272003,301.891761,2,268435456
gemma12_3840x15360,16,3840,15360,zg0,1,16,128,64,4,256,30,0,40,173.903992,173.375992,175.136002,678.332934,1,268435456
gemma12_3840x15360,16,3840,15360,zg0,2,16,128,64,4,256,60,0,40,93.759995,92.863998,94.848000,1258.157101,1,268435456
gemma12_3840x15360,16,3840,15360,zg0,4,16,128,64,4,256,120,0,40,66.512001,65.248001,68.288002,1773.586721,1,268435456
gemma12_3840x15360,16,3840,15360,zg0,8,16,128,64,4,256,240,0,40,66.192001,65.024002,68.416000,1782.160986,1,268435456
gemma12_3840x15360,16,3840,15360,zg0,16,16,128,64,4,256,480,0,40,66.592003,65.344002,68.512001,1771.456031,1,268435456
gemma12_3840x15360,16,3840,15360,cublasLt,0,0,0,0,0,0,0,1,40,62.272003,61.184002,64.064003,1894.347260,0,268435456
gemma12_3840x15360,16,3840,15360,scalar,0,0,0,0,0,256,132,1,40,391.231995,388.447998,392.928009,301.521348,2,268435456
gemma12_3840x15360,16,3840,15360,zg0,1,16,128,64,4,256,30,1,40,173.152008,172.192001,174.335999,681.278815,1,268435456
gemma12_3840x15360,16,3840,15360,zg0,2,16,128,64,4,256,60,1,40,93.360001,92.352005,95.167999,1263.547558,1,268435456
gemma12_3840x15360,16,3840,15360,zg0,4,16,128,64,4,256,120,1,40,66.624001,65.375999,68.543999,1770.605187,1,268435456
gemma12_3840x15360,16,3840,15360,zg0,8,16,128,64,4,256,240,1,40,66.207993,65.215996,68.031998,1781.730515,1,268435456
gemma12_3840x15360,16,3840,15360,zg0,16,16,128,64,4,256,480,1,40,67.056000,66.463997,68.543999,1759.198282,1,268435456
gemma12_3840x15360,32,3840,15360,cublasLt,0,0,0,0,0,0,0,0,40,62.976006,61.856003,65.888000,1873.170616,0,268435456
gemma12_3840x15360,32,3840,15360,scalar,0,0,0,0,0,256,132,0,40,763.151978,757.216003,767.744019,154.575759,4,268435456
gemma12_3840x15360,32,3840,15360,zg0,1,32,64,64,4,128,60,0,40,161.936005,161.056000,163.423996,728.465567,1,268435456
gemma12_3840x15360,32,3840,15360,zg0,2,32,64,64,4,128,120,0,40,89.839996,88.544006,90.848000,1313.054319,1,268435456
gemma12_3840x15360,32,3840,15360,zg0,4,32,64,64,4,128,240,0,40,71.311996,69.728004,72.832001,1654.206866,1,268435456
gemma12_3840x15360,32,3840,15360,zg0,8,32,64,64,4,128,480,0,40,70.047997,68.608002,71.295998,1684.056647,1,268435456
gemma12_3840x15360,32,3840,15360,zg0,16,32,64,64,4,128,528,0,40,74.512009,72.672005,75.808006,1583.164962,1,268435456
gemma12_3840x15360,32,3840,15360,cublasLt,0,0,0,0,0,0,0,1,40,63.199997,62.208000,65.536003,1866.531761,0,268435456
gemma12_3840x15360,32,3840,15360,scalar,0,0,0,0,0,256,132,1,40,761.760010,757.247986,766.335999,154.858223,4,268435456
gemma12_3840x15360,32,3840,15360,zg0,1,32,64,64,4,128,60,1,40,161.119995,160.416000,162.367996,732.154916,1,268435456
gemma12_3840x15360,32,3840,15360,zg0,2,32,64,64,4,128,120,1,40,89.248001,88.384003,90.879997,1321.764073,1,268435456
gemma12_3840x15360,32,3840,15360,zg0,4,32,64,64,4,128,240,1,40,71.167999,70.015999,73.119995,1657.553957,1,268435456
gemma12_3840x15360,32,3840,15360,zg0,8,32,64,64,4,128,480,1,40,70.304001,69.311996,71.520004,1677.924442,1,268435456
gemma12_3840x15360,32,3840,15360,zg0,16,32,64,64,4,128,528,1,40,74.896004,73.568001,76.288002,1575.048067,1,268435456
gemma12_8192x3840,4,8192,3840,cublasLt,0,0,0,0,0,0,0,0,40,40.512001,39.584000,41.919998,1552.985782,0,268435456
gemma12_8192x3840,4,8192,3840,scalar,0,0,0,0,0,256,132,0,40,59.056000,58.144001,60.127998,1065.337307,1,268435456
gemma12_8192x3840,4,8192,3840,zg0,1,16,128,64,4,256,64,0,40,54.048000,52.607998,54.848000,1164.049734,1,268435456
gemma12_8192x3840,4,8192,3840,zg0,2,16,128,64,4,256,128,0,40,43.648003,42.368000,44.480000,1441.407496,1,268435456
gemma12_8192x3840,4,8192,3840,zg0,4,16,128,64,4,256,256,0,40,43.423996,42.752003,44.512001,1448.843166,1,268435456
gemma12_8192x3840,4,8192,3840,zg0,8,16,128,64,4,256,512,0,40,43.312000,42.048000,44.480000,1452.589583,1,268435456
gemma12_8192x3840,4,8192,3840,zg0,16,16,128,64,4,256,528,0,40,45.104004,44.063999,45.855999,1394.877495,1,268435456
gemma12_8192x3840,4,8192,3840,cublasLt,0,0,0,0,0,0,0,1,40,39.935997,39.328003,41.984001,1575.384769,0,268435456
gemma12_8192x3840,4,8192,3840,scalar,0,0,0,0,0,256,132,1,40,58.832001,58.079998,59.616001,1069.393527,1,268435456
gemma12_8192x3840,4,8192,3840,zg0,1,16,128,64,4,256,64,1,40,53.199997,52.544003,53.792000,1182.604598,1,268435456
gemma12_8192x3840,4,8192,3840,zg0,2,16,128,64,4,256,128,1,40,43.104000,41.695999,44.576000,1459.599109,1,268435456
gemma12_8192x3840,4,8192,3840,zg0,4,16,128,64,4,256,256,1,40,43.680000,42.784000,44.416000,1440.351648,1,268435456
gemma12_8192x3840,4,8192,3840,zg0,8,16,128,64,4,256,512,1,40,43.455997,42.591999,44.383999,1447.776272,1,268435456
gemma12_8192x3840,4,8192,3840,zg0,16,16,128,64,4,256,528,1,40,45.552002,44.896000,46.656002,1381.159115,1,268435456
gemma12_8192x3840,8,8192,3840,cublasLt,0,0,0,0,0,0,0,0,40,40.160000,39.328003,40.927998,1566.597610,0,268435456
gemma12_8192x3840,8,8192,3840,scalar,0,0,0,0,0,256,132,0,40,73.935997,73.375999,74.496002,850.932699,1,268435456
gemma12_8192x3840,8,8192,3840,zg0,1,16,128,64,4,256,64,0,40,53.279999,52.576000,54.239998,1180.828829,1,268435456
gemma12_8192x3840,8,8192,3840,zg0,2,16,128,64,4,256,128,0,40,42.704002,41.760002,43.807999,1473.270753,1,268435456
gemma12_8192x3840,8,8192,3840,zg0,4,16,128,64,4,256,256,0,40,42.431999,41.952000,43.424000,1482.714932,1,268435456
gemma12_8192x3840,8,8192,3840,zg0,8,16,128,64,4,256,512,0,40,43.264000,42.399998,44.672001,1454.201183,1,268435456
gemma12_8192x3840,8,8192,3840,zg0,16,16,128,64,4,256,528,0,40,43.935997,43.327999,44.992001,1431.959341,1,268435456
gemma12_8192x3840,8,8192,3840,cublasLt,0,0,0,0,0,0,0,1,40,39.680000,39.136002,41.919998,1585.548387,0,268435456
gemma12_8192x3840,8,8192,3840,scalar,0,0,0,0,0,256,132,1,40,74.000000,73.599998,74.911995,850.196757,1,268435456
gemma12_8192x3840,8,8192,3840,zg0,1,16,128,64,4,256,64,1,40,52.624001,52.096001,53.472000,1195.548799,1,268435456
gemma12_8192x3840,8,8192,3840,zg0,2,16,128,64,4,256,128,1,40,42.416000,41.407997,43.167999,1483.274236,1,268435456
gemma12_8192x3840,8,8192,3840,zg0,4,16,128,64,4,256,256,1,40,42.591999,41.824001,43.648003,1477.145004,1,268435456
gemma12_8192x3840,8,8192,3840,zg0,8,16,128,64,4,256,512,1,40,43.312000,42.591999,44.351997,1452.589583,1,268435456
gemma12_8192x3840,8,8192,3840,zg0,16,16,128,64,4,256,528,1,40,44.704002,44.032001,45.728001,1407.358503,1,268435456
gemma12_8192x3840,16,8192,3840,cublasLt,0,0,0,0,0,0,0,0,40,40.832001,39.200001,42.975998,1540.815047,0,268435456
gemma12_8192x3840,16,8192,3840,scalar,0,0,0,0,0,256,132,0,40,131.744003,130.912003,133.248001,477.551615,2,268435456
gemma12_8192x3840,16,8192,3840,zg0,1,16,128,64,4,256,64,0,40,54.528000,53.759998,55.647999,1153.802817,1,268435456
gemma12_8192x3840,16,8192,3840,zg0,2,16,128,64,4,256,128,0,40,43.407997,42.624001,44.767998,1449.377204,1,268435456
gemma12_8192x3840,16,8192,3840,zg0,4,16,128,64,4,256,256,0,40,43.696003,42.944000,45.216003,1439.824111,1,268435456
gemma12_8192x3840,16,8192,3840,zg0,8,16,128,64,4,256,512,0,40,44.335999,43.071999,45.248001,1419.040058,1,268435456
gemma12_8192x3840,16,8192,3840,zg0,16,16,128,64,4,256,528,0,40,46.543999,45.632000,47.552002,1351.722241,1,268435456
gemma12_8192x3840,16,8192,3840,cublasLt,0,0,0,0,0,0,0,1,40,40.639999,39.296001,41.824001,1548.094488,0,268435456
gemma12_8192x3840,16,8192,3840,scalar,0,0,0,0,0,256,132,1,40,131.248001,130.751999,131.904007,479.356333,2,268435456
gemma12_8192x3840,16,8192,3840,zg0,1,16,128,64,4,256,64,1,40,53.759998,53.056000,54.880001,1170.285714,1,268435456
gemma12_8192x3840,16,8192,3840,zg0,2,16,128,64,4,256,128,1,40,43.216003,42.176003,44.063999,1455.816233,1,268435456
gemma12_8192x3840,16,8192,3840,zg0,4,16,128,64,4,256,256,1,40,44.015999,43.071999,45.088001,1429.356598,1,268435456
gemma12_8192x3840,16,8192,3840,zg0,8,16,128,64,4,256,512,1,40,44.431999,43.359997,45.759998,1415.974073,1,268435456
gemma12_8192x3840,16,8192,3840,zg0,16,16,128,64,4,256,528,1,40,47.088001,46.591999,48.640003,1336.106014,1,268435456
gemma12_8192x3840,32,8192,3840,cublasLt,0,0,0,0,0,0,0,0,40,40.800003,39.712002,41.984001,1542.023382,0,268435456
gemma12_8192x3840,32,8192,3840,scalar,0,0,0,0,0,256,132,0,40,247.744003,247.104004,249.216003,253.949884,4,268435456
gemma12_8192x3840,32,8192,3840,zg0,1,32,64,64,4,128,128,0,40,54.992004,54.175999,56.160000,1144.067419,1,268435456
gemma12_8192x3840,32,8192,3840,zg0,2,32,64,64,4,128,256,0,40,47.343998,46.528000,48.256001,1328.881488,1,268435456
gemma12_8192x3840,32,8192,3840,zg0,4,32,64,64,4,128,512,0,40,46.959999,46.239998,48.512001,1339.747871,1,268435456
gemma12_8192x3840,32,8192,3840,zg0,8,32,64,64,4,128,528,0,40,50.335999,49.343998,51.456001,1249.891926,1,268435456
gemma12_8192x3840,32,8192,3840,zg0,16,32,64,64,4,128,528,0,40,57.872002,56.576000,59.616001,1087.132983,1,268435456
gemma12_8192x3840,32,8192,3840,cublasLt,0,0,0,0,0,0,0,1,40,40.736000,39.647999,41.760002,1544.446190,0,268435456
gemma12_8192x3840,32,8192,3840,scalar,0,0,0,0,0,256,132,1,40,247.567993,246.335999,248.735992,254.130421,4,268435456
gemma12_8192x3840,32,8192,3840,zg0,1,32,64,64,4,128,128,1,40,53.968002,53.312000,55.135998,1165.775190,1,268435456
gemma12_8192x3840,32,8192,3840,zg0,2,32,64,64,4,128,256,1,40,46.928001,46.303997,48.896000,1340.661439,1,268435456
gemma12_8192x3840,32,8192,3840,zg0,4,32,64,64,4,128,512,1,40,47.200001,46.112000,48.096001,1332.935593,1,268435456
gemma12_8192x3840,32,8192,3840,zg0,8,32,64,64,4,128,528,1,40,50.528000,49.439999,51.360001,1245.142495,1,268435456
gemma12_8192x3840,32,8192,3840,zg0,16,32,64,64,4,128,528,1,40,58.240002,57.312000,59.872002,1080.263736,1,268435456
gemma12_512x3840,4,512,3840,cublasLt,0,0,0,0,0,0,0,0,40,17.424000,16.704000,18.624001,225.674931,0,268435456
gemma12_512x3840,4,512,3840,scalar,0,0,0,0,0,256,132,0,40,16.416000,15.904000,17.247999,239.532164,1,268435456
gemma12_512x3840,4,512,3840,zg0,1,16,128,64,4,256,4,0,40,51.087997,50.496002,52.096001,76.968374,1,268435456
gemma12_512x3840,4,512,3840,zg0,2,16,128,64,4,256,8,0,40,30.591999,29.856001,32.063999,128.535565,1,268435456
gemma12_512x3840,4,512,3840,zg0,4,16,128,64,4,256,16,0,40,20.304001,19.424002,21.407999,193.664303,1,268435456
gemma12_512x3840,4,512,3840,zg0,8,16,128,64,4,256,32,0,40,15.568001,15.168000,16.896000,252.579635,1,268435456
gemma12_512x3840,4,512,3840,zg0,16,16,128,64,4,256,64,0,40,14.032000,13.568000,15.296000,280.228050,1,268435456
gemma12_512x3840,4,512,3840,cublasLt,0,0,0,0,0,0,0,1,40,17.279999,16.672001,19.392000,227.555581,0,268435456
gemma12_512x3840,4,512,3840,scalar,0,0,0,0,0,256,132,1,40,16.416000,15.904000,16.992001,239.532164,1,268435456
gemma12_512x3840,4,512,3840,zg0,1,16,128,64,4,256,4,1,40,50.304001,49.312000,51.680000,78.167939,1,268435456
gemma12_512x3840,4,512,3840,zg0,2,16,128,64,4,256,8,1,40,30.496000,29.504000,32.032001,128.940189,1,268435456
gemma12_512x3840,4,512,3840,zg0,4,16,128,64,4,256,16,1,40,20.431999,19.424002,21.664000,192.451057,1,268435456
gemma12_512x3840,4,512,3840,zg0,8,16,128,64,4,256,32,1,40,16.015999,15.231999,17.375999,245.514500,1,268435456
gemma12_512x3840,4,512,3840,zg0,16,16,128,64,4,256,64,1,40,14.608000,14.016000,15.904000,269.178532,1,268435456
gemma12_512x3840,8,512,3840,cublasLt,0,0,0,0,0,0,0,0,40,18.368000,17.184000,20.480000,214.076655,0,268435456
gemma12_512x3840,8,512,3840,scalar,0,0,0,0,0,256,132,0,40,16.959999,16.576000,17.504000,231.849057,1,268435456
gemma12_512x3840,8,512,3840,zg0,1,16,128,64,4,256,4,0,40,51.344002,50.592003,52.639999,76.584606,1,268435456
gemma12_512x3840,8,512,3840,zg0,2,16,128,64,4,256,8,0,40,30.688000,30.048000,31.808001,128.133472,1,268435456
gemma12_512x3840,8,512,3840,zg0,4,16,128,64,4,256,16,0,40,20.368000,19.967999,22.304001,193.055774,1,268435456
gemma12_512x3840,8,512,3840,zg0,8,16,128,64,4,256,32,0,40,15.680000,14.592000,16.896000,250.775510,1,268435456
gemma12_512x3840,8,512,3840,zg0,16,16,128,64,4,256,64,0,40,13.792000,12.768001,14.816000,285.104408,1,268435456
gemma12_512x3840,8,512,3840,cublasLt,0,0,0,0,0,0,0,1,40,17.360001,16.480001,18.559999,226.506912,0,268435456
gemma12_512x3840,8,512,3840,scalar,0,0,0,0,0,256,132,1,40,16.927999,16.639999,17.440001,232.287335,1,268435456
gemma12_512x3840,8,512,3840,zg0,1,16,128,64,4,256,4,1,40,50.512001,50.144001,51.968002,77.846056,1,268435456
gemma12_512x3840,8,512,3840,zg0,2,16,128,64,4,256,8,1,40,30.352001,29.279999,31.583998,129.551916,1,268435456
gemma12_512x3840,8,512,3840,zg0,4,16,128,64,4,256,16,1,40,20.336000,19.231998,21.376001,193.359559,1,268435456
gemma12_512x3840,8,512,3840,zg0,8,16,128,64,4,256,32,1,40,16.000000,15.231999,17.504000,245.760000,1,268435456
gemma12_512x3840,8,512,3840,zg0,16,16,128,64,4,256,64,1,40,14.576000,13.920000,16.063999,269.769484,1,268435456
gemma12_512x3840,16,512,3840,cublasLt,0,0,0,0,0,0,0,0,40,17.327999,16.799999,19.264000,226.925208,0,268435456
gemma12_512x3840,16,512,3840,scalar,0,0,0,0,0,256,132,0,40,27.952000,27.456001,28.704000,140.675444,2,268435456
gemma12_512x3840,16,512,3840,zg0,1,16,128,64,4,256,4,0,40,51.776001,51.295998,52.863998,75.945612,1,268435456
gemma12_512x3840,16,512,3840,zg0,2,16,128,64,4,256,8,0,40,30.896000,30.336000,31.904001,127.270844,1,268435456
gemma12_512x3840,16,512,3840,zg0,4,16,128,64,4,256,16,0,40,20.816000,20.320000,22.208000,188.900846,1,268435456
gemma12_512x3840,16,512,3840,zg0,8,16,128,64,4,256,32,0,40,16.112000,15.648000,17.440001,244.051639,1,268435456
gemma12_512x3840,16,512,3840,zg0,16,16,128,64,4,256,64,0,40,14.352001,13.535999,15.552000,273.979914,1,268435456
gemma12_512x3840,16,512,3840,cublasLt,0,0,0,0,0,0,0,1,40,17.504000,16.927999,18.751999,224.643510,0,268435456
gemma12_512x3840,16,512,3840,scalar,0,0,0,0,0,256,132,1,40,27.695999,27.424000,28.255999,141.975737,2,268435456
gemma12_512x3840,16,512,3840,zg0,1,16,128,64,4,256,4,1,40,51.024002,50.400002,52.256001,77.064905,1,268435456
gemma12_512x3840,16,512,3840,zg0,2,16,128,64,4,256,8,1,40,30.719999,30.336000,32.032001,128.000000,1,268435456
gemma12_512x3840,16,512,3840,zg0,4,16,128,64,4,256,16,1,40,20.703999,20.160000,21.856001,189.922738,1,268435456
gemma12_512x3840,16,512,3840,zg0,8,16,128,64,4,256,32,1,40,16.143999,15.424000,18.048000,243.567904,1,268435456
gemma12_512x3840,16,512,3840,zg0,16,16,128,64,4,256,64,1,40,14.896000,14.368000,16.000000,263.974221,1,268435456
gemma12_512x3840,32,512,3840,cublasLt,0,0,0,0,0,0,0,0,40,17.711998,16.992001,18.912001,222.005445,0,268435456
gemma12_512x3840,32,512,3840,scalar,0,0,0,0,0,256,132,0,40,50.112000,49.695999,51.295998,78.467433,4,268435456
gemma12_512x3840,32,512,3840,zg0,1,32,64,64,4,128,8,0,40,48.751999,48.256001,49.823997,80.656383,1,268435456
gemma12_512x3840,32,512,3840,zg0,2,32,64,64,4,128,16,0,40,29.647999,29.087999,30.688002,132.628179,1,268435456
gemma12_512x3840,32,512,3840,zg0,4,32,64,64,4,128,32,0,40,20.271999,19.168001,21.568001,193.970008,1,268435456
gemma12_512x3840,32,512,3840,zg0,8,32,64,64,4,128,64,0,40,15.696001,15.136000,16.960001,250.519862,1,268435456
gemma12_512x3840,32,512,3840,zg0,16,32,64,64,4,128,128,0,40,14.480000,14.208000,15.839999,271.558011,1,268435456
gemma12_512x3840,32,512,3840,cublasLt,0,0,0,0,0,0,0,1,40,17.360001,16.704000,18.495998,226.506912,0,268435456
gemma12_512x3840,32,512,3840,scalar,0,0,0,0,0,256,132,1,40,50.128002,49.727997,50.655998,78.442381,4,268435456
gemma12_512x3840,32,512,3840,zg0,1,32,64,64,4,128,8,1,40,47.936001,47.520000,49.216000,82.029372,1,268435456
gemma12_512x3840,32,512,3840,zg0,2,32,64,64,4,128,16,1,40,29.200001,28.224001,30.176001,134.663014,1,268435456
gemma12_512x3840,32,512,3840,zg0,4,32,64,64,4,128,32,1,40,19.792000,18.848000,21.152000,198.674212,1,268435456
gemma12_512x3840,32,512,3840,zg0,8,32,64,64,4,128,64,1,40,16.112000,15.231999,17.087999,244.051639,1,268435456
gemma12_512x3840,32,512,3840,zg0,16,32,64,64,4,128,128,1,40,15.216000,14.848001,16.384001,258.422713,1,268435456
gemma12_3840x8192,4,3840,8192,cublasLt,0,0,0,0,0,0,0,0,40,42.048000,41.312000,44.543999,1496.255708,0,268435456
gemma12_3840x8192,4,3840,8192,scalar,0,0,0,0,0,256,132,0,40,66.768005,66.112000,68.351997,942.286015,1,268435456
gemma12_3840x8192,4,3840,8192,zg0,1,16,128,64,4,256,30,0,40,97.088005,96.639999,98.528000,648.015769,1,268435456
gemma12_3840x8192,4,3840,8192,zg0,2,16,128,64,4,256,60,0,40,54.688000,54.143997,56.127998,1150.427150,1,268435456
gemma12_3840x8192,4,3840,8192,zg0,4,16,128,64,4,256,120,0,40,42.896000,42.015999,44.320000,1466.676613,1,268435456
gemma12_3840x8192,4,3840,8192,zg0,8,16,128,64,4,256,240,0,40,41.824001,41.023998,43.232002,1504.269319,1,268435456
gemma12_3840x8192,4,3840,8192,zg0,16,16,128,64,4,256,480,0,40,42.608002,41.632000,44.096001,1476.590312,1,268435456
gemma12_3840x8192,4,3840,8192,cublasLt,0,0,0,0,0,0,0,1,40,41.776001,40.992001,43.424000,1505.997702,0,268435456
gemma12_3840x8192,4,3840,8192,scalar,0,0,0,0,0,256,132,1,40,67.071991,66.175995,67.840004,938.015376,1,268435456
gemma12_3840x8192,4,3840,8192,zg0,1,16,128,64,4,256,30,1,40,96.383995,95.968002,97.375999,652.749057,1,268435456
gemma12_3840x8192,4,3840,8192,zg0,2,16,128,64,4,256,60,1,40,54.624001,54.143997,55.807999,1151.775044,1,268435456
gemma12_3840x8192,4,3840,8192,zg0,4,16,128,64,4,256,120,1,40,42.911999,41.952000,44.063999,1466.129754,1,268435456
gemma12_3840x8192,4,3840,8192,zg0,8,16,128,64,4,256,240,1,40,41.936001,40.768002,43.232002,1500.251812,1,268435456
gemma12_3840x8192,4,3840,8192,zg0,16,16,128,64,4,256,480,1,40,43.552002,42.688000,44.512001,1444.584864,1,268435456
gemma12_3840x8192,8,3840,8192,cublasLt,0,0,0,0,0,0,0,0,40,41.984001,41.343998,43.136002,1498.536585,0,268435456
gemma12_3840x8192,8,3840,8192,scalar,0,0,0,0,0,256,132,0,40,88.959999,88.096001,89.823997,707.223022,1,268435456
gemma12_3840x8192,8,3840,8192,zg0,1,16,128,64,4,256,30,0,40,97.296005,96.704002,98.463997,646.630436,1,268435456
gemma12_3840x8192,8,3840,8192,zg0,2,16,128,64,4,256,60,0,40,54.912003,54.208000,55.840000,1145.734184,1,268435456
gemma12_3840x8192,8,3840,8192,zg0,4,16,128,64,4,256,120,0,40,42.959999,41.888000,44.224003,1464.491620,1,268435456
gemma12_3840x8192,8,3840,8192,zg0,8,16,128,64,4,256,240,0,40,42.240002,41.407997,43.136002,1489.454545,1,268435456
gemma12_3840x8192,8,3840,8192,zg0,16,16,128,64,4,256,480,0,40,43.183998,42.208000,44.608002,1456.895146,1,268435456
gemma12_3840x8192,8,3840,8192,cublasLt,0,0,0,0,0,0,0,1,40,42.736000,41.599998,45.023998,1472.167727,0,268435456
gemma12_3840x8192,8,3840,8192,scalar,0,0,0,0,0,256,132,1,40,89.040001,87.776001,90.176003,706.587601,1,268435456
gemma12_3840x8192,8,3840,8192,zg0,1,16,128,64,4,256,30,1,40,96.671997,96.160004,97.631996,650.804369,1,268435456
gemma12_3840x8192,8,3840,8192,zg0,2,16,128,64,4,256,60,1,40,54.672001,54.175999,56.063999,1150.763828,1,268435456
gemma12_3840x8192,8,3840,8192,zg0,4,16,128,64,4,256,120,1,40,43.104000,42.048000,44.927998,1459.599109,1,268435456
gemma12_3840x8192,8,3840,8192,zg0,8,16,128,64,4,256,240,1,40,42.495998,41.280003,43.871998,1480.481928,1,268435456
gemma12_3840x8192,8,3840,8192,zg0,16,16,128,64,4,256,480,1,40,43.824001,42.944000,45.248001,1435.618839,1,268435456
gemma12_3840x8192,16,3840,8192,cublasLt,0,0,0,0,0,0,0,0,40,42.944000,41.695999,44.351997,1465.037258,0,268435456
gemma12_3840x8192,16,3840,8192,scalar,0,0,0,0,0,256,132,0,40,156.143997,154.464005,157.823990,402.926529,2,268435456
gemma12_3840x8192,16,3840,8192,zg0,1,16,128,64,4,256,30,0,40,98.160004,97.503998,99.423996,640.938875,1,268435456
gemma12_3840x8192,16,3840,8192,zg0,2,16,128,64,4,256,60,0,40,55.520000,54.751999,56.511997,1133.187320,1,268435456
gemma12_3840x8192,16,3840,8192,zg0,4,16,128,64,4,256,120,0,40,43.152000,42.335999,44.767998,1457.975528,1,268435456
gemma12_3840x8192,16,3840,8192,zg0,8,16,128,64,4,256,240,0,40,43.200001,42.335999,44.160000,1456.355556,1,268435456
gemma12_3840x8192,16,3840,8192,zg0,16,16,128,64,4,256,480,0,40,44.367996,43.680000,45.919998,1418.016713,1,268435456
gemma12_3840x8192,16,3840,8192,cublasLt,0,0,0,0,0,0,0,1,40,42.112000,41.343998,43.552002,1493.981763,0,268435456
gemma12_3840x8192,16,3840,8192,scalar,0,0,0,0,0,256,132,1,40,156.751999,154.815994,158.464005,401.363683,2,268435456
gemma12_3840x8192,16,3840,8192,zg0,1,16,128,64,4,256,30,1,40,97.439995,96.383995,98.495995,645.674929,1,268435456
gemma12_3840x8192,16,3840,8192,zg0,2,16,128,64,4,256,60,1,40,55.136002,54.559998,56.352001,1141.079512,1,268435456
gemma12_3840x8192,16,3840,8192,zg0,4,16,128,64,4,256,120,1,40,43.664001,42.752003,45.023998,1440.879443,1,268435456
gemma12_3840x8192,16,3840,8192,zg0,8,16,128,64,4,256,240,1,40,43.216003,42.272003,44.416000,1455.816233,1,268435456
gemma12_3840x8192,16,3840,8192,zg0,16,16,128,64,4,256,480,1,40,45.056000,44.192001,46.208000,1396.363636,1,268435456
gemma12_3840x8192,32,3840,8192,cublasLt,0,0,0,0,0,0,0,0,40,45.167999,43.007999,47.616001,1392.901169,0,268435456
gemma12_3840x8192,32,3840,8192,scalar,0,0,0,0,0,256,132,0,40,292.640015,290.592010,295.455994,214.989612,4,268435456
gemma12_3840x8192,32,3840,8192,zg0,1,32,64,64,4,128,60,0,40,92.240005,91.456001,93.856003,682.074530,1,268435456
gemma12_3840x8192,32,3840,8192,zg0,2,32,64,64,4,128,120,0,40,54.400002,53.472000,55.776001,1156.517647,1,268435456
gemma12_3840x8192,32,3840,8192,zg0,4,32,64,64,4,128,240,0,40,45.487999,44.672001,47.391998,1383.102357,1,268435456
gemma12_3840x8192,32,3840,8192,zg0,8,32,64,64,4,128,480,0,40,46.160004,45.248001,47.871998,1362.966956,1,268435456
gemma12_3840x8192,32,3840,8192,zg0,16,32,64,64,4,128,528,0,40,50.447998,49.663998,51.743999,1247.117031,1,268435456
gemma12_3840x8192,32,3840,8192,cublasLt,0,0,0,0,0,0,0,1,40,43.680000,42.848000,45.696003,1440.351648,0,268435456
gemma12_3840x8192,32,3840,8192,scalar,0,0,0,0,0,256,132,1,40,291.296021,289.920013,293.984009,215.981521,4,268435456
gemma12_3840x8192,32,3840,8192,zg0,1,32,64,64,4,128,60,1,40,91.120003,90.272003,92.192001,690.458297,1,268435456
gemma12_3840x8192,32,3840,8192,zg0,2,32,64,64,4,128,120,1,40,54.143997,53.183998,54.880001,1161.985899,1,268435456
gemma12_3840x8192,32,3840,8192,zg0,4,32,64,64,4,128,240,1,40,45.520000,44.672001,46.784000,1382.130053,1,268435456
gemma12_3840x8192,32,3840,8192,zg0,8,32,64,64,4,128,480,1,40,46.127998,45.439999,47.136002,1363.912591,1,268435456
gemma12_3840x8192,32,3840,8192,zg0,16,32,64,64,4,128,528,1,40,51.008003,49.984001,52.416000,1233.425251,1,268435456
gemma12_262144x3840,4,262144,3840,cublasLt,0,0,0,0,0,0,0,0,40,663.088013,660.511963,667.487976,3036.197186,0,268435456
gemma12_262144x3840,4,262144,3840,scalar,0,0,0,0,0,256,132,0,40,1153.167969,1150.303955,1155.455933,1745.856562,1,268435456
gemma12_262144x3840,4,262144,3840,zg0,1,16,128,64,4,256,528,0,40,736.976013,733.695984,742.112000,2731.793057,1,268435456
gemma12_262144x3840,4,262144,3840,zg0,2,16,128,64,4,256,528,0,40,732.319946,728.768005,736.544006,2749.161694,1,268435456
gemma12_262144x3840,4,262144,3840,zg0,4,16,128,64,4,256,528,0,40,725.280029,720.799988,729.440002,2775.846459,1,268435456
gemma12_262144x3840,4,262144,3840,zg0,8,16,128,64,4,256,528,0,40,743.007935,740.703979,748.992004,2709.615629,1,268435456
gemma12_262144x3840,4,262144,3840,zg0,16,16,128,64,4,256,528,0,40,739.664001,733.632019,744.000000,2721.865496,1,268435456
gemma12_262144x3840,4,262144,3840,cublasLt,0,0,0,0,0,0,0,1,40,660.160034,658.591980,664.608032,3049.663308,0,268435456
gemma12_262144x3840,4,262144,3840,scalar,0,0,0,0,0,256,132,1,40,1152.607910,1150.143921,1155.392090,1746.704984,1,268435456
gemma12_262144x3840,4,262144,3840,zg0,1,16,128,64,4,256,528,1,40,734.528015,730.719971,738.272034,2740.897447,1,268435456
gemma12_262144x3840,4,262144,3840,zg0,2,16,128,64,4,256,528,1,40,731.888000,728.351990,734.271973,2750.784164,1,268435456
gemma12_262144x3840,4,262144,3840,zg0,4,16,128,64,4,256,528,1,40,723.903992,720.607971,730.656006,2781.122801,1,268435456
gemma12_262144x3840,4,262144,3840,zg0,8,16,128,64,4,256,528,1,40,744.479980,740.223999,749.375977,2704.257898,1,268435456
gemma12_262144x3840,4,262144,3840,zg0,16,16,128,64,4,256,528,1,40,736.015991,733.216003,743.776001,2735.356188,1,268435456
gemma12_262144x3840,8,262144,3840,cublasLt,0,0,0,0,0,0,0,0,40,662.543945,660.096008,664.768005,3038.690426,0,268435456
gemma12_262144x3840,8,262144,3840,scalar,0,0,0,0,0,256,132,0,40,1786.912109,1783.839966,1789.823975,1126.673154,1,268435456
gemma12_262144x3840,8,262144,3840,zg0,1,16,128,64,4,256,528,0,40,749.312012,745.375977,752.704041,2686.819269,1,268435456
gemma12_262144x3840,8,262144,3840,zg0,2,16,128,64,4,256,528,0,40,747.199951,744.607971,751.807983,2694.413930,1,268435456
gemma12_262144x3840,8,262144,3840,zg0,4,16,128,64,4,256,528,0,40,744.463989,740.703979,748.000000,2704.316018,1,268435456
gemma12_262144x3840,8,262144,3840,zg0,8,16,128,64,4,256,528,0,40,770.255981,765.567993,776.063965,2613.762074,1,268435456
gemma12_262144x3840,8,262144,3840,zg0,16,16,128,64,4,256,528,0,40,765.791992,759.168030,771.328003,2628.998370,1,268435456
gemma12_262144x3840,8,262144,3840,cublasLt,0,0,0,0,0,0,0,1,40,662.288025,660.831970,663.903992,3039.864711,0,268435456
gemma12_262144x3840,8,262144,3840,scalar,0,0,0,0,0,256,132,1,40,1785.359985,1783.040039,1790.208008,1127.652641,1,268435456
gemma12_262144x3840,8,262144,3840,zg0,1,16,128,64,4,256,528,1,40,748.992004,745.343994,752.704041,2687.967188,1,268435456
gemma12_262144x3840,8,262144,3840,zg0,2,16,128,64,4,256,528,1,40,746.831970,743.744019,751.232056,2695.741372,1,268435456
gemma12_262144x3840,8,262144,3840,zg0,4,16,128,64,4,256,528,1,40,745.008057,742.048035,747.968018,2702.341117,1,268435456
gemma12_262144x3840,8,262144,3840,zg0,8,16,128,64,4,256,528,1,40,772.176025,766.559998,777.504028,2607.263007,1,268435456
gemma12_262144x3840,8,262144,3840,zg0,16,16,128,64,4,256,528,1,40,766.127991,761.600037,773.151978,2627.845373,1,268435456
gemma12_262144x3840,16,262144,3840,cublasLt,0,0,0,0,0,0,0,0,40,670.208008,668.703979,672.608032,3003.941940,0,268435456
gemma12_262144x3840,16,262144,3840,scalar,0,0,0,0,0,256,132,0,40,3600.111816,3588.864014,3617.568115,559.223174,2,268435456
gemma12_262144x3840,16,262144,3840,zg0,1,16,128,64,4,256,528,0,40,775.247986,772.512024,780.447998,2596.931459,1,268435456
gemma12_262144x3840,16,262144,3840,zg0,2,16,128,64,4,256,528,0,40,774.927979,770.943970,780.160034,2598.003840,1,268435456
gemma12_262144x3840,16,262144,3840,zg0,4,16,128,64,4,256,528,0,40,776.671997,772.159973,782.656006,2592.170080,1,268435456
gemma12_262144x3840,16,262144,3840,zg0,8,16,128,64,4,256,528,0,40,817.648010,813.312012,824.000000,2462.264838,1,268435456
gemma12_262144x3840,16,262144,3840,zg0,16,16,128,64,4,256,528,0,40,852.848022,845.312012,859.776001,2360.638613,1,268435456
gemma12_262144x3840,16,262144,3840,cublasLt,0,0,0,0,0,0,0,1,40,670.335999,668.895996,671.583984,3003.368341,0,268435456
gemma12_262144x3840,16,262144,3840,scalar,0,0,0,0,0,256,132,1,40,3593.344238,3582.079834,3611.424072,560.276383,2,268435456
gemma12_262144x3840,16,262144,3840,zg0,1,16,128,64,4,256,528,1,40,774.463989,771.583984,779.807983,2599.560367,1,268435456
gemma12_262144x3840,16,262144,3840,zg0,2,16,128,64,4,256,528,1,40,774.080017,771.359985,777.984009,2600.849938,1,268435456
gemma12_262144x3840,16,262144,3840,zg0,4,16,128,64,4,256,528,1,40,777.151978,772.992004,781.888000,2590.569052,1,268435456
gemma12_262144x3840,16,262144,3840,zg0,8,16,128,64,4,256,528,1,40,818.400024,813.247986,825.119995,2460.002346,1,268435456
gemma12_262144x3840,16,262144,3840,zg0,16,16,128,64,4,256,528,1,40,851.648010,845.664001,856.383972,2363.964831,1,268435456
gemma12_262144x3840,32,262144,3840,cublasLt,0,0,0,0,0,0,0,0,40,682.703979,681.247986,685.216003,2948.958729,0,268435456
gemma12_262144x3840,32,262144,3840,scalar,0,0,0,0,0,256,132,0,40,7185.679688,7161.280273,7246.271973,280.177528,4,268435456
gemma12_262144x3840,32,262144,3840,zg0,1,32,64,64,4,128,528,0,40,876.640015,871.104004,888.223999,2296.570907,1,268435456
gemma12_262144x3840,32,262144,3840,zg0,2,32,64,64,4,128,528,0,40,866.063965,861.248047,871.456055,2324.615808,1,268435456
gemma12_262144x3840,32,262144,3840,zg0,4,32,64,64,4,128,528,0,40,902.671997,899.231995,908.128052,2230.340500,1,268435456
gemma12_262144x3840,32,262144,3840,zg0,8,32,64,64,4,128,528,0,40,993.823975,988.255981,999.679993,2025.777119,1,268435456
gemma12_262144x3840,32,262144,3840,zg0,16,32,64,64,4,128,528,0,40,1157.904053,1150.271973,1165.920044,1738.715748,1,268435456
gemma12_262144x3840,32,262144,3840,cublasLt,0,0,0,0,0,0,0,1,40,683.920044,681.407959,687.264038,2943.715253,0,268435456
gemma12_262144x3840,32,262144,3840,scalar,0,0,0,0,0,256,132,1,40,7192.847656,7165.760254,7220.320312,279.898318,4,268435456
gemma12_262144x3840,32,262144,3840,zg0,1,32,64,64,4,128,528,1,40,874.784058,868.096008,882.272034,2301.443300,1,268435456
gemma12_262144x3840,32,262144,3840,zg0,2,32,64,64,4,128,528,1,40,863.968018,859.583984,870.176025,2330.255195,1,268435456
gemma12_262144x3840,32,262144,3840,zg0,4,32,64,64,4,128,528,1,40,902.864014,895.903992,908.864014,2229.866204,1,268435456
gemma12_262144x3840,32,262144,3840,zg0,8,32,64,64,4,128,528,1,40,994.223999,985.279968,1003.072021,2024.962101,1,268435456
gemma12_262144x3840,32,262144,3840,zg0,16,32,64,64,4,128,528,1,40,1158.592041,1149.888062,1165.536011,1737.683257,1,268435456
gemma31_8192x5376,4,8192,5376,cublasLt,0,0,0,0,0,0,0,0,40,52.848000,51.680000,56.000000,1666.673933,0,268435456
gemma31_8192x5376,4,8192,5376,scalar,0,0,0,0,0,256,132,0,40,78.272003,77.600006,79.360001,1125.311529,1,268435456
gemma31_8192x5376,4,8192,5376,zg0,1,16,128,64,4,256,64,0,40,69.391998,68.832001,70.175995,1269.316117,1,268435456
gemma31_8192x5376,4,8192,5376,zg0,2,16,128,64,4,256,128,0,40,53.199997,52.256001,54.335999,1655.646437,1,268435456
gemma31_8192x5376,4,8192,5376,zg0,4,16,128,64,4,256,256,0,40,52.896000,52.000000,54.079998,1665.161525,1,268435456
gemma31_8192x5376,4,8192,5376,zg0,8,16,128,64,4,256,512,0,40,52.671997,51.584003,53.568001,1672.243137,1,268435456
gemma31_8192x5376,4,8192,5376,zg0,16,16,128,64,4,256,528,0,40,52.512001,51.424000,53.920002,1677.338208,1,268435456
gemma31_8192x5376,4,8192,5376,cublasLt,0,0,0,0,0,0,0,1,40,53.872002,52.096001,55.840000,1634.993763,0,268435456
gemma31_8192x5376,4,8192,5376,scalar,0,0,0,0,0,256,132,1,40,78.688004,77.503998,79.775993,1119.362342,1,268435456
gemma31_8192x5376,4,8192,5376,zg0,1,16,128,64,4,256,64,1,40,68.944000,68.192001,69.824005,1277.564168,1,268435456
gemma31_8192x5376,4,8192,5376,zg0,2,16,128,64,4,256,128,1,40,52.703999,51.936001,54.368000,1671.227687,1,268435456
gemma31_8192x5376,4,8192,5376,zg0,4,16,128,64,4,256,256,1,40,52.991997,52.256001,54.112000,1662.145050,1,268435456
gemma31_8192x5376,4,8192,5376,zg0,8,16,128,64,4,256,512,1,40,52.736000,51.968002,53.888000,1670.213592,1,268435456
gemma31_8192x5376,4,8192,5376,zg0,16,16,128,64,4,256,528,1,40,53.520004,52.223999,55.327999,1645.746965,1,268435456
gemma31_8192x5376,8,8192,5376,cublasLt,0,0,0,0,0,0,0,0,40,50.911999,49.792000,52.832001,1730.051540,0,268435456
gemma31_8192x5376,8,8192,5376,scalar,0,0,0,0,0,256,132,0,40,102.768005,101.792000,104.383995,857.079804,1,268435456
gemma31_8192x5376,8,8192,5376,zg0,1,16,128,64,4,256,64,0,40,69.936005,69.248001,71.328003,1259.442550,1,268435456
gemma31_8192x5376,8,8192,5376,zg0,2,16,128,64,4,256,128,0,40,53.040001,51.456001,54.239998,1660.640724,1,268435456
gemma31_8192x5376,8,8192,5376,zg0,4,16,128,64,4,256,256,0,40,53.264000,52.096001,54.304001,1653.656954,1,268435456
gemma31_8192x5376,8,8192,5376,zg0,8,16,128,64,4,256,512,0,40,53.008003,52.191998,54.688000,1661.643101,1,268435456
gemma31_8192x5376,8,8192,5376,zg0,16,16,128,64,4,256,528,0,40,53.391998,52.352001,54.400002,1649.692538,1,268435456
gemma31_8192x5376,8,8192,5376,cublasLt,0,0,0,0,0,0,0,1,40,51.199997,49.920002,54.368000,1720.320131,0,268435456
gemma31_8192x5376,8,8192,5376,scalar,0,0,0,0,0,256,132,1,40,103.008003,101.664001,104.543999,855.082945,1,268435456
gemma31_8192x5376,8,8192,5376,zg0,1,16,128,64,4,256,64,1,40,69.360001,68.288002,70.816002,1269.901730,1,268435456
gemma31_8192x5376,8,8192,5376,zg0,2,16,128,64,4,256,128,1,40,52.975998,52.352001,54.335999,1662.647057,1,268435456
gemma31_8192x5376,8,8192,5376,zg0,4,16,128,64,4,256,256,1,40,53.152000,52.480000,54.688000,1657.141481,1,268435456
gemma31_8192x5376,8,8192,5376,zg0,8,16,128,64,4,256,512,1,40,53.391998,52.160000,54.944000,1649.692538,1,268435456
gemma31_8192x5376,8,8192,5376,zg0,16,16,128,64,4,256,528,1,40,54.175999,52.959999,55.584000,1625.819256,1,268435456
gemma31_8192x5376,16,8192,5376,cublasLt,0,0,0,0,0,0,0,0,40,53.919998,50.464001,63.072002,1633.538279,0,268435456
gemma31_8192x5376,16,8192,5376,scalar,0,0,0,0,0,256,132,0,40,190.975983,188.608002,196.672012,461.211834,2,268435456
gemma31_8192x5376,16,8192,5376,zg0,1,16,128,64,4,256,64,0,40,71.968002,70.720001,80.223999,1223.882614,1,268435456
gemma31_8192x5376,16,8192,5376,zg0,2,16,128,64,4,256,128,0,40,54.751999,53.408001,61.824001,1608.715371,1,268435456
gemma31_8192x5376,16,8192,5376,zg0,4,16,128,64,4,256,256,0,40,54.559998,53.824001,63.520000,1614.376655,1,268435456
gemma31_8192x5376,16,8192,5376,zg0,8,16,128,64,4,256,512,0,40,56.015999,53.440002,63.712002,1572.414739,1,268435456
gemma31_8192x5376,16,8192,5376,zg0,16,16,128,64,4,256,528,0,40,56.496002,55.008003,64.928001,1559.055117,1,268435456
gemma31_8192x5376,16,8192,5376,cublasLt,0,0,0,0,0,0,0,1,40,52.688004,50.464001,55.680000,1671.735072,0,268435456
gemma31_8192x5376,16,8192,5376,scalar,0,0,0,0,0,256,132,1,40,190.223999,188.576004,193.823990,463.035074,2,268435456
gemma31_8192x5376,16,8192,5376,zg0,1,16,128,64,4,256,64,1,40,70.479996,69.695999,72.063995,1249.721818,1,268435456
gemma31_8192x5376,16,8192,5376,zg0,2,16,128,64,4,256,128,1,40,53.792000,52.896000,56.063999,1637.425342,1,268435456
gemma31_8192x5376,16,8192,5376,zg0,4,16,128,64,4,256,256,1,40,54.559998,53.279999,57.408001,1614.376655,1,268435456
gemma31_8192x5376,16,8192,5376,zg0,8,16,128,64,4,256,512,1,40,54.720001,54.016003,56.672001,1609.656140,1,268435456
gemma31_8192x5376,16,8192,5376,zg0,16,16,128,64,4,256,528,1,40,56.688000,55.711998,57.792000,1553.774767,1,268435456
gemma31_8192x5376,32,8192,5376,cublasLt,0,0,0,0,0,0,0,0,40,52.608002,50.528000,59.840000,1674.277372,0,268435456
gemma31_8192x5376,32,8192,5376,scalar,0,0,0,0,0,256,132,0,40,362.687988,358.976013,366.432007,242.854420,4,268435456
gemma31_8192x5376,32,8192,5376,zg0,1,32,64,64,4,128,128,0,40,70.543999,69.568001,73.119995,1248.587888,1,268435456
gemma31_8192x5376,32,8192,5376,zg0,2,32,64,64,4,128,256,0,40,60.063999,58.240002,65.599998,1466.442195,1,268435456
gemma31_8192x5376,32,8192,5376,zg0,4,32,64,64,4,128,512,0,40,59.167999,58.048000,65.792000,1488.648999,1,268435456
gemma31_8192x5376,32,8192,5376,zg0,8,32,64,64,4,128,528,0,40,62.320000,60.543999,67.744003,1413.356611,1,268435456
gemma31_8192x5376,32,8192,5376,zg0,16,32,64,64,4,128,528,0,40,66.175995,64.223999,70.047997,1331.002091,1,268435456
gemma31_8192x5376,32,8192,5376,cublasLt,0,0,0,0,0,0,0,1,40,50.480003,49.663998,51.776001,1744.856917,0,268435456
gemma31_8192x5376,32,8192,5376,scalar,0,0,0,0,0,256,132,1,40,361.200012,358.655975,365.215973,243.854884,4,268435456
gemma31_8192x5376,32,8192,5376,zg0,1,32,64,64,4,128,128,1,40,69.407997,68.608002,70.143997,1269.023513,1,268435456
gemma31_8192x5376,32,8192,5376,zg0,2,32,64,64,4,128,256,1,40,58.575996,57.599998,60.352001,1503.694173,1,268435456
gemma31_8192x5376,32,8192,5376,zg0,4,32,64,64,4,128,512,1,40,58.495998,57.503998,59.808002,1505.750547,1,268435456
gemma31_8192x5376,32,8192,5376,zg0,8,32,64,64,4,128,528,1,40,61.568001,60.607998,63.551998,1430.619543,1,268435456
gemma31_8192x5376,32,8192,5376,zg0,16,32,64,64,4,128,528,1,40,66.463997,64.736000,68.512001,1325.234473,1,268435456
gemma31_4096x5376,4,4096,5376,cublasLt,0,0,0,0,0,0,0,0,40,34.832001,33.472000,35.840000,1264.360129,0,268435456
gemma31_4096x5376,4,4096,5376,scalar,0,0,0,0,0,256,132,0,40,51.344002,50.496002,52.160000,857.747585,1,268435456
gemma31_4096x5376,4,4096,5376,zg0,1,16,128,64,4,256,32,0,40,67.839996,67.231995,69.279999,649.177358,1,268435456
gemma31_4096x5376,4,4096,5376,zg0,2,16,128,64,4,256,64,0,40,40.496002,39.808002,41.632000,1087.519453,1,268435456
gemma31_4096x5376,4,4096,5376,zg0,4,16,128,64,4,256,128,0,40,33.824001,33.087997,34.912003,1302.039735,1,268435456
gemma31_4096x5376,4,4096,5376,zg0,8,16,128,64,4,256,256,0,40,33.615997,32.383999,35.519997,1310.096297,1,268435456
gemma31_4096x5376,4,4096,5376,zg0,16,16,128,64,4,256,512,0,40,34.607998,34.112000,36.031998,1272.543833,1,268435456
gemma31_4096x5376,4,4096,5376,cublasLt,0,0,0,0,0,0,0,1,40,34.800003,33.824001,35.616001,1265.522617,0,268435456
gemma31_4096x5376,4,4096,5376,scalar,0,0,0,0,0,256,132,1,40,51.279999,50.464001,52.639999,858.818097,1,268435456
gemma31_4096x5376,4,4096,5376,zg0,1,16,128,64,4,256,32,1,40,66.895996,66.079994,67.903999,658.338197,1,268435456
gemma31_4096x5376,4,4096,5376,zg0,2,16,128,64,4,256,64,1,40,40.351997,39.808002,41.472000,1091.400581,1,268435456
gemma31_4096x5376,4,4096,5376,zg0,4,16,128,64,4,256,128,1,40,33.952000,33.087997,35.039997,1297.131008,1,268435456
gemma31_4096x5376,4,4096,5376,zg0,8,16,128,64,4,256,256,1,40,34.175999,33.023998,35.135998,1288.629213,1,268435456
gemma31_4096x5376,4,4096,5376,zg0,16,16,128,64,4,256,512,1,40,35.840004,34.848000,36.832001,1228.799866,1,268435456
gemma31_4096x5376,8,4096,5376,cublasLt,0,0,0,0,0,0,0,0,40,34.928001,34.175999,35.647999,1260.885021,0,268435456
gemma31_4096x5376,8,4096,5376,scalar,0,0,0,0,0,256,132,0,40,61.599998,60.672001,62.880001,714.938182,1,268435456
gemma31_4096x5376,8,4096,5376,zg0,1,16,128,64,4,256,32,0,40,67.856003,67.327995,69.119995,649.024287,1,268435456
gemma31_4096x5376,8,4096,5376,zg0,2,16,128,64,4,256,64,0,40,40.672001,40.096001,41.599998,1082.813533,1,268435456
gemma31_4096x5376,8,4096,5376,zg0,4,16,128,64,4,256,128,0,40,33.968002,33.152000,35.584000,1296.519870,1,268435456
gemma31_4096x5376,8,4096,5376,zg0,8,16,128,64,4,256,256,0,40,34.143997,33.216000,35.071999,1289.837074,1,268435456
gemma31_4096x5376,8,4096,5376,zg0,16,16,128,64,4,256,512,0,40,35.231998,34.432003,36.736000,1250.005450,1,268435456
gemma31_4096x5376,8,4096,5376,cublasLt,0,0,0,0,0,0,0,1,40,34.944000,33.472000,36.223999,1260.307692,0,268435456
gemma31_4096x5376,8,4096,5376,scalar,0,0,0,0,0,256,132,1,40,61.776001,60.511997,62.688000,712.901321,1,268435456
gemma31_4096x5376,8,4096,5376,zg0,1,16,128,64,4,256,32,1,40,67.071999,65.984001,68.223999,656.610687,1,268435456
gemma31_4096x5376,8,4096,5376,zg0,2,16,128,64,4,256,64,1,40,40.447998,39.328003,41.503998,1088.810127,1,268435456
gemma31_4096x5376,8,4096,5376,zg0,4,16,128,64,4,256,128,1,40,34.031998,33.119999,35.264000,1294.081954,1,268435456
gemma31_4096x5376,8,4096,5376,zg0,8,16,128,64,4,256,256,1,40,34.320000,33.408001,35.519997,1283.222378,1,268435456
gemma31_4096x5376,8,4096,5376,zg0,16,16,128,64,4,256,512,1,40,36.272003,35.456001,37.312000,1214.164845,1,268435456
gemma31_4096x5376,16,4096,5376,cublasLt,0,0,0,0,0,0,0,0,40,35.440002,34.591999,36.223999,1242.668938,0,268435456
gemma31_4096x5376,16,4096,5376,scalar,0,0,0,0,0,256,132,0,40,109.344002,108.191994,110.655998,402.767340,2,268435456
gemma31_4096x5376,16,4096,5376,zg0,1,16,128,64,4,256,32,0,40,68.671997,68.127998,69.728004,641.312209,1,268435456
gemma31_4096x5376,16,4096,5376,zg0,2,16,128,64,4,256,64,0,40,41.167999,40.127998,42.560001,1069.767586,1,268435456
gemma31_4096x5376,16,4096,5376,zg0,4,16,128,64,4,256,128,0,40,34.591999,33.695999,36.288002,1273.132285,1,268435456
gemma31_4096x5376,16,4096,5376,zg0,8,16,128,64,4,256,256,0,40,34.703999,34.079998,35.776001,1269.023513,1,268435456
gemma31_4096x5376,16,4096,5376,zg0,16,16,128,64,4,256,512,0,40,36.624001,35.872002,38.015999,1202.495413,1,268435456
gemma31_4096x5376,16,4096,5376,cublasLt,0,0,0,0,0,0,0,1,40,35.200001,34.624001,35.808002,1251.141818,0,268435456
gemma31_4096x5376,16,4096,5376,scalar,0,0,0,0,0,256,132,1,40,109.520004,108.223999,110.463997,402.120059,2,268435456
gemma31_4096x5376,16,4096,5376,zg0,1,16,128,64,4,256,32,1,40,67.776001,66.784004,69.056000,649.790368,1,268435456
gemma31_4096x5376,16,4096,5376,zg0,2,16,128,64,4,256,64,1,40,41.024002,40.383999,41.855999,1073.522519,1,268435456
gemma31_4096x5376,16,4096,5376,zg0,4,16,128,64,4,256,128,1,40,34.464001,33.888000,35.584000,1277.860724,1,268435456
gemma31_4096x5376,16,4096,5376,zg0,8,16,128,64,4,256,256,1,40,35.008003,34.208000,36.127998,1258.003516,1,268435456
gemma31_4096x5376,16,4096,5376,zg0,16,16,128,64,4,256,512,1,40,37.664001,36.703999,38.720001,1169.291419,1,268435456
gemma31_4096x5376,32,4096,5376,cublasLt,0,0,0,0,0,0,0,0,40,33.312000,32.352001,35.104000,1322.051873,0,268435456
gemma31_4096x5376,32,4096,5376,scalar,0,0,0,0,0,256,132,0,40,203.184006,201.567993,204.447998,216.750295,4,268435456
gemma31_4096x5376,32,4096,5376,zg0,1,32,64,64,4,128,64,0,40,65.231995,64.767998,66.400002,675.131755,1,268435456
gemma31_4096x5376,32,4096,5376,zg0,2,32,64,64,4,128,128,0,40,42.576000,41.375999,43.327999,1034.390079,1,268435456
gemma31_4096x5376,32,4096,5376,zg0,4,32,64,64,4,128,256,0,40,38.208000,37.439999,39.584000,1152.643216,1,268435456
gemma31_4096x5376,32,4096,5376,zg0,8,32,64,64,4,128,512,0,40,39.024002,37.664001,39.743999,1128.541092,1,268435456
gemma31_4096x5376,32,4096,5376,zg0,16,32,64,64,4,128,528,0,40,41.935997,40.992001,42.879997,1050.176366,1,268435456
gemma31_4096x5376,32,4096,5376,cublasLt,0,0,0,0,0,0,0,1,40,33.279999,32.383999,34.400002,1323.323077,0,268435456
gemma31_4096x5376,32,4096,5376,scalar,0,0,0,0,0,256,132,1,40,203.871994,201.984009,206.272003,216.018835,4,268435456
gemma31_4096x5376,32,4096,5376,zg0,1,32,64,64,4,128,64,1,40,64.639999,63.712002,64.928001,681.314851,1,268435456
gemma31_4096x5376,32,4096,5376,zg0,2,32,64,64,4,128,128,1,40,42.416000,41.407997,42.879997,1038.291965,1,268435456
gemma31_4096x5376,32,4096,5376,zg0,4,32,64,64,4,128,256,1,40,38.175999,37.312000,38.911999,1153.609388,1,268435456
gemma31_4096x5376,32,4096,5376,zg0,8,32,64,64,4,128,512,1,40,39.216000,38.304001,40.192001,1123.015912,1,268435456
gemma31_4096x5376,32,4096,5376,zg0,16,32,64,64,4,128,528,1,40,42.624001,42.080002,43.936001,1033.225225,1,268435456
gemma31_5376x8192,4,5376,8192,cublasLt,0,0,0,0,0,0,0,0,40,49.968002,49.056000,51.007999,1762.735693,0,268435456
gemma31_5376x8192,4,5376,8192,scalar,0,0,0,0,0,256,132,0,40,83.615997,82.368004,84.480003,1053.391504,1,268435456
gemma31_5376x8192,4,5376,8192,zg0,1,16,128,64,4,256,42,0,40,97.520004,96.959999,98.559998,903.203209,1,268435456
gemma31_5376x8192,4,5376,8192,zg0,2,16,128,64,4,256,84,0,40,56.736000,56.031998,57.599998,1552.460237,1,268435456
gemma31_5376x8192,4,5376,8192,zg0,4,16,128,64,4,256,168,0,40,58.063999,57.023998,59.327999,1516.953431,1,268435456
gemma31_5376x8192,4,5376,8192,zg0,8,16,128,64,4,256,336,0,40,57.727997,56.832001,58.528000,1525.782808,1,268435456
gemma31_5376x8192,4,5376,8192,zg0,16,16,128,64,4,256,528,0,40,52.751999,51.903999,53.408001,1669.707006,1,268435456
gemma31_5376x8192,4,5376,8192,cublasLt,0,0,0,0,0,0,0,1,40,49.743996,48.767998,50.976002,1770.673668,0,268435456
gemma31_5376x8192,4,5376,8192,scalar,0,0,0,0,0,256,132,1,40,83.087997,82.080002,84.480003,1060.085500,1,268435456
gemma31_5376x8192,4,5376,8192,zg0,1,16,128,64,4,256,42,1,40,96.543999,95.584000,97.024002,912.334107,1,268435456
gemma31_5376x8192,4,5376,8192,zg0,2,16,128,64,4,256,84,1,40,56.672001,55.872002,57.312000,1554.213439,1,268435456
gemma31_5376x8192,4,5376,8192,zg0,4,16,128,64,4,256,168,1,40,57.663998,56.864002,58.975998,1527.476241,1,268435456
gemma31_5376x8192,4,5376,8192,zg0,8,16,128,64,4,256,336,1,40,57.936005,57.279999,58.720001,1520.304786,1,268435456
gemma31_5376x8192,4,5376,8192,zg0,16,16,128,64,4,256,528,1,40,53.599998,52.767998,54.912003,1643.290746,1,268435456
gemma31_5376x8192,8,5376,8192,cublasLt,0,0,0,0,0,0,0,0,40,50.368000,48.959999,51.167999,1748.736976,0,268435456
gemma31_5376x8192,8,5376,8192,scalar,0,0,0,0,0,256,132,0,40,119.071999,117.951996,120.255997,739.723730,1,268435456
gemma31_5376x8192,8,5376,8192,zg0,1,16,128,64,4,256,42,0,40,98.639999,97.568001,100.096001,892.947932,1,268435456
gemma31_5376x8192,8,5376,8192,zg0,2,16,128,64,4,256,84,0,40,58.304001,57.472000,59.551998,1510.709111,1,268435456
gemma31_5376x8192,8,5376,8192,zg0,4,16,128,64,4,256,168,0,40,59.568001,57.472000,60.703999,1478.652699,1,268435456
gemma31_5376x8192,8,5376,8192,zg0,8,16,128,64,4,256,336,0,40,59.023998,58.175999,60.000000,1492.280835,1,268435456
gemma31_5376x8192,8,5376,8192,zg0,16,16,128,64,4,256,528,0,40,54.639999,53.183998,55.711998,1612.012884,1,268435456
gemma31_5376x8192,8,5376,8192,cublasLt,0,0,0,0,0,0,0,1,40,50.703999,49.535999,53.824001,1737.148627,0,268435456
gemma31_5376x8192,8,5376,8192,scalar,0,0,0,0,0,256,132,1,40,119.328003,117.888000,120.639999,738.136766,1,268435456
gemma31_5376x8192,8,5376,8192,zg0,1,16,128,64,4,256,42,1,40,98.031998,96.928001,98.624001,898.486045,1,268435456
gemma31_5376x8192,8,5376,8192,zg0,2,16,128,64,4,256,84,1,40,58.464001,56.992001,59.743999,1506.574713,1,268435456
gemma31_5376x8192,8,5376,8192,zg0,4,16,128,64,4,256,168,1,40,59.087997,57.983997,60.256001,1490.664599,1,268435456
gemma31_5376x8192,8,5376,8192,zg0,8,16,128,64,4,256,336,1,40,59.520000,58.559998,60.607998,1479.845161,1,268435456
gemma31_5376x8192,8,5376,8192,zg0,16,16,128,64,4,256,528,1,40,55.472000,54.591999,56.832001,1587.835016,1,268435456
gemma31_5376x8192,16,5376,8192,cublasLt,0,0,0,0,0,0,0,0,40,50.736000,49.663998,53.695999,1736.052980,0,268435456
gemma31_5376x8192,16,5376,8192,scalar,0,0,0,0,0,256,132,0,40,217.056000,215.615997,218.207993,405.795666,2,268435456
gemma31_5376x8192,16,5376,8192,zg0,1,16,128,64,4,256,42,0,40,98.399994,97.952003,100.000000,895.125925,1,268435456
gemma31_5376x8192,16,5376,8192,zg0,2,16,128,64,4,256,84,0,40,58.304001,57.599998,59.520000,1510.709111,1,268435456
gemma31_5376x8192,16,5376,8192,zg0,4,16,128,64,4,256,168,0,40,59.167999,58.400002,60.160000,1488.648999,1,268435456
gemma31_5376x8192,16,5376,8192,zg0,8,16,128,64,4,256,336,0,40,58.736000,57.728001,60.031998,1499.597930,1,268435456
gemma31_5376x8192,16,5376,8192,zg0,16,16,128,64,4,256,528,0,40,54.944000,53.984001,55.807999,1603.093768,1,268435456
gemma31_5376x8192,16,5376,8192,cublasLt,0,0,0,0,0,0,0,1,40,50.416000,49.375999,52.064003,1747.072041,0,268435456
gemma31_5376x8192,16,5376,8192,scalar,0,0,0,0,0,256,132,1,40,216.944000,215.136002,218.751999,406.005163,2,268435456
gemma31_5376x8192,16,5376,8192,zg0,1,16,128,64,4,256,42,1,40,97.711998,96.639999,97.984001,901.428525,1,268435456
gemma31_5376x8192,16,5376,8192,zg0,2,16,128,64,4,256,84,1,40,58.112000,57.119999,59.135998,1515.700441,1,268435456
gemma31_5376x8192,16,5376,8192,zg0,4,16,128,64,4,256,168,1,40,59.279999,57.983997,61.216000,1485.836437,1,268435456
gemma31_5376x8192,16,5376,8192,zg0,8,16,128,64,4,256,336,1,40,58.863998,58.112000,59.808002,1496.337048,1,268435456
gemma31_5376x8192,16,5376,8192,zg0,16,16,128,64,4,256,528,1,40,56.015999,54.976002,57.023998,1572.414739,1,268435456
gemma31_5376x8192,32,5376,8192,cublasLt,0,0,0,0,0,0,0,0,40,50.784000,49.888000,51.968002,1734.412098,0,268435456
gemma31_5376x8192,32,5376,8192,scalar,0,0,0,0,0,256,132,0,40,411.119995,408.255981,413.632019,214.244950,4,268435456
gemma31_5376x8192,32,5376,8192,zg0,1,32,64,64,4,128,84,0,40,92.464005,91.743996,93.120003,952.591025,1,268435456
gemma31_5376x8192,32,5376,8192,zg0,2,32,64,64,4,128,168,0,40,65.151993,64.255997,66.880005,1351.921577,1,268435456
gemma31_5376x8192,32,5376,8192,zg0,4,32,64,64,4,128,336,0,40,57.680000,56.384003,58.848000,1527.052427,1,268435456
gemma31_5376x8192,32,5376,8192,zg0,8,32,64,64,4,128,528,0,40,62.528000,61.824001,63.680000,1408.655067,1,268435456
gemma31_5376x8192,32,5376,8192,zg0,16,32,64,64,4,128,528,0,40,63.295998,62.240002,64.863998,1391.563281,1,268435456
gemma31_5376x8192,32,5376,8192,cublasLt,0,0,0,0,0,0,0,1,40,50.528000,49.727997,51.456001,1743.199493,0,268435456
gemma31_5376x8192,32,5376,8192,scalar,0,0,0,0,0,256,132,1,40,410.255981,408.511993,413.343994,214.696167,4,268435456
gemma31_5376x8192,32,5376,8192,zg0,1,32,64,64,4,128,84,1,40,91.551994,91.071999,92.736000,962.080474,1,268435456
gemma31_5376x8192,32,5376,8192,zg0,2,32,64,64,4,128,168,1,40,65.375999,64.064003,66.912003,1347.289280,1,268435456
gemma31_5376x8192,32,5376,8192,zg0,4,32,64,64,4,128,336,1,40,57.519997,56.192001,58.432003,1531.300243,1,268435456
gemma31_5376x8192,32,5376,8192,zg0,8,32,64,64,4,128,528,1,40,62.880005,62.015999,63.840000,1400.769379,1,268435456
gemma31_5376x8192,32,5376,8192,zg0,16,32,64,64,4,128,528,1,40,63.695999,62.848003,64.832001,1382.824416,1,268435456
gemma31_21504x5376,4,21504,5376,cublasLt,0,0,0,0,0,0,0,0,40,97.807999,97.120003,98.591995,2363.927368,0,268435456
gemma31_21504x5376,4,21504,5376,scalar,0,0,0,0,0,256,132,0,40,162.975998,161.952011,163.872009,1418.681327,1,268435456
gemma31_21504x5376,4,21504,5376,zg0,1,16,128,64,4,256,168,0,40,121.248001,119.712006,123.903999,1906.926366,1,268435456
gemma31_21504x5376,4,21504,5376,zg0,2,16,128,64,4,256,336,0,40,120.863998,120.031998,122.080002,1912.984909,1,268435456
gemma31_21504x5376,4,21504,5376,zg0,4,16,128,64,4,256,528,0,40,105.968002,105.184006,106.751999,2181.894610,1,268435456
gemma31_21504x5376,4,21504,5376,zg0,8,16,128,64,4,256,528,0,40,103.056000,101.952003,103.968002,2243.547275,1,268435456
gemma31_21504x5376,4,21504,5376,zg0,16,16,128,64,4,256,528,0,40,103.040001,101.919998,105.247993,2243.895652,1,268435456
gemma31_21504x5376,4,21504,5376,cublasLt,0,0,0,0,0,0,0,1,40,97.744003,96.992004,98.816002,2365.475201,0,268435456
gemma31_21504x5376,4,21504,5376,scalar,0,0,0,0,0,256,132,1,40,162.464005,161.727997,163.647995,1423.152255,1,268435456
gemma31_21504x5376,4,21504,5376,zg0,1,16,128,64,4,256,168,1,40,120.895996,119.840004,122.528000,1912.478560,1,268435456
gemma31_21504x5376,4,21504,5376,zg0,2,16,128,64,4,256,336,1,40,120.895996,120.096001,121.472000,1912.478560,1,268435456
gemma31_21504x5376,4,21504,5376,zg0,4,16,128,64,4,256,528,1,40,106.031998,105.375999,106.751999,2180.577637,1,268435456
gemma31_21504x5376,4,21504,5376,zg0,8,16,128,64,4,256,528,1,40,102.928001,101.568001,104.160004,2246.337323,1,268435456
gemma31_21504x5376,4,21504,5376,zg0,16,16,128,64,4,256,528,1,40,104.208000,102.848000,105.088005,2218.745279,1,268435456
gemma31_21504x5376,8,21504,5376,cublasLt,0,0,0,0,0,0,0,0,40,97.839996,97.056000,98.655998,2363.154211,0,268435456
gemma31_21504x5376,8,21504,5376,scalar,0,0,0,0,0,256,132,0,40,240.399994,238.560013,242.208008,961.776240,1,268435456
gemma31_21504x5376,8,21504,5376,zg0,1,16,128,64,4,256,168,0,40,121.712006,120.576004,123.552002,1899.656510,1,268435456
gemma31_21504x5376,8,21504,5376,zg0,2,16,128,64,4,256,336,0,40,121.888000,120.768005,122.496002,1896.913626,1,268435456
gemma31_21504x5376,8,21504,5376,zg0,4,16,128,64,4,256,528,0,40,106.912003,105.984001,107.711998,2162.629153,1,268435456
gemma31_21504x5376,8,21504,5376,zg0,8,16,128,64,4,256,528,0,40,104.160004,103.423996,105.472000,2219.767742,1,268435456
gemma31_21504x5376,8,21504,5376,zg0,16,16,128,64,4,256,528,0,40,104.431999,103.264000,105.952003,2213.986211,1,268435456
gemma31_21504x5376,8,21504,5376,cublasLt,0,0,0,0,0,0,0,1,40,97.952003,96.832001,99.071999,2360.452140,0,268435456
gemma31_21504x5376,8,21504,5376,scalar,0,0,0,0,0,256,132,1,40,240.192001,238.815994,242.047989,962.609113,1,268435456
gemma31_21504x5376,8,21504,5376,zg0,1,16,128,64,4,256,168,1,40,120.959991,119.648003,123.295998,1911.466790,1,268435456
gemma31_21504x5376,8,21504,5376,zg0,2,16,128,64,4,256,336,1,40,121.487999,120.480003,122.752007,1903.159226,1,268435456
gemma31_21504x5376,8,21504,5376,zg0,4,16,128,64,4,256,528,1,40,107.040009,106.015999,107.968002,2160.042892,1,268435456
gemma31_21504x5376,8,21504,5376,zg0,8,16,128,64,4,256,528,1,40,104.271996,103.104004,105.503998,2217.383625,1,268435456
gemma31_21504x5376,8,21504,5376,zg0,16,16,128,64,4,256,528,1,40,105.295990,104.320000,106.367996,2195.819643,1,268435456
gemma31_21504x5376,16,21504,5376,cublasLt,0,0,0,0,0,0,0,0,40,98.128006,97.248001,98.624001,2356.218303,0,268435456
gemma31_21504x5376,16,21504,5376,scalar,0,0,0,0,0,256,132,0,40,464.864014,461.984009,468.192017,497.373443,2,268435456
gemma31_21504x5376,16,21504,5376,zg0,1,16,128,64,4,256,168,0,40,124.767998,123.424004,126.144005,1853.127469,1,268435456
gemma31_21504x5376,16,21504,5376,zg0,2,16,128,64,4,256,336,0,40,123.487999,122.239998,124.351997,1872.335838,1,268435456
gemma31_21504x5376,16,21504,5376,zg0,4,16,128,64,4,256,528,0,40,109.487999,108.479996,110.816002,2111.747479,1,268435456
gemma31_21504x5376,16,21504,5376,zg0,8,16,128,64,4,256,528,0,40,106.848000,105.888000,107.584000,2163.924528,1,268435456
gemma31_21504x5376,16,21504,5376,zg0,16,16,128,64,4,256,528,0,40,112.416000,111.423996,113.920006,2056.744663,1,268435456
gemma31_21504x5376,16,21504,5376,cublasLt,0,0,0,0,0,0,0,1,40,97.872002,97.120003,98.528000,2362.381560,0,268435456
gemma31_21504x5376,16,21504,5376,scalar,0,0,0,0,0,256,132,1,40,464.127991,461.535980,468.160004,498.162162,2,268435456
gemma31_21504x5376,16,21504,5376,zg0,1,16,128,64,4,256,168,1,40,124.192001,122.015999,126.144005,1861.722237,1,268435456
gemma31_21504x5376,16,21504,5376,zg0,2,16,128,64,4,256,336,1,40,122.991997,122.176003,123.903999,1879.886562,1,268435456
gemma31_21504x5376,16,21504,5376,zg0,4,16,128,64,4,256,528,1,40,109.248001,108.064003,110.304001,2116.386643,1,268435456
gemma31_21504x5376,16,21504,5376,zg0,8,16,128,64,4,256,528,1,40,106.863998,105.919998,107.968002,2163.600539,1,268435456
gemma31_21504x5376,16,21504,5376,zg0,16,16,128,64,4,256,528,1,40,112.960007,111.584000,115.135994,2046.839518,1,268435456
gemma31_21504x5376,32,21504,5376,cublasLt,0,0,0,0,0,0,0,0,40,97.599998,96.928001,98.751999,2368.965246,0,268435456
gemma31_21504x5376,32,21504,5376,scalar,0,0,0,0,0,256,132,0,40,917.712036,912.031982,927.712036,251.942867,4,268435456
gemma31_21504x5376,32,21504,5376,zg0,1,32,64,64,4,128,336,0,40,124.512001,123.328003,125.663994,1856.937548,1,268435456
gemma31_21504x5376,32,21504,5376,zg0,2,32,64,64,4,128,528,0,40,129.183990,127.647995,131.776001,1789.780638,1,268435456
gemma31_21504x5376,32,21504,5376,zg0,4,32,64,64,4,128,528,0,40,121.183998,120.223999,124.927994,1907.933457,1,268435456
gemma31_21504x5376,32,21504,5376,zg0,8,32,64,64,4,128,528,0,40,126.543999,124.863998,128.160004,1827.119484,1,268435456
gemma31_21504x5376,32,21504,5376,zg0,16,32,64,64,4,128,528,0,40,136.800018,135.519989,139.231995,1690.138754,1,268435456
gemma31_21504x5376,32,21504,5376,cublasLt,0,0,0,0,0,0,0,1,40,97.664001,96.896004,98.559998,2367.412844,0,268435456
gemma31_21504x5376,32,21504,5376,scalar,0,0,0,0,0,256,132,1,40,918.272034,913.056030,926.527954,251.789222,4,268435456
gemma31_21504x5376,32,21504,5376,zg0,1,32,64,64,4,128,336,1,40,123.968002,122.496002,125.696007,1865.086216,1,268435456
gemma31_21504x5376,32,21504,5376,zg0,2,32,64,64,4,128,528,1,40,129.360001,127.232002,130.848007,1787.345455,1,268435456
gemma31_21504x5376,32,21504,5376,zg0,4,32,64,64,4,128,528,1,40,121.760002,120.351997,124.704002,1898.907753,1,268435456
gemma31_21504x5376,32,21504,5376,zg0,8,32,64,64,4,128,528,1,40,126.479996,125.183998,128.575989,1828.044136,1,268435456
gemma31_21504x5376,32,21504,5376,zg0,16,32,64,64,4,128,528,1,40,137.119995,135.680008,138.944000,1686.194632,1,268435456
gemma31_5376x21504,4,5376,21504,cublasLt,0,0,0,0,0,0,0,0,40,99.407997,98.336006,100.767998,2325.879285,0,268435456
gemma31_5376x21504,4,5376,21504,scalar,0,0,0,0,0,256,132,0,40,370.511993,367.488007,372.320007,624.031092,1,268435456
gemma31_5376x21504,4,5376,21504,zg0,1,16,128,64,4,256,42,0,40,237.231995,236.416000,238.240005,974.619815,1,268435456
gemma31_5376x21504,4,5376,21504,zg0,2,16,128,64,4,256,84,0,40,126.848007,125.952003,128.000000,1822.740554,1,268435456
gemma31_5376x21504,4,5376,21504,zg0,4,16,128,64,4,256,168,0,40,120.255997,118.688004,122.304001,1922.656732,1,268435456
gemma31_5376x21504,4,5376,21504,zg0,8,16,128,64,4,256,336,0,40,120.559998,119.391998,121.855995,1917.808626,1,268435456
gemma31_5376x21504,4,5376,21504,zg0,16,16,128,64,4,256,528,0,40,105.712006,104.320000,107.072006,2187.178285,1,268435456
gemma31_5376x21504,4,5376,21504,cublasLt,0,0,0,0,0,0,0,1,40,99.439995,98.463997,101.664001,2325.130995,0,268435456
gemma31_5376x21504,4,5376,21504,scalar,0,0,0,0,0,256,132,1,40,370.911987,368.959991,372.735992,623.358123,1,268435456
gemma31_5376x21504,4,5376,21504,zg0,1,16,128,64,4,256,42,1,40,236.384003,235.487991,237.600006,978.116150,1,268435456
gemma31_5376x21504,4,5376,21504,zg0,2,16,128,64,4,256,84,1,40,126.976006,126.016006,128.191986,1820.903114,1,268435456
gemma31_5376x21504,4,5376,21504,zg0,4,16,128,64,4,256,168,1,40,120.223999,117.760002,122.431999,1923.168485,1,268435456
gemma31_5376x21504,4,5376,21504,zg0,8,16,128,64,4,256,336,1,40,120.223999,119.040001,121.664001,1923.168485,1,268435456
gemma31_5376x21504,4,5376,21504,zg0,16,16,128,64,4,256,528,1,40,106.400002,105.631996,107.872002,2173.035789,1,268435456
gemma31_5376x21504,8,5376,21504,cublasLt,0,0,0,0,0,0,0,0,40,99.423996,98.720001,101.088005,2325.505171,0,268435456
gemma31_5376x21504,8,5376,21504,scalar,0,0,0,0,0,256,132,0,40,450.304016,448.895996,452.255981,513.455337,1,268435456
gemma31_5376x21504,8,5376,21504,zg0,1,16,128,64,4,256,42,0,40,237.552002,237.056000,238.783997,973.306931,1,268435456
gemma31_5376x21504,8,5376,21504,zg0,2,16,128,64,4,256,84,0,40,127.599998,126.816002,128.832001,1811.998495,1,268435456
gemma31_5376x21504,8,5376,21504,zg0,4,16,128,64,4,256,168,0,40,121.536003,119.584000,122.975998,1902.407583,1,268435456
gemma31_5376x21504,8,5376,21504,zg0,8,16,128,64,4,256,336,0,40,120.783997,119.616005,122.143997,1914.251954,1,268435456
gemma31_5376x21504,8,5376,21504,zg0,16,16,128,64,4,256,528,0,40,106.559998,105.664001,107.936005,2169.772973,1,268435456
gemma31_5376x21504,8,5376,21504,cublasLt,0,0,0,0,0,0,0,1,40,99.807999,98.687996,101.631996,2316.557871,0,268435456
gemma31_5376x21504,8,5376,21504,scalar,0,0,0,0,0,256,132,1,40,450.544006,449.023987,452.608002,513.181860,1,268435456
gemma31_5376x21504,8,5376,21504,zg0,1,16,128,64,4,256,42,1,40,236.895996,236.576004,237.984009,976.002161,1,268435456
gemma31_5376x21504,8,5376,21504,zg0,2,16,128,64,4,256,84,1,40,127.567993,127.040001,128.703995,1812.453140,1,268435456
gemma31_5376x21504,8,5376,21504,zg0,4,16,128,64,4,256,168,1,40,121.552002,119.840004,123.199997,1902.157167,1,268435456
gemma31_5376x21504,8,5376,21504,zg0,8,16,128,64,4,256,336,1,40,121.311996,120.255997,122.431999,1905.920338,1,268435456
gemma31_5376x21504,8,5376,21504,zg0,16,16,128,64,4,256,528,1,40,107.888000,106.655998,108.863998,2143.065105,1,268435456
gemma31_5376x21504,16,5376,21504,cublasLt,0,0,0,0,0,0,0,0,40,100.543999,99.296005,102.624001,2299.600255,0,268435456
gemma31_5376x21504,16,5376,21504,scalar,0,0,0,0,0,256,132,0,40,876.720032,873.184021,880.575989,263.722730,2,268435456
gemma31_5376x21504,16,5376,21504,zg0,1,16,128,64,4,256,42,0,40,239.311996,238.688004,240.735992,966.148827,1,268435456
gemma31_5376x21504,16,5376,21504,zg0,2,16,128,64,4,256,84,0,40,129.248001,127.903999,130.112015,1788.894281,1,268435456
gemma31_5376x21504,16,5376,21504,zg0,4,16,128,64,4,256,168,0,40,123.983994,121.855995,126.239998,1864.845646,1,268435456
gemma31_5376x21504,16,5376,21504,zg0,8,16,128,64,4,256,336,0,40,122.848000,121.536003,124.159996,1882.090128,1,268435456
gemma31_5376x21504,16,5376,21504,zg0,16,16,128,64,4,256,528,0,40,109.311996,108.320000,110.400002,2115.147541,1,268435456
gemma31_5376x21504,16,5376,21504,cublasLt,0,0,0,0,0,0,0,1,40,100.431999,99.423996,103.744003,2302.164728,0,268435456
gemma31_5376x21504,16,5376,21504,scalar,0,0,0,0,0,256,132,1,40,876.080017,872.864014,878.752014,263.915405,2,268435456
gemma31_5376x21504,16,5376,21504,zg0,1,16,128,64,4,256,42,1,40,238.480011,237.856003,239.968002,969.519427,1,268435456
gemma31_5376x21504,16,5376,21504,zg0,2,16,128,64,4,256,84,1,40,128.815994,127.839996,129.792007,1794.893662,1,268435456
gemma31_5376x21504,16,5376,21504,zg0,4,16,128,64,4,256,168,1,40,123.167999,121.472000,126.496002,1877.200312,1,268435456
gemma31_5376x21504,16,5376,21504,zg0,8,16,128,64,4,256,336,1,40,122.944000,121.632004,124.767998,1880.620510,1,268435456
gemma31_5376x21504,16,5376,21504,zg0,16,16,128,64,4,256,528,1,40,110.335999,109.088005,111.872002,2095.517401,1,268435456
gemma31_5376x21504,32,5376,21504,cublasLt,0,0,0,0,0,0,0,0,40,103.951996,101.343994,106.528000,2224.209495,0,268435456
gemma31_5376x21504,32,5376,21504,scalar,0,0,0,0,0,256,132,0,40,1687.504150,1680.031982,1692.447998,137.013596,4,268435456
gemma31_5376x21504,32,5376,21504,zg0,1,32,64,64,4,128,84,0,40,223.199982,221.983994,225.695999,1035.891685,1,268435456
gemma31_5376x21504,32,5376,21504,zg0,2,32,64,64,4,128,168,0,40,150.287994,149.312012,153.472000,1538.452890,1,268435456
gemma31_5376x21504,32,5376,21504,zg0,4,32,64,64,4,128,336,0,40,117.632004,115.520004,119.136002,1965.545158,1,268435456
gemma31_5376x21504,32,5376,21504,zg0,8,32,64,64,4,128,528,0,40,125.248001,123.456001,127.616005,1846.025549,1,268435456
gemma31_5376x21504,32,5376,21504,zg0,16,32,64,64,4,128,528,0,40,121.295998,119.744003,124.959999,1906.171745,1,268435456
gemma31_5376x21504,32,5376,21504,cublasLt,0,0,0,0,0,0,0,1,40,104.800003,102.624001,107.136002,2206.211908,0,268435456
gemma31_5376x21504,32,5376,21504,scalar,0,0,0,0,0,256,132,1,40,1686.208008,1679.487915,1689.823975,137.118913,4,268435456
gemma31_5376x21504,32,5376,21504,zg0,1,32,64,64,4,128,84,1,40,222.175995,221.343994,223.167999,1040.665995,1,268435456
gemma31_5376x21504,32,5376,21504,zg0,2,32,64,64,4,128,168,1,40,149.727997,148.063995,151.839996,1544.206882,1,268435456
gemma31_5376x21504,32,5376,21504,zg0,4,32,64,64,4,128,336,1,40,117.007996,115.648003,119.007996,1976.027480,1,268435456
gemma31_5376x21504,32,5376,21504,zg0,8,32,64,64,4,128,528,1,40,125.263992,123.871994,127.775993,1845.789871,1,268435456
gemma31_5376x21504,32,5376,21504,zg0,16,32,64,64,4,128,528,1,40,122.671997,120.991997,124.927994,1884.790400,1,268435456
gemma31_16384x5376,4,16384,5376,cublasLt,0,0,0,0,0,0,0,0,40,79.007996,78.176003,81.632004,2229.657572,0,268435456
gemma31_16384x5376,4,16384,5376,scalar,0,0,0,0,0,256,132,0,40,131.183990,129.631989,131.679993,1342.852703,1,268435456
gemma31_16384x5376,4,16384,5376,zg0,1,16,128,64,4,256,128,0,40,86.991997,85.120003,88.832001,2025.022623,1,268435456
gemma31_16384x5376,4,16384,5376,zg0,2,16,128,64,4,256,256,0,40,85.855995,84.767998,86.975998,2051.816810,1,268435456
gemma31_16384x5376,4,16384,5376,zg0,4,16,128,64,4,256,512,0,40,84.464005,83.295998,85.120003,2085.631177,1,268435456
gemma31_16384x5376,4,16384,5376,zg0,8,16,128,64,4,256,528,0,40,83.856003,82.335999,84.608002,2100.753291,1,268435456
gemma31_16384x5376,4,16384,5376,zg0,16,16,128,64,4,256,528,0,40,84.143997,83.295998,85.631996,2093.563035,1,268435456
gemma31_16384x5376,4,16384,5376,cublasLt,0,0,0,0,0,0,0,1,40,78.847992,77.823997,80.255997,2234.182040,0,268435456
gemma31_16384x5376,4,16384,5376,scalar,0,0,0,0,0,256,132,1,40,131.248001,130.080002,132.000000,1342.197733,1,268435456
gemma31_16384x5376,4,16384,5376,zg0,1,16,128,64,4,256,128,1,40,85.599998,83.903999,87.456001,2057.952897,1,268435456
gemma31_16384x5376,4,16384,5376,zg0,2,16,128,64,4,256,256,1,40,85.568001,84.064003,86.751999,2058.722513,1,268435456
gemma31_16384x5376,4,16384,5376,zg0,4,16,128,64,4,256,512,1,40,84.320007,83.103996,84.959999,2089.192975,1,268435456
gemma31_16384x5376,4,16384,5376,zg0,8,16,128,64,4,256,528,1,40,83.424004,82.560005,84.639999,2111.631761,1,268435456
gemma31_16384x5376,4,16384,5376,zg0,16,16,128,64,4,256,528,1,40,84.800003,83.807999,86.272003,2077.367547,1,268435456
gemma31_16384x5376,8,16384,5376,cublasLt,0,0,0,0,0,0,0,0,40,79.103996,78.080002,80.031998,2226.951456,0,268435456
gemma31_16384x5376,8,16384,5376,scalar,0,0,0,0,0,256,132,0,40,190.784012,189.311996,192.639999,923.351820,1,268435456
gemma31_16384x5376,8,16384,5376,zg0,1,16,128,64,4,256,128,0,40,86.783997,85.759995,88.320000,2029.876106,1,268435456
gemma31_16384x5376,8,16384,5376,zg0,2,16,128,64,4,256,256,0,40,86.031998,84.895996,87.232002,2047.619118,1,268435456
gemma31_16384x5376,8,16384,5376,zg0,4,16,128,64,4,256,512,0,40,85.536003,84.448006,86.176003,2059.492705,1,268435456
gemma31_16384x5376,8,16384,5376,zg0,8,16,128,64,4,256,528,0,40,84.223999,83.552002,85.344002,2091.574468,1,268435456
gemma31_16384x5376,8,16384,5376,zg0,16,16,128,64,4,256,528,0,40,84.639999,83.584000,85.984001,2081.294518,1,268435456
gemma31_16384x5376,8,16384,5376,cublasLt,0,0,0,0,0,0,0,1,40,78.847992,78.176003,81.632004,2234.182040,0,268435456
gemma31_16384x5376,8,16384,5376,scalar,0,0,0,0,0,256,132,1,40,189.920013,188.063995,192.223999,927.552409,1,268435456
gemma31_16384x5376,8,16384,5376,zg0,1,16,128,64,4,256,128,1,40,86.608002,85.472000,88.031998,2034.001108,1,268435456
gemma31_16384x5376,8,16384,5376,zg0,2,16,128,64,4,256,256,1,40,85.759995,84.736000,87.040001,2054.113620,1,268435456
gemma31_16384x5376,8,16384,5376,zg0,4,16,128,64,4,256,512,1,40,84.992004,83.872002,86.560005,2072.674508,1,268435456
gemma31_16384x5376,8,16384,5376,zg0,8,16,128,64,4,256,528,1,40,84.671997,83.136002,85.727997,2080.507937,1,268435456
gemma31_16384x5376,8,16384,5376,zg0,16,16,128,64,4,256,528,1,40,84.863998,84.031998,86.335999,2075.800905,1,268435456
gemma31_16384x5376,16,16384,5376,cublasLt,0,0,0,0,0,0,0,0,40,79.536003,78.752007,81.696007,2214.855763,0,268435456
gemma31_16384x5376,16,16384,5376,scalar,0,0,0,0,0,256,132,0,40,363.264008,360.063995,365.279999,484.938689,2,268435456
gemma31_16384x5376,16,16384,5376,zg0,1,16,128,64,4,256,128,0,40,88.608002,87.711998,89.472000,1988.091008,1,268435456
gemma31_16384x5376,16,16384,5376,zg0,2,16,128,64,4,256,256,0,40,87.264008,86.464005,89.792000,2018.710490,1,268435456
gemma31_16384x5376,16,16384,5376,zg0,4,16,128,64,4,256,512,0,40,87.360001,86.400002,88.607994,2016.492308,1,268435456
gemma31_16384x5376,16,16384,5376,zg0,8,16,128,64,4,256,528,0,40,86.080002,85.087997,87.040001,2046.477323,1,268435456
gemma31_16384x5376,16,16384,5376,zg0,16,16,128,64,4,256,528,0,40,87.984001,87.007996,89.183998,2002.190944,1,268435456
gemma31_16384x5376,16,16384,5376,cublasLt,0,0,0,0,0,0,0,1,40,79.375999,78.431999,80.991997,2219.320298,0,268435456
gemma31_16384x5376,16,16384,5376,scalar,0,0,0,0,0,256,132,1,40,362.640015,359.903992,366.304016,485.773130,2,268435456
gemma31_16384x5376,16,16384,5376,zg0,1,16,128,64,4,256,128,1,40,88.320000,86.911995,89.599998,1994.573913,1,268435456
gemma31_16384x5376,16,16384,5376,zg0,2,16,128,64,4,256,256,1,40,87.584000,86.080002,88.480003,2011.335038,1,268435456
gemma31_16384x5376,16,16384,5376,zg0,4,16,128,64,4,256,512,1,40,87.104004,86.047997,88.575996,2022.418810,1,268435456
gemma31_16384x5376,16,16384,5376,zg0,8,16,128,64,4,256,528,1,40,86.496002,85.504005,87.584000,2036.634850,1,268435456
gemma31_16384x5376,16,16384,5376,zg0,16,16,128,64,4,256,528,1,40,88.959999,87.392006,90.047997,1980.224460,1,268435456
gemma31_16384x5376,32,16384,5376,cublasLt,0,0,0,0,0,0,0,0,40,79.807999,78.879997,82.080002,2207.307137,0,268435456
gemma31_16384x5376,32,16384,5376,scalar,0,0,0,0,0,256,132,0,40,713.760010,707.296021,719.839966,246.806725,4,268435456
gemma31_16384x5376,32,16384,5376,zg0,1,32,64,64,4,128,256,0,40,96.848000,96.031998,97.952003,1818.940691,1,268435456
gemma31_16384x5376,32,16384,5376,zg0,2,32,64,64,4,128,512,0,40,95.599998,94.400002,97.407997,1842.685858,1,268435456
gemma31_16384x5376,32,16384,5376,zg0,4,32,64,64,4,128,528,0,40,97.552002,96.288002,99.615997,1805.814007,1,268435456
gemma31_16384x5376,32,16384,5376,zg0,8,32,64,64,4,128,528,0,40,100.959999,99.615997,101.760002,1744.857052,1,268435456
gemma31_16384x5376,32,16384,5376,zg0,16,32,64,64,4,128,528,0,40,109.088005,107.456001,110.592003,1614.849987,1,268435456
gemma31_16384x5376,32,16384,5376,cublasLt,0,0,0,0,0,0,0,1,40,79.903999,79.007996,81.919998,2204.655186,0,268435456
gemma31_16384x5376,32,16384,5376,scalar,0,0,0,0,0,256,132,1,40,713.119995,708.000000,722.848022,247.028225,4,268435456
gemma31_16384x5376,32,16384,5376,zg0,1,32,64,64,4,128,256,1,40,96.064003,95.040001,97.375999,1833.785476,1,268435456
gemma31_16384x5376,32,16384,5376,zg0,2,32,64,64,4,128,512,1,40,95.936005,94.400002,98.848000,1836.232005,1,268435456
gemma31_16384x5376,32,16384,5376,zg0,4,32,64,64,4,128,528,1,40,98.192001,96.479996,100.383995,1794.043995,1,268435456
gemma31_16384x5376,32,16384,5376,zg0,8,32,64,64,4,128,528,1,40,101.279999,99.776001,103.264000,1739.344076,1,268435456
gemma31_16384x5376,32,16384,5376,zg0,16,32,64,64,4,128,528,1,40,110.159996,108.416000,111.391998,1599.135625,1,268435456
gemma31_2048x5376,4,2048,5376,cublasLt,0,0,0,0,0,0,0,0,40,24.576000,23.968000,26.016001,896.000000,0,268435456
gemma31_2048x5376,4,2048,5376,scalar,0,0,0,0,0,256,132,0,40,34.240002,33.695999,34.848000,643.110280,1,268435456
gemma31_2048x5376,4,2048,5376,zg0,1,16,128,64,4,256,16,0,40,67.455994,66.944000,68.672005,326.436470,1,268435456
gemma31_2048x5376,4,2048,5376,zg0,2,16,128,64,4,256,32,0,40,38.832001,38.271999,40.031998,567.060569,1,268435456
gemma31_2048x5376,4,2048,5376,zg0,4,16,128,64,4,256,64,0,40,25.632000,25.280001,26.720001,859.086142,1,268435456
gemma31_2048x5376,4,2048,5376,zg0,8,16,128,64,4,256,128,0,40,22.656000,21.535999,23.872000,971.932203,1,268435456
gemma31_2048x5376,4,2048,5376,zg0,16,16,128,64,4,256,256,0,40,22.736000,22.175999,23.935999,968.512315,1,268435456
gemma31_2048x5376,4,2048,5376,cublasLt,0,0,0,0,0,0,0,1,40,24.448000,23.680000,25.952000,900.691099,0,268435456
gemma31_2048x5376,4,2048,5376,scalar,0,0,0,0,0,256,132,1,40,33.984001,33.535999,34.624001,647.954802,1,268435456
gemma31_2048x5376,4,2048,5376,zg0,1,16,128,64,4,256,16,1,40,66.751999,66.175995,67.903999,329.879195,1,268435456
gemma31_2048x5376,4,2048,5376,zg0,2,16,128,64,4,256,32,1,40,38.720001,38.240002,39.935997,568.700826,1,268435456
gemma31_2048x5376,4,2048,5376,zg0,4,16,128,64,4,256,64,1,40,25.599998,24.992001,26.976000,860.160066,1,268435456
gemma31_2048x5376,4,2048,5376,zg0,8,16,128,64,4,256,128,1,40,22.751999,21.856001,23.872000,967.831307,1,268435456
gemma31_2048x5376,4,2048,5376,zg0,16,16,128,64,4,256,256,1,40,23.360001,22.911999,24.736000,942.641096,1,268435456
gemma31_2048x5376,8,2048,5376,cublasLt,0,0,0,0,0,0,0,0,40,25.104000,24.160000,27.615999,877.154876,0,268435456
gemma31_2048x5376,8,2048,5376,scalar,0,0,0,0,0,256,132,0,40,38.944000,38.368000,39.551998,565.429745,1,268435456
gemma31_2048x5376,8,2048,5376,zg0,1,16,128,64,4,256,16,0,40,67.375999,66.880005,68.832001,326.824032,1,268435456
gemma31_2048x5376,8,2048,5376,zg0,2,16,128,64,4,256,32,0,40,38.751999,38.559998,40.096001,568.231214,1,268435456
gemma31_2048x5376,8,2048,5376,zg0,4,16,128,64,4,256,64,0,40,25.664000,25.024000,26.688000,858.014963,1,268435456
gemma31_2048x5376,8,2048,5376,zg0,8,16,128,64,4,256,128,0,40,22.688000,21.888000,23.903999,970.561354,1,268435456
gemma31_2048x5376,8,2048,5376,zg0,16,16,128,64,4,256,256,0,40,23.072001,22.496000,24.416000,954.407767,1,268435456
gemma31_2048x5376,8,2048,5376,cublasLt,0,0,0,0,0,0,0,1,40,25.152000,24.160000,27.136000,875.480916,0,268435456
gemma31_2048x5376,8,2048,5376,scalar,0,0,0,0,0,256,132,1,40,38.975998,38.240002,39.647999,564.965574,1,268435456
gemma31_2048x5376,8,2048,5376,zg0,1,16,128,64,4,256,16,1,40,66.751999,66.208000,68.000000,329.879195,1,268435456
gemma31_2048x5376,8,2048,5376,zg0,2,16,128,64,4,256,32,1,40,38.671997,38.048000,39.903999,569.406760,1,268435456
gemma31_2048x5376,8,2048,5376,zg0,4,16,128,64,4,256,64,1,40,25.680000,25.024000,26.720001,857.480374,1,268435456
gemma31_2048x5376,8,2048,5376,zg0,8,16,128,64,4,256,128,1,40,22.720001,22.143999,24.224001,969.194283,1,268435456
gemma31_2048x5376,8,2048,5376,zg0,16,16,128,64,4,256,256,1,40,23.824001,23.007999,24.927999,924.281993,1,268435456
gemma31_2048x5376,16,2048,5376,cublasLt,0,0,0,0,0,0,0,0,40,24.720001,24.064001,26.143999,890.780512,0,268435456
gemma31_2048x5376,16,2048,5376,scalar,0,0,0,0,0,256,132,0,40,63.952003,63.487999,64.608002,344.322221,2,268435456
gemma31_2048x5376,16,2048,5376,zg0,1,16,128,64,4,256,16,0,40,68.095993,67.487999,68.991997,323.368458,1,268435456
gemma31_2048x5376,16,2048,5376,zg0,2,16,128,64,4,256,32,0,40,39.232002,38.975998,40.223999,561.278900,1,268435456
gemma31_2048x5376,16,2048,5376,zg0,4,16,128,64,4,256,64,0,40,25.920000,25.504000,27.456001,849.540741,1,268435456
gemma31_2048x5376,16,2048,5376,zg0,8,16,128,64,4,256,128,0,40,23.040001,22.496000,24.544001,955.733333,1,268435456
gemma31_2048x5376,16,2048,5376,zg0,16,16,128,64,4,256,256,0,40,23.903999,22.848001,25.184000,921.188755,1,268435456
gemma31_2048x5376,16,2048,5376,cublasLt,0,0,0,0,0,0,0,1,40,24.624001,24.032000,28.096001,894.253411,0,268435456
gemma31_2048x5376,16,2048,5376,scalar,0,0,0,0,0,256,132,1,40,63.904003,63.359997,64.479996,344.580850,2,268435456
gemma31_2048x5376,16,2048,5376,zg0,1,16,128,64,4,256,16,1,40,67.375999,66.880005,68.288002,326.824032,1,268435456
gemma31_2048x5376,16,2048,5376,zg0,2,16,128,64,4,256,32,1,40,39.104000,38.624001,40.383999,563.116203,1,268435456
gemma31_2048x5376,16,2048,5376,zg0,4,16,128,64,4,256,64,1,40,26.063999,25.504000,27.071999,844.847145,1,268435456
gemma31_2048x5376,16,2048,5376,zg0,8,16,128,64,4,256,128,1,40,23.088001,22.400000,24.671999,953.746281,1,268435456
gemma31_2048x5376,16,2048,5376,zg0,16,16,128,64,4,256,256,1,40,24.688000,24.095999,26.080000,891.935191,1,268435456
gemma31_2048x5376,32,2048,5376,cublasLt,0,0,0,0,0,0,0,0,40,24.944000,24.351999,26.400000,882.781270,0,268435456
gemma31_2048x5376,32,2048,5376,scalar,0,0,0,0,0,256,132,0,40,116.912003,116.223999,117.632004,188.347612,4,268435456
gemma31_2048x5376,32,2048,5376,zg0,1,32,64,64,4,128,32,0,40,63.984001,63.359997,65.119995,344.150038,1,268435456
gemma31_2048x5376,32,2048,5376,zg0,2,32,64,64,4,128,64,0,40,37.312000,36.736000,38.528000,590.161235,1,268435456
gemma31_2048x5376,32,2048,5376,zg0,4,32,64,64,4,128,128,0,40,26.704000,26.176001,27.744001,824.599161,1,268435456
gemma31_2048x5376,32,2048,5376,zg0,8,32,64,64,4,128,256,0,40,24.768000,24.256001,26.143999,889.054264,1,268435456
gemma31_2048x5376,32,2048,5376,zg0,16,32,64,64,4,128,512,0,40,26.032001,25.472000,27.071999,845.885616,1,268435456
gemma31_2048x5376,32,2048,5376,cublasLt,0,0,0,0,0,0,0,1,40,25.088001,24.351999,26.784000,877.714217,0,268435456
gemma31_2048x5376,32,2048,5376,scalar,0,0,0,0,0,256,132,1,40,116.944000,116.159996,117.536003,188.296073,4,268435456
gemma31_2048x5376,32,2048,5376,zg0,1,32,64,64,4,128,32,1,40,63.167999,62.591999,64.191994,348.595745,1,268435456
gemma31_2048x5376,32,2048,5376,zg0,2,32,64,64,4,128,64,1,40,37.071999,36.543999,38.528000,593.981873,1,268435456
gemma31_2048x5376,32,2048,5376,zg0,4,32,64,64,4,128,128,1,40,26.512001,25.855999,27.584000,830.570850,1,268435456
gemma31_2048x5376,32,2048,5376,zg0,8,32,64,64,4,128,256,1,40,24.800001,24.191999,25.984001,887.907027,1,268435456
gemma31_2048x5376,32,2048,5376,zg0,16,32,64,64,4,128,512,1,40,26.639999,26.303999,27.807999,826.580180,1,268435456
gemma31_5376x16384,4,5376,16384,cublasLt,0,0,0,0,0,0,0,0,40,78.895996,77.951996,80.672005,2232.822551,0,268435456
gemma31_5376x16384,4,5376,16384,scalar,0,0,0,0,0,256,132,0,40,194.959991,193.888000,197.791992,903.573975,1,268435456
gemma31_5376x16384,4,5376,16384,zg0,1,16,128,64,4,256,42,0,40,183.152008,182.656006,183.584000,961.828170,1,268435456
gemma31_5376x16384,4,5376,16384,zg0,2,16,128,64,4,256,84,0,40,99.599998,98.687996,100.288002,1768.682410,1,268435456
gemma31_5376x16384,4,5376,16384,zg0,4,16,128,64,4,256,168,0,40,97.423996,95.872002,98.783997,1808.186711,1,268435456
gemma31_5376x16384,4,5376,16384,zg0,8,16,128,64,4,256,336,0,40,95.968002,95.423996,96.704002,1835.619873,1,268435456
gemma31_5376x16384,4,5376,16384,zg0,16,16,128,64,4,256,528,0,40,85.152000,84.288002,85.984001,2068.780158,1,268435456
gemma31_5376x16384,4,5376,16384,cublasLt,0,0,0,0,0,0,0,1,40,78.512001,77.440002,80.895996,2243.743224,0,268435456
gemma31_5376x16384,4,5376,16384,scalar,0,0,0,0,0,256,132,1,40,195.456009,194.176010,197.056000,901.280871,1,268435456
gemma31_5376x16384,4,5376,16384,zg0,1,16,128,64,4,256,42,1,40,182.416000,181.951996,183.039993,965.708973,1,268435456
gemma31_5376x16384,4,5376,16384,zg0,2,16,128,64,4,256,84,1,40,99.423996,98.783997,100.224007,1771.813464,1,268435456
gemma31_5376x16384,4,5376,16384,zg0,4,16,128,64,4,256,168,1,40,96.896004,96.127998,98.176003,1818.039630,1,268435456
gemma31_5376x16384,4,5376,16384,zg0,8,16,128,64,4,256,336,1,40,96.048004,95.743996,97.056000,1834.090805,1,268435456
gemma31_5376x16384,4,5376,16384,zg0,16,16,128,64,4,256,528,1,40,85.647995,85.056000,86.335999,2056.799739,1,268435456
gemma31_5376x16384,8,5376,16384,cublasLt,0,0,0,0,0,0,0,0,40,78.847992,77.984001,79.871994,2234.182040,0,268435456
gemma31_5376x16384,8,5376,16384,scalar,0,0,0,0,0,256,132,0,40,313.920013,311.904022,316.031982,561.164526,1,268435456
gemma31_5376x16384,8,5376,16384,zg0,1,16,128,64,4,256,42,0,40,183.487991,183.103989,183.967987,960.067051,1,268435456
gemma31_5376x16384,8,5376,16384,zg0,2,16,128,64,4,256,84,0,40,100.048004,99.423996,100.959999,1760.762376,1,268435456
gemma31_5376x16384,8,5376,16384,zg0,4,16,128,64,4,256,168,0,40,98.176003,96.800003,99.232002,1794.336375,1,268435456
gemma31_5376x16384,8,5376,16384,zg0,8,16,128,64,4,256,336,0,40,96.559998,96.160004,97.152000,1824.365866,1,268435456
gemma31_5376x16384,8,5376,16384,zg0,16,16,128,64,4,256,528,0,40,85.744003,85.248001,86.239998,2054.496734,1,268435456
gemma31_5376x16384,8,5376,16384,cublasLt,0,0,0,0,0,0,0,1,40,79.167999,78.112000,80.512001,2225.151172,0,268435456
gemma31_5376x16384,8,5376,16384,scalar,0,0,0,0,0,256,132,1,40,314.080017,311.264008,315.776001,560.878599,1,268435456
gemma31_5376x16384,8,5376,16384,zg0,1,16,128,64,4,256,42,1,40,182.895996,182.431992,183.328003,963.174525,1,268435456
gemma31_5376x16384,8,5376,16384,zg0,2,16,128,64,4,256,84,1,40,100.016006,99.104004,100.832001,1761.325730,1,268435456
gemma31_5376x16384,8,5376,16384,zg0,4,16,128,64,4,256,168,1,40,98.208008,97.024002,99.359993,1793.751568,1,268435456
gemma31_5376x16384,8,5376,16384,zg0,8,16,128,64,4,256,336,1,40,96.464005,95.776001,97.599998,1826.181308,1,268435456
gemma31_5376x16384,8,5376,16384,zg0,16,16,128,64,4,256,528,1,40,86.464005,85.759995,87.488007,2037.388417,1,268435456
gemma31_5376x16384,16,5376,16384,cublasLt,0,0,0,0,0,0,0,0,40,79.056000,78.047997,82.047997,2228.303582,0,268435456
gemma31_5376x16384,16,5376,16384,scalar,0,0,0,0,0,256,132,0,40,602.831970,596.671997,607.711975,292.221992,2,268435456
gemma31_5376x16384,16,5376,16384,zg0,1,16,128,64,4,256,42,0,40,184.816010,184.512009,185.472000,953.168303,1,268435456
gemma31_5376x16384,16,5376,16384,zg0,2,16,128,64,4,256,84,0,40,100.944000,100.543999,102.112000,1745.133619,1,268435456
gemma31_5376x16384,16,5376,16384,zg0,4,16,128,64,4,256,168,0,40,98.479996,97.631996,100.000000,1788.797542,1,268435456
gemma31_5376x16384,16,5376,16384,zg0,8,16,128,64,4,256,336,0,40,98.112000,96.863998,99.296005,1795.506849,1,268435456
gemma31_5376x16384,16,5376,16384,zg0,16,16,128,64,4,256,528,0,40,87.759995,86.751999,88.671997,2007.301546,1,268435456
gemma31_5376x16384,16,5376,16384,cublasLt,0,0,0,0,0,0,0,1,40,79.103996,78.304001,80.959999,2226.951456,0,268435456
gemma31_5376x16384,16,5376,16384,scalar,0,0,0,0,0,256,132,1,40,604.592041,600.704041,609.247986,291.371288,2,268435456
gemma31_5376x16384,16,5376,16384,zg0,1,16,128,64,4,256,42,1,40,184.223999,183.936005,184.896011,956.231371,1,268435456
gemma31_5376x16384,16,5376,16384,zg0,2,16,128,64,4,256,84,1,40,101.088005,100.543999,102.048004,1742.647539,1,268435456
gemma31_5376x16384,16,5376,16384,zg0,4,16,128,64,4,256,168,1,40,98.848000,97.952003,100.256004,1782.137909,1,268435456
gemma31_5376x16384,16,5376,16384,zg0,8,16,128,64,4,256,336,1,40,98.288002,97.503998,99.136002,1792.291714,1,268435456
gemma31_5376x16384,16,5376,16384,zg0,16,16,128,64,4,256,528,1,40,88.096001,87.488007,88.959999,1999.645478,1,268435456
gemma31_5376x16384,32,5376,16384,cublasLt,0,0,0,0,0,0,0,0,40,79.375999,78.143997,80.480003,2219.320298,0,268435456
gemma31_5376x16384,32,5376,16384,scalar,0,0,0,0,0,256,132,0,40,1069.968018,1049.823975,1115.744019,164.641156,4,268435456
gemma31_5376x16384,32,5376,16384,zg0,1,32,64,64,4,128,84,0,40,172.335999,171.903992,173.343994,1022.193668,1,268435456
gemma31_5376x16384,32,5376,16384,zg0,2,32,64,64,4,128,168,0,40,116.255997,114.912003,117.344002,1515.283237,1,268435456
gemma31_5376x16384,32,5376,16384,zg0,4,32,64,64,4,128,336,0,40,94.815994,93.568001,96.959999,1857.922529,1,268435456
gemma31_5376x16384,32,5376,16384,zg0,8,32,64,64,4,128,528,0,40,100.080002,98.879997,101.568001,1760.199520,1,268435456
gemma31_5376x16384,32,5376,16384,zg0,16,32,64,64,4,128,528,0,40,97.519997,96.127998,98.624001,1806.406563,1,268435456
gemma31_5376x16384,32,5376,16384,cublasLt,0,0,0,0,0,0,0,1,40,79.152000,77.951996,80.288002,2225.600970,0,268435456
gemma31_5376x16384,32,5376,16384,scalar,0,0,0,0,0,256,132,1,40,1068.640015,1057.119995,1120.223999,164.845755,4,268435456
gemma31_5376x16384,32,5376,16384,zg0,1,32,64,64,4,128,84,1,40,171.519989,170.912003,172.000000,1027.056810,1,268435456
gemma31_5376x16384,32,5376,16384,zg0,2,32,64,64,4,128,168,1,40,116.096001,114.880005,117.375999,1517.371555,1,268435456
gemma31_5376x16384,32,5376,16384,zg0,4,32,64,64,4,128,336,1,40,94.528000,93.120003,96.096001,1863.582938,1,268435456
gemma31_5376x16384,32,5376,16384,zg0,8,32,64,64,4,128,528,1,40,100.511993,99.296005,101.727997,1752.634329,1,268435456
gemma31_5376x16384,32,5376,16384,zg0,16,32,64,64,4,128,528,1,40,97.760002,96.543999,99.104004,1801.971849,1,268435456
gemma31_262144x5376,4,262144,5376,cublasLt,0,0,0,0,0,0,0,0,40,912.015991,909.216003,915.007996,3090.485570,0,268435456
gemma31_262144x5376,4,262144,5376,scalar,0,0,0,0,0,256,132,0,40,1636.031982,1633.375977,1639.615967,1722.809999,1,268435456
gemma31_262144x5376,4,262144,5376,zg0,1,16,128,64,4,256,528,0,40,1022.816040,1018.080017,1029.760010,2755.698108,1,268435456
gemma31_262144x5376,4,262144,5376,zg0,2,16,128,64,4,256,528,0,40,1014.463989,1011.072021,1019.968018,2778.385717,1,268435456
gemma31_262144x5376,4,262144,5376,zg0,4,16,128,64,4,256,528,0,40,1002.943970,997.503967,1007.231934,2810.298768,1,268435456
gemma31_262144x5376,4,262144,5376,zg0,8,16,128,64,4,256,528,0,40,1020.480042,1016.671997,1026.847900,2762.006228,1,268435456
gemma31_262144x5376,4,262144,5376,zg0,16,16,128,64,4,256,528,0,40,1033.568115,1023.040039,1046.560059,2727.030971,1,268435456
gemma31_262144x5376,4,262144,5376,cublasLt,0,0,0,0,0,0,0,1,40,912.304016,910.080017,917.407959,3089.509953,0,268435456
gemma31_262144x5376,4,262144,5376,scalar,0,0,0,0,0,256,132,1,40,1636.575928,1634.239990,1639.647949,1722.237466,1,268435456
gemma31_262144x5376,4,262144,5376,zg0,1,16,128,64,4,256,528,1,40,1020.383972,1015.359985,1027.744019,2762.266253,1,268435456
gemma31_262144x5376,4,262144,5376,zg0,2,16,128,64,4,256,528,1,40,1015.615967,1010.751953,1021.504028,2775.234401,1,268435456
gemma31_262144x5376,4,262144,5376,zg0,4,16,128,64,4,256,528,1,40,1003.023987,998.783997,1007.328003,2810.074622,1,268435456
gemma31_262144x5376,4,262144,5376,zg0,8,16,128,64,4,256,528,1,40,1019.744019,1014.783997,1027.712036,2763.999874,1,268435456
gemma31_262144x5376,4,262144,5376,zg0,16,16,128,64,4,256,528,1,40,1036.432007,1023.743958,1044.736084,2719.495623,1,268435456
gemma31_262144x5376,8,262144,5376,cublasLt,0,0,0,0,0,0,0,0,40,914.720032,912.960022,917.919983,3081.349588,0,268435456
gemma31_262144x5376,8,262144,5376,scalar,0,0,0,0,0,256,132,0,40,2676.160156,2667.040039,2690.303955,1053.215064,1,268435456
gemma31_262144x5376,8,262144,5376,zg0,1,16,128,64,4,256,528,0,40,1034.895996,1030.815918,1040.608032,2723.531918,1,268435456
gemma31_262144x5376,8,262144,5376,zg0,2,16,128,64,4,256,528,0,40,1032.976074,1029.055908,1039.680054,2728.594002,1,268435456
gemma31_262144x5376,8,262144,5376,zg0,4,16,128,64,4,256,528,0,40,1029.040039,1022.624023,1031.712036,2739.030666,1,268435456
gemma31_262144x5376,8,262144,5376,zg0,8,16,128,64,4,256,528,0,40,1050.719971,1043.552002,1059.039917,2682.515121,1,268435456
gemma31_262144x5376,8,262144,5376,zg0,16,16,128,64,4,256,528,0,40,1068.624023,1058.015991,1078.559937,2637.571576,1,268435456
gemma31_262144x5376,8,262144,5376,cublasLt,0,0,0,0,0,0,0,1,40,914.608032,912.992004,917.919983,3081.726921,0,268435456
gemma31_262144x5376,8,262144,5376,scalar,0,0,0,0,0,256,132,1,40,2674.399902,2663.840088,2686.016113,1053.908274,1,268435456
gemma31_262144x5376,8,262144,5376,zg0,1,16,128,64,4,256,528,1,40,1035.040039,1030.784058,1040.128052,2723.152842,1,268435456
gemma31_262144x5376,8,262144,5376,zg0,2,16,128,64,4,256,528,1,40,1033.567871,1029.216064,1040.128052,2727.031631,1,268435456
gemma31_262144x5376,8,262144,5376,zg0,4,16,128,64,4,256,528,1,40,1026.400024,1020.447998,1032.160034,2746.075885,1,268435456
gemma31_262144x5376,8,262144,5376,zg0,8,16,128,64,4,256,528,1,40,1049.679932,1044.031982,1054.623901,2685.173218,1,268435456
gemma31_262144x5376,8,262144,5376,zg0,16,16,128,64,4,256,528,1,40,1072.000000,1063.104004,1084.576050,2629.265194,1,268435456
gemma31_262144x5376,16,262144,5376,cublasLt,0,0,0,0,0,0,0,0,40,924.559998,922.432007,927.135986,3048.555300,0,268435456
gemma31_262144x5376,16,262144,5376,scalar,0,0,0,0,0,256,132,0,40,5343.839844,5328.959961,5365.312012,527.443241,2,268435456
gemma31_262144x5376,16,262144,5376,zg0,1,16,128,64,4,256,528,0,40,1066.112061,1060.832031,1070.816040,2643.786289,1,268435456
gemma31_262144x5376,16,262144,5376,zg0,2,16,128,64,4,256,528,0,40,1063.775879,1060.320068,1068.031982,2649.592225,1,268435456
gemma31_262144x5376,16,262144,5376,zg0,4,16,128,64,4,256,528,0,40,1063.887939,1058.848022,1075.296021,2649.312980,1,268435456
gemma31_262144x5376,16,262144,5376,zg0,8,16,128,64,4,256,528,0,40,1097.696045,1092.416016,1106.656006,2567.716643,1,268435456
gemma31_262144x5376,16,262144,5376,zg0,16,16,128,64,4,256,528,0,40,1155.008057,1139.647949,1163.744019,2440.305425,1,268435456
gemma31_262144x5376,16,262144,5376,cublasLt,0,0,0,0,0,0,0,1,40,924.063965,922.463989,925.888000,3050.191847,0,268435456
gemma31_262144x5376,16,262144,5376,scalar,0,0,0,0,0,256,132,1,40,5349.711914,5328.479980,5374.911621,526.864304,2,268435456
gemma31_262144x5376,16,262144,5376,zg0,1,16,128,64,4,256,528,1,40,1065.375977,1059.903931,1068.927979,2645.612711,1,268435456
gemma31_262144x5376,16,262144,5376,zg0,2,16,128,64,4,256,528,1,40,1064.432007,1060.544067,1071.903931,2647.958994,1,268435456
gemma31_262144x5376,16,262144,5376,zg0,4,16,128,64,4,256,528,1,40,1064.768066,1058.464111,1072.415894,2647.123089,1,268435456
gemma31_262144x5376,16,262144,5376,zg0,8,16,128,64,4,256,528,1,40,1098.000000,1093.088013,1106.624023,2567.005727,1,268435456
gemma31_262144x5376,16,262144,5376,zg0,16,16,128,64,4,256,528,1,40,1148.768066,1135.231934,1164.288086,2453.560668,1,268435456
gemma31_262144x5376,32,262144,5376,cublasLt,0,0,0,0,0,0,0,0,40,940.815979,937.824036,948.512024,2995.880478,0,268435456
gemma31_262144x5376,32,262144,5376,scalar,0,0,0,0,0,256,132,0,40,10712.688477,10681.568359,10765.152344,263.105981,4,268435456
gemma31_262144x5376,32,262144,5376,zg0,1,32,64,64,4,128,528,0,40,1175.904053,1168.063965,1186.784058,2396.940811,1,268435456
gemma31_262144x5376,32,262144,5376,zg0,2,32,64,64,4,128,528,0,40,1185.904053,1179.200073,1190.911987,2376.728882,1,268435456
gemma31_262144x5376,32,262144,5376,zg0,4,32,64,64,4,128,528,0,40,1213.680054,1206.240112,1221.663940,2322.335614,1,268435456
gemma31_262144x5376,32,262144,5376,zg0,8,32,64,64,4,128,528,0,40,1285.391968,1278.975952,1295.839966,2192.772546,1,268435456
gemma31_262144x5376,32,262144,5376,zg0,16,32,64,64,4,128,528,0,40,1469.471924,1462.687988,1479.871948,1918.085222,1,268435456
gemma31_262144x5376,32,262144,5376,cublasLt,0,0,0,0,0,0,0,1,40,941.583984,938.559998,945.343994,2993.436898,0,268435456
gemma31_262144x5376,32,262144,5376,scalar,0,0,0,0,0,256,132,1,40,10717.904297,10692.511719,10750.368164,262.977937,4,268435456
gemma31_262144x5376,32,262144,5376,zg0,1,32,64,64,4,128,528,1,40,1177.904053,1171.167969,1188.287964,2392.870971,1,268435456
gemma31_262144x5376,32,262144,5376,zg0,2,32,64,64,4,128,528,1,40,1185.200073,1180.447998,1194.656006,2378.140390,1,268435456
gemma31_262144x5376,32,262144,5376,zg0,4,32,64,64,4,128,528,1,40,1213.728027,1206.815918,1221.343994,2322.243771,1,268435456
gemma31_262144x5376,32,262144,5376,zg0,8,32,64,64,4,128,528,1,40,1284.416016,1279.711914,1289.631958,2194.438786,1,268435456
gemma31_262144x5376,32,262144,5376,zg0,16,32,64,64,4,128,528,1,40,1470.031982,1461.567993,1480.191895,1917.354376,1,268435456
