campaign_source,model_version,precision_quantization,gpu_type_count,serving_stack,compilation_recipe,context_capacity,prefix_cache,source_csv_sha256,variant,cell,input_tokens,output_tokens,concurrency,traffic,paired_repeats,status,quality,infervisor_output_tok_s,infervisor_output_tok_s_gpu,infervisor_total_input_output_tok_s,infervisor_requests_s,infervisor_ttft_p99_ms,infervisor_tpot_p99_ms,infervisor_throughput_spread_pct,infervisor_peak_gpu_memory_gib,vllm_output_tok_s,vllm_output_tok_s_gpu,vllm_total_input_output_tok_s,vllm_requests_s,vllm_ttft_p99_ms,vllm_tpot_p99_ms,vllm_throughput_spread_pct,vllm_peak_gpu_memory_gib,output_throughput_ratio
cached-glu-medium-serving,"Gemma-4-12B-IT-FP8, same local checkpoint weights; re-keyed for Infervisor","Same FP8 channel-scaled checkpoint weights and BF16 KV; Infervisor native decode uses BF16 activations, reference FP8 activations. Arithmetic is not identical.","1 NVIDIA H100 SXM 80GB,132SM",Infervisor f5966d13 runtime vs vLLM0.28.0; same vLLM client,/opt/dlami/nvme/tmp/gemma12b-main-20260930/glu-quant-wpr/full-model/recipe.toml; exact snapshot in prefill-glu-quant-cached-full-model.json,16384 on both sides; Infervisor64 decode slots; reference max-num-seqs256,,43a1921c2fb1a273a6c4faeb08e9de1c38e3480823b7047e2b8db8411ac32e9f,medium 16K/64-slot control,g128,4096,128,128,greedy,2,complete,Candidate is bit-exact against control on all 13 synthetic packed-prefill+decode cases. vLLM equivalence not established.,654.0546110128805,654.0546110128805,21583.802163425054,5.109801648538129,22089.36841645046,94.89732114344241,0.4690289660550144,63.283203125,892.7608386678864,892.7608386678864,29461.10767604025,6.974694052092863,15351.537464807043,140.40212762088325,0.24694728359320392,72.869140625,0.7326201852545569
cached-glu-medium-serving,"Gemma-4-12B-IT-FP8, same local checkpoint weights; re-keyed for Infervisor","Same FP8 channel-scaled checkpoint weights and BF16 KV; Infervisor native decode uses BF16 activations, reference FP8 activations. Arithmetic is not identical.","1 NVIDIA H100 SXM 80GB,132SM",Infervisor f5966d13 runtime vs vLLM0.28.0; same vLLM client,/opt/dlami/nvme/tmp/gemma12b-main-20260930/glu-quant-wpr/full-model/recipe.toml; exact snapshot in prefill-glu-quant-cached-full-model.json,16384 on both sides; Infervisor64 decode slots; reference max-num-seqs256,,43a1921c2fb1a273a6c4faeb08e9de1c38e3480823b7047e2b8db8411ac32e9f,medium 16K/64-slot candidate,g128,4096,128,128,greedy,2,complete,Candidate is bit-exact against control on all 13 synthetic packed-prefill+decode cases. vLLM equivalence not established.,664.5477482530264,664.5477482530264,21930.07569234987,5.191779283226769,21727.136604525156,93.35460641128965,0.4999488259727725,63.283203125,892.7608386678864,892.7608386678864,29461.10767604025,6.974694052092863,15351.537464807043,140.40212762088325,0.24694728359320392,72.869140625,0.7443737667129494
cached-glu-short-serving,"Gemma-4-12B-IT-FP8, same local checkpoint weights; re-keyed for Infervisor","Same FP8 channel-scaled checkpoint weights and BF16 KV; Infervisor native decode uses BF16 activations, reference FP8 activations. Arithmetic is not identical.","1 NVIDIA H100 SXM 80GB,132SM",Infervisor f5966d13 runtime vs vLLM0.28.0; same vLLM client,/opt/dlami/nvme/tmp/gemma12b-main-20260930/glu-quant-wpr/full-model/recipe.toml; exact snapshot in prefill-glu-quant-cached-full-model.json,16384 on both sides; Infervisor64 decode slots; reference max-num-seqs256,,0d1b98b8890cfae3d81feeecfc7a9d254c477f5f6195433d79dc7ab78e9eefbf,short 16K/64-slot control,g128,128,128,128,greedy,2,complete,Candidate is bit-exact against control on all 13 synthetic packed-prefill+decode cases. vLLM equivalence not established.,3203.8016631766204,3203.8016631766204,6407.603326353241,25.029700493567347,3019.468273660168,19.71293860366275,1.1236569357705652,59.28125,7787.953885457473,7787.953885457473,15575.907770914946,60.84338973013651,590.4558239842299,15.27666752527314,0.4077563468476526,72.869140625,0.41137912605763016
cached-glu-short-serving,"Gemma-4-12B-IT-FP8, same local checkpoint weights; re-keyed for Infervisor","Same FP8 channel-scaled checkpoint weights and BF16 KV; Infervisor native decode uses BF16 activations, reference FP8 activations. Arithmetic is not identical.","1 NVIDIA H100 SXM 80GB,132SM",Infervisor f5966d13 runtime vs vLLM0.28.0; same vLLM client,/opt/dlami/nvme/tmp/gemma12b-main-20260930/glu-quant-wpr/full-model/recipe.toml; exact snapshot in prefill-glu-quant-cached-full-model.json,16384 on both sides; Infervisor64 decode slots; reference max-num-seqs256,,0d1b98b8890cfae3d81feeecfc7a9d254c477f5f6195433d79dc7ab78e9eefbf,short 16K/64-slot candidate,g128,128,128,128,greedy,2,complete,Candidate is bit-exact against control on all 13 synthetic packed-prefill+decode cases. vLLM equivalence not established.,3257.6934354765126,3257.6934354765126,6515.386870953025,25.450729964660255,2939.368854914792,19.365284988660306,0.9819501312732037,59.28125,7787.953885457473,7787.953885457473,15575.907770914946,60.84338973013651,590.4558239842299,15.27666752527314,0.4077563468476526,72.869140625,0.4182990145280184
.,"Gemma-4-12B-IT FP8, same local checkpoint; immutable upstream revision not recorded in this report","Same FP8 checkpoint weights, BF16 KV cache; Infervisor rekey preserves 328 FP8 weight tensors; execution arithmetic differs by kernel","Same 1 x NVIDIA H100 SXM 80GB, tensor parallelism 1",Infervisor (Plow runtime; variant-specific frozen binaries) vs vLLM 0.28.0,,Different: Infervisor 64 slots for TC64 candidates and 32 slots for other rows; vLLM max-num-seqs 256,Cache-off comparison. Reference counters audited zero hits; older Infervisor runs lack counter capture. Production 20%/80% reuse not qualified,0151eab889a8ef9255543ba21cd72562b0bc3b6864cb2887a8f292bc505041bc,TC64 flat rings,g1,128,128,1,greedy,2,complete,Short retrieval: 72/72 each; broader equivalence unqualified,131.93357638009033,131.93357638009033,263.86715276018066,1.0307310654694557,24.342002044431865,7.458822291351738,0.049616089036456264,,134.54184263340076,134.54184263340076,269.0836852668015,1.0511081455734435,41.936957964208,7.336150901511267,0.1909811270048122,,0.9806137168760396
.,"Gemma-4-12B-IT FP8, same local checkpoint; immutable upstream revision not recorded in this report","Same FP8 checkpoint weights, BF16 KV cache; Infervisor rekey preserves 328 FP8 weight tensors; execution arithmetic differs by kernel","Same 1 x NVIDIA H100 SXM 80GB, tensor parallelism 1",Infervisor (Plow runtime; variant-specific frozen binaries) vs vLLM 0.28.0,,Different: Infervisor 64 slots for TC64 candidates and 32 slots for other rows; vLLM max-num-seqs 256,Cache-off comparison. Reference counters audited zero hits; older Infervisor runs lack counter capture. Production 20%/80% reuse not qualified,0151eab889a8ef9255543ba21cd72562b0bc3b6864cb2887a8f292bc505041bc,TC64 flat rings,g4,128,128,4,greedy,2,complete,Short retrieval: 72/72 each; broader equivalence unqualified,515.5726018290234,515.5726018290234,1031.1452036580467,4.027910951789245,57.89664772688411,7.705876034295817,0.2723633440152535,,524.7975738646926,524.7975738646926,1049.5951477293852,4.099981045817911,44.516658020438626,7.385232296412972,0.015530252220914954,,0.9824218470223955
.,"Gemma-4-12B-IT FP8, same local checkpoint; immutable upstream revision not recorded in this report","Same FP8 checkpoint weights, BF16 KV cache; Infervisor rekey preserves 328 FP8 weight tensors; execution arithmetic differs by kernel","Same 1 x NVIDIA H100 SXM 80GB, tensor parallelism 1",Infervisor (Plow runtime; variant-specific frozen binaries) vs vLLM 0.28.0,,Different: Infervisor 64 slots for TC64 candidates and 32 slots for other rows; vLLM max-num-seqs 256,Cache-off comparison. Reference counters audited zero hits; older Infervisor runs lack counter capture. Production 20%/80% reuse not qualified,0151eab889a8ef9255543ba21cd72562b0bc3b6864cb2887a8f292bc505041bc,TC64 flat rings,g16,128,128,16,greedy,2,complete,Short retrieval: 72/72 each; broader equivalence unqualified,1704.27559500287,1704.27559500287,3408.55119000574,13.314653085959922,119.7378340701107,9.207488138982146,0.2600612513070998,,1948.5886344102103,1948.5886344102103,3897.1772688204205,15.223348706329768,102.85722229164094,7.979971633290901,0.3303109206201565,,0.8746205150266168
.,"Gemma-4-12B-IT FP8, same local checkpoint; immutable upstream revision not recorded in this report","Same FP8 checkpoint weights, BF16 KV cache; Infervisor rekey preserves 328 FP8 weight tensors; execution arithmetic differs by kernel","Same 1 x NVIDIA H100 SXM 80GB, tensor parallelism 1",Infervisor (Plow runtime; variant-specific frozen binaries) vs vLLM 0.28.0,,Different: Infervisor 64 slots for TC64 candidates and 32 slots for other rows; vLLM max-num-seqs 256,Cache-off comparison. Reference counters audited zero hits; older Infervisor runs lack counter capture. Production 20%/80% reuse not qualified,0151eab889a8ef9255543ba21cd72562b0bc3b6864cb2887a8f292bc505041bc,TC64 flat rings,g32,128,128,32,greedy,2,complete,Short retrieval: 72/72 each; broader equivalence unqualified,2581.5793925570706,2581.5793925570706,5163.158785114141,20.168589004352114,232.29927951353605,10.954801810265517,0.25725114984404157,,3273.0664619567906,3273.0664619567906,6546.132923913581,25.570831734037426,182.54698500968516,9.427480758002805,0.8330251429382944,,0.7887341801833389
.,"Gemma-4-12B-IT FP8, same local checkpoint; immutable upstream revision not recorded in this report","Same FP8 checkpoint weights, BF16 KV cache; Infervisor rekey preserves 328 FP8 weight tensors; execution arithmetic differs by kernel","Same 1 x NVIDIA H100 SXM 80GB, tensor parallelism 1",Infervisor (Plow runtime; variant-specific frozen binaries) vs vLLM 0.28.0,,Different: Infervisor 64 slots for TC64 candidates and 32 slots for other rows; vLLM max-num-seqs 256,Cache-off comparison. Reference counters audited zero hits; older Infervisor runs lack counter capture. Production 20%/80% reuse not qualified,0151eab889a8ef9255543ba21cd72562b0bc3b6864cb2887a8f292bc505041bc,TC64 flat rings,g64,128,128,64,greedy,2,complete,Short retrieval: 72/72 each; broader equivalence unqualified,3058.7483137911904,3058.7483137911904,6117.496627582381,23.896471201493675,447.9342983441893,20.039896781567307,0.3999884074630129,,5459.555424857858,5459.555424857858,10919.110849715717,42.65277675670202,315.2726600843016,11.08124535894718,0.4933167963038612,,0.5602559321706724
.,"Gemma-4-12B-IT FP8, same local checkpoint; immutable upstream revision not recorded in this report","Same FP8 checkpoint weights, BF16 KV cache; Infervisor rekey preserves 328 FP8 weight tensors; execution arithmetic differs by kernel","Same 1 x NVIDIA H100 SXM 80GB, tensor parallelism 1",Infervisor (Plow runtime; variant-specific frozen binaries) vs vLLM 0.28.0,,Different: Infervisor 64 slots for TC64 candidates and 32 slots for other rows; vLLM max-num-seqs 256,Cache-off comparison. Reference counters audited zero hits; older Infervisor runs lack counter capture. Production 20%/80% reuse not qualified,0151eab889a8ef9255543ba21cd72562b0bc3b6864cb2887a8f292bc505041bc,TC64 flat rings,g128,128,128,128,greedy,2,complete,Short retrieval: 72/72 each; broader equivalence unqualified,3017.3415068762592,3017.3415068762592,6034.6830137525185,23.572980522470775,3245.8405376190785,20.555154014255955,3.1610031017185944,,7793.059880782105,7793.059880782105,15586.11976156421,60.8832803186102,597.3337350122165,15.299660934687145,0.777415290924739,,0.3871831543752287
.,"Gemma-4-12B-IT FP8, same local checkpoint; immutable upstream revision not recorded in this report","Same FP8 checkpoint weights, BF16 KV cache; Infervisor rekey preserves 328 FP8 weight tensors; execution arithmetic differs by kernel","Same 1 x NVIDIA H100 SXM 80GB, tensor parallelism 1",Infervisor (Plow runtime; variant-specific frozen binaries) vs vLLM 0.28.0,,Different: Infervisor 64 slots for TC64 candidates and 32 slots for other rows; vLLM max-num-seqs 256,Cache-off comparison. Reference counters audited zero hits; older Infervisor runs lack counter capture. Production 20%/80% reuse not qualified,0151eab889a8ef9255543ba21cd72562b0bc3b6864cb2887a8f292bc505041bc,TC64 flat rings,s1,128,128,1,sampled T=1 top_p=.95,2,complete,Short retrieval: 72/72 each; broader equivalence unqualified,129.25723540098838,129.25723540098838,258.51447080197676,1.0098221515702217,23.981385651277378,7.623404182326855,0.08518166136426636,,131.1595603427686,131.1595603427686,262.3191206855372,1.0246840651778797,24.483513487502933,7.54604322635972,0.10296466076924626,,0.9854961015666053
.,"Gemma-4-12B-IT FP8, same local checkpoint; immutable upstream revision not recorded in this report","Same FP8 checkpoint weights, BF16 KV cache; Infervisor rekey preserves 328 FP8 weight tensors; execution arithmetic differs by kernel","Same 1 x NVIDIA H100 SXM 80GB, tensor parallelism 1",Infervisor (Plow runtime; variant-specific frozen binaries) vs vLLM 0.28.0,,Different: Infervisor 64 slots for TC64 candidates and 32 slots for other rows; vLLM max-num-seqs 256,Cache-off comparison. Reference counters audited zero hits; older Infervisor runs lack counter capture. Production 20%/80% reuse not qualified,0151eab889a8ef9255543ba21cd72562b0bc3b6864cb2887a8f292bc505041bc,TC64 flat rings,s4,128,128,4,sampled T=1 top_p=.95,2,complete,Short retrieval: 72/72 each; broader equivalence unqualified,499.9684063707507,499.9684063707507,999.9368127415014,3.90600317477149,58.26173692010343,7.933274898568065,2.065903341071842,,508.9270093181025,508.9270093181025,1017.854018636205,3.9759922602976756,44.12947272998281,7.608199365910025,0.11269446493534291,,0.9823970770202289
.,"Gemma-4-12B-IT FP8, same local checkpoint; immutable upstream revision not recorded in this report","Same FP8 checkpoint weights, BF16 KV cache; Infervisor rekey preserves 328 FP8 weight tensors; execution arithmetic differs by kernel","Same 1 x NVIDIA H100 SXM 80GB, tensor parallelism 1",Infervisor (Plow runtime; variant-specific frozen binaries) vs vLLM 0.28.0,,Different: Infervisor 64 slots for TC64 candidates and 32 slots for other rows; vLLM max-num-seqs 256,Cache-off comparison. Reference counters audited zero hits; older Infervisor runs lack counter capture. Production 20%/80% reuse not qualified,0151eab889a8ef9255543ba21cd72562b0bc3b6864cb2887a8f292bc505041bc,TC64 flat rings,s16,128,128,16,sampled T=1 top_p=.95,2,complete,Short retrieval: 72/72 each; broader equivalence unqualified,1682.3434110649048,1682.3434110649048,3364.6868221298096,13.143307898944569,118.9976996742189,9.304565990913849,0.14522199673125188,,1887.4702390236664,1887.4702390236664,3774.940478047333,14.745861242372394,100.94763894448988,8.194516354706138,0.341542471458881,,0.8913218212834615
.,"Gemma-4-12B-IT FP8, same local checkpoint; immutable upstream revision not recorded in this report","Same FP8 checkpoint weights, BF16 KV cache; Infervisor rekey preserves 328 FP8 weight tensors; execution arithmetic differs by kernel","Same 1 x NVIDIA H100 SXM 80GB, tensor parallelism 1",Infervisor (Plow runtime; variant-specific frozen binaries) vs vLLM 0.28.0,,Different: Infervisor 64 slots for TC64 candidates and 32 slots for other rows; vLLM max-num-seqs 256,Cache-off comparison. Reference counters audited zero hits; older Infervisor runs lack counter capture. Production 20%/80% reuse not qualified,0151eab889a8ef9255543ba21cd72562b0bc3b6864cb2887a8f292bc505041bc,TC64 flat rings,s32,128,128,32,sampled T=1 top_p=.95,2,complete,Short retrieval: 72/72 each; broader equivalence unqualified,2548.185518085648,2548.185518085648,5096.371036171296,19.907699360044123,233.5526897653472,11.035729100740717,0.1460091842953735,,3168.1075045054145,3168.1075045054145,6336.215009010829,24.75083987894855,178.79165042191744,9.739091670136956,0.4515990050191117,,0.8043241949529282
.,"Gemma-4-12B-IT FP8, same local checkpoint; immutable upstream revision not recorded in this report","Same FP8 checkpoint weights, BF16 KV cache; Infervisor rekey preserves 328 FP8 weight tensors; execution arithmetic differs by kernel","Same 1 x NVIDIA H100 SXM 80GB, tensor parallelism 1",Infervisor (Plow runtime; variant-specific frozen binaries) vs vLLM 0.28.0,,Different: Infervisor 64 slots for TC64 candidates and 32 slots for other rows; vLLM max-num-seqs 256,Cache-off comparison. Reference counters audited zero hits; older Infervisor runs lack counter capture. Production 20%/80% reuse not qualified,0151eab889a8ef9255543ba21cd72562b0bc3b6864cb2887a8f292bc505041bc,TC64 flat rings,s64,128,128,64,sampled T=1 top_p=.95,2,complete,Short retrieval: 72/72 each; broader equivalence unqualified,3016.391339705398,3016.391339705398,6032.782679410796,23.56555734144842,462.76194951846264,20.4986646598183,0.32216335850401706,,5276.546447136158,5276.546447136158,10553.092894272317,41.22301911825124,310.7741760497447,11.52350094977869,0.4316696987121105,,0.5716601511851643
.,"Gemma-4-12B-IT FP8, same local checkpoint; immutable upstream revision not recorded in this report","Same FP8 checkpoint weights, BF16 KV cache; Infervisor rekey preserves 328 FP8 weight tensors; execution arithmetic differs by kernel","Same 1 x NVIDIA H100 SXM 80GB, tensor parallelism 1",Infervisor (Plow runtime; variant-specific frozen binaries) vs vLLM 0.28.0,,Different: Infervisor 64 slots for TC64 candidates and 32 slots for other rows; vLLM max-num-seqs 256,Cache-off comparison. Reference counters audited zero hits; older Infervisor runs lack counter capture. Production 20%/80% reuse not qualified,0151eab889a8ef9255543ba21cd72562b0bc3b6864cb2887a8f292bc505041bc,TC64 flat rings,s128,128,128,128,sampled T=1 top_p=.95,2,complete,Short retrieval: 72/72 each; broader equivalence unqualified,3045.8070333161795,3045.8070333161795,6091.614066632359,23.795367447782652,3140.201178538846,20.76404159598045,0.062360128701463666,,7465.8255991238675,7465.8255991238675,14931.651198247735,58.326762493155215,584.1078144323546,15.928967212607322,1.5089574243904376,,0.4079665393836165
.,"Gemma-4-12B-IT FP8, same local checkpoint; immutable upstream revision not recorded in this report","Same FP8 checkpoint weights, BF16 KV cache; Infervisor rekey preserves 328 FP8 weight tensors; execution arithmetic differs by kernel","Same 1 x NVIDIA H100 SXM 80GB, tensor parallelism 1",Infervisor (Plow runtime; variant-specific frozen binaries) vs vLLM 0.28.0,,Different: Infervisor 64 slots for TC64 candidates and 32 slots for other rows; vLLM max-num-seqs 256,Cache-off comparison. Reference counters audited zero hits; older Infervisor runs lack counter capture. Production 20%/80% reuse not qualified,0151eab889a8ef9255543ba21cd72562b0bc3b6864cb2887a8f292bc505041bc,original BF16-KV control,g1,1024,128,1,greedy,2,complete,Not qualified for this context,126.77196328027644,126.77196328027644,1140.947669522488,0.9904059631271597,95.82830115337865,7.580111351434332,0.597857024274699,,130.68851528239767,130.68851528239767,1176.196637541579,1.0210040256437318,58.116626950213714,7.4052187050582745,0.1426666793582214,,0.9700313987525363
.,"Gemma-4-12B-IT FP8, same local checkpoint; immutable upstream revision not recorded in this report","Same FP8 checkpoint weights, BF16 KV cache; Infervisor rekey preserves 328 FP8 weight tensors; execution arithmetic differs by kernel","Same 1 x NVIDIA H100 SXM 80GB, tensor parallelism 1",Infervisor (Plow runtime; variant-specific frozen binaries) vs vLLM 0.28.0,,Different: Infervisor 64 slots for TC64 candidates and 32 slots for other rows; vLLM max-num-seqs 256,Cache-off comparison. Reference counters audited zero hits; older Infervisor runs lack counter capture. Production 20%/80% reuse not qualified,0151eab889a8ef9255543ba21cd72562b0bc3b6864cb2887a8f292bc505041bc,original BF16-KV control,g4,1024,128,4,greedy,2,complete,Not qualified for this context,405.02274833557846,405.02274833557846,3645.204735020206,3.1642402213717067,248.57619286631234,9.45839194577246,1.1048633745162106,,459.717154934439,459.717154934439,4137.4543944099505,3.5915402729253048,136.07859745738097,8.262753245039425,0.054681348737472366,,0.8810259612638109
.,"Gemma-4-12B-IT FP8, same local checkpoint; immutable upstream revision not recorded in this report","Same FP8 checkpoint weights, BF16 KV cache; Infervisor rekey preserves 328 FP8 weight tensors; execution arithmetic differs by kernel","Same 1 x NVIDIA H100 SXM 80GB, tensor parallelism 1",Infervisor (Plow runtime; variant-specific frozen binaries) vs vLLM 0.28.0,,Different: Infervisor 64 slots for TC64 candidates and 32 slots for other rows; vLLM max-num-seqs 256,Cache-off comparison. Reference counters audited zero hits; older Infervisor runs lack counter capture. Production 20%/80% reuse not qualified,0151eab889a8ef9255543ba21cd72562b0bc3b6864cb2887a8f292bc505041bc,original BF16-KV control,g16,1024,128,16,greedy,2,complete,Not qualified for this context,1032.688610568233,1032.688610568233,9294.197495114096,8.06787977006432,678.8517393171787,14.712907919453045,1.2598209254612387,,1272.6259408087099,1272.6259408087099,11453.633467278389,9.942390162568046,467.4617802433204,12.077861871821511,0.008540139798445565,,0.8114628010112657
.,"Gemma-4-12B-IT FP8, same local checkpoint; immutable upstream revision not recorded in this report","Same FP8 checkpoint weights, BF16 KV cache; Infervisor rekey preserves 328 FP8 weight tensors; execution arithmetic differs by kernel","Same 1 x NVIDIA H100 SXM 80GB, tensor parallelism 1",Infervisor (Plow runtime; variant-specific frozen binaries) vs vLLM 0.28.0,,Different: Infervisor 64 slots for TC64 candidates and 32 slots for other rows; vLLM max-num-seqs 256,Cache-off comparison. Reference counters audited zero hits; older Infervisor runs lack counter capture. Production 20%/80% reuse not qualified,0151eab889a8ef9255543ba21cd72562b0bc3b6864cb2887a8f292bc505041bc,original BF16-KV control,g32,1024,128,32,greedy,2,complete,Not qualified for this context,1344.658174040435,1344.658174040435,12101.923566363916,10.505141984690898,1286.2738243525382,23.05735853469498,0.0017448599930444258,,1725.9363096511286,1725.9363096511286,15533.426786860158,13.483877419149442,924.5054034469649,18.003716091744558,0.20585969056792328,,0.7790891045754966
.,"Gemma-4-12B-IT FP8, same local checkpoint; immutable upstream revision not recorded in this report","Same FP8 checkpoint weights, BF16 KV cache; Infervisor rekey preserves 328 FP8 weight tensors; execution arithmetic differs by kernel","Same 1 x NVIDIA H100 SXM 80GB, tensor parallelism 1",Infervisor (Plow runtime; variant-specific frozen binaries) vs vLLM 0.28.0,,Different: Infervisor 64 slots for TC64 candidates and 32 slots for other rows; vLLM max-num-seqs 256,Cache-off comparison. Reference counters audited zero hits; older Infervisor runs lack counter capture. Production 20%/80% reuse not qualified,0151eab889a8ef9255543ba21cd72562b0bc3b6864cb2887a8f292bc505041bc,original BF16-KV control,g64,1024,128,64,greedy,2,complete,Not qualified for this context,1348.20643686246,1348.20643686246,12133.85793176214,10.532862787987968,4254.33649875573,23.38520706890657,0.0630067681485188,,2177.2867118693794,2177.2867118693794,19595.580406824418,17.010052436479526,1844.335164531367,28.734123265126897,0.09799208580816052,,0.6192140104988351
.,"Gemma-4-12B-IT FP8, same local checkpoint; immutable upstream revision not recorded in this report","Same FP8 checkpoint weights, BF16 KV cache; Infervisor rekey preserves 328 FP8 weight tensors; execution arithmetic differs by kernel","Same 1 x NVIDIA H100 SXM 80GB, tensor parallelism 1",Infervisor (Plow runtime; variant-specific frozen binaries) vs vLLM 0.28.0,,Different: Infervisor 64 slots for TC64 candidates and 32 slots for other rows; vLLM max-num-seqs 256,Cache-off comparison. Reference counters audited zero hits; older Infervisor runs lack counter capture. Production 20%/80% reuse not qualified,0151eab889a8ef9255543ba21cd72562b0bc3b6864cb2887a8f292bc505041bc,original BF16-KV control,g128,1024,128,128,greedy,2,complete,Not qualified for this context,1331.1706082079586,1331.1706082079586,11980.535473871629,10.399770376624677,10313.88041798491,24.235942103317022,0.30193609457042725,,2440.2336429135958,2440.2336429135958,21962.102786222364,19.064325335262467,3780.048560682917,51.18911536557116,0.22118374702223115,,0.5455094892547111
.,"Gemma-4-12B-IT FP8, same local checkpoint; immutable upstream revision not recorded in this report","Same FP8 checkpoint weights, BF16 KV cache; Infervisor rekey preserves 328 FP8 weight tensors; execution arithmetic differs by kernel","Same 1 x NVIDIA H100 SXM 80GB, tensor parallelism 1",Infervisor (Plow runtime; variant-specific frozen binaries) vs vLLM 0.28.0,,Different: Infervisor 64 slots for TC64 candidates and 32 slots for other rows; vLLM max-num-seqs 256,Cache-off comparison. Reference counters audited zero hits; older Infervisor runs lack counter capture. Production 20%/80% reuse not qualified,0151eab889a8ef9255543ba21cd72562b0bc3b6864cb2887a8f292bc505041bc,original BF16-KV control,s1,1024,128,1,sampled T=1 top_p=.95,2,complete,Not qualified for this context,124.63001078647582,124.63001078647582,1121.6700970782824,0.9736719592693424,48.35967145394534,7.734532562876487,0.21817663952627941,,127.46137048272155,127.46137048272155,1147.152334344494,0.9957919568962621,43.18639955134131,7.626349099959416,0.05108972939070734,,0.9777865271217248
.,"Gemma-4-12B-IT FP8, same local checkpoint; immutable upstream revision not recorded in this report","Same FP8 checkpoint weights, BF16 KV cache; Infervisor rekey preserves 328 FP8 weight tensors; execution arithmetic differs by kernel","Same 1 x NVIDIA H100 SXM 80GB, tensor parallelism 1",Infervisor (Plow runtime; variant-specific frozen binaries) vs vLLM 0.28.0,,Different: Infervisor 64 slots for TC64 candidates and 32 slots for other rows; vLLM max-num-seqs 256,Cache-off comparison. Reference counters audited zero hits; older Infervisor runs lack counter capture. Production 20%/80% reuse not qualified,0151eab889a8ef9255543ba21cd72562b0bc3b6864cb2887a8f292bc505041bc,original BF16-KV control,s4,1024,128,4,sampled T=1 top_p=.95,2,complete,Not qualified for this context,395.567975640529,395.567975640529,3560.1117807647615,3.090374809691633,247.98264148877934,9.682476269374565,0.24480759551325043,,447.8582299398228,447.8582299398228,4030.7240694584057,3.498892421404866,135.53477367851883,8.506311727632717,0.08275743639218855,,0.8832437347275724
.,"Gemma-4-12B-IT FP8, same local checkpoint; immutable upstream revision not recorded in this report","Same FP8 checkpoint weights, BF16 KV cache; Infervisor rekey preserves 328 FP8 weight tensors; execution arithmetic differs by kernel","Same 1 x NVIDIA H100 SXM 80GB, tensor parallelism 1",Infervisor (Plow runtime; variant-specific frozen binaries) vs vLLM 0.28.0,,Different: Infervisor 64 slots for TC64 candidates and 32 slots for other rows; vLLM max-num-seqs 256,Cache-off comparison. Reference counters audited zero hits; older Infervisor runs lack counter capture. Production 20%/80% reuse not qualified,0151eab889a8ef9255543ba21cd72562b0bc3b6864cb2887a8f292bc505041bc,original BF16-KV control,s16,1024,128,16,sampled T=1 top_p=.95,2,complete,Not qualified for this context,1018.772917441029,1018.772917441029,9168.95625696926,7.959163417508039,660.4558465420268,14.800545689970708,0.7927913764826428,,1248.0649204291221,1248.0649204291221,11232.5842838621,9.750507190852517,463.6334683804307,12.370763372998377,0.37803727859095415,,0.8162819904358375
.,"Gemma-4-12B-IT FP8, same local checkpoint; immutable upstream revision not recorded in this report","Same FP8 checkpoint weights, BF16 KV cache; Infervisor rekey preserves 328 FP8 weight tensors; execution arithmetic differs by kernel","Same 1 x NVIDIA H100 SXM 80GB, tensor parallelism 1",Infervisor (Plow runtime; variant-specific frozen binaries) vs vLLM 0.28.0,,Different: Infervisor 64 slots for TC64 candidates and 32 slots for other rows; vLLM max-num-seqs 256,Cache-off comparison. Reference counters audited zero hits; older Infervisor runs lack counter capture. Production 20%/80% reuse not qualified,0151eab889a8ef9255543ba21cd72562b0bc3b6864cb2887a8f292bc505041bc,original BF16-KV control,s32,1024,128,32,sampled T=1 top_p=.95,2,complete,Not qualified for this context,1323.4361506375901,1323.4361506375901,11910.925355738313,10.339344926856173,1292.9150489647873,23.451971798863877,0.4892905205052237,,1693.5000679772759,1693.5000679772759,15241.500611795482,13.230469281072468,927.4167367606424,18.304927627964855,0.048684736963129784,,0.7814798331944021
.,"Gemma-4-12B-IT FP8, same local checkpoint; immutable upstream revision not recorded in this report","Same FP8 checkpoint weights, BF16 KV cache; Infervisor rekey preserves 328 FP8 weight tensors; execution arithmetic differs by kernel","Same 1 x NVIDIA H100 SXM 80GB, tensor parallelism 1",Infervisor (Plow runtime; variant-specific frozen binaries) vs vLLM 0.28.0,,Different: Infervisor 64 slots for TC64 candidates and 32 slots for other rows; vLLM max-num-seqs 256,Cache-off comparison. Reference counters audited zero hits; older Infervisor runs lack counter capture. Production 20%/80% reuse not qualified,0151eab889a8ef9255543ba21cd72562b0bc3b6864cb2887a8f292bc505041bc,original BF16-KV control,s64,1024,128,64,sampled T=1 top_p=.95,2,complete,Not qualified for this context,1328.475872085092,1328.475872085092,11956.28284876583,10.378717750664782,4325.507034428884,23.87247289799513,0.04603906265790898,,2141.8133664568327,2141.8133664568327,19276.320298111492,16.732916925444005,1842.9161096923053,29.22512452762508,0.20632111818870355,,0.6202575317207812
.,"Gemma-4-12B-IT FP8, same local checkpoint; immutable upstream revision not recorded in this report","Same FP8 checkpoint weights, BF16 KV cache; Infervisor rekey preserves 328 FP8 weight tensors; execution arithmetic differs by kernel","Same 1 x NVIDIA H100 SXM 80GB, tensor parallelism 1",Infervisor (Plow runtime; variant-specific frozen binaries) vs vLLM 0.28.0,,Different: Infervisor 64 slots for TC64 candidates and 32 slots for other rows; vLLM max-num-seqs 256,Cache-off comparison. Reference counters audited zero hits; older Infervisor runs lack counter capture. Production 20%/80% reuse not qualified,0151eab889a8ef9255543ba21cd72562b0bc3b6864cb2887a8f292bc505041bc,original BF16-KV control,s128,1024,128,128,sampled T=1 top_p=.95,2,complete,Not qualified for this context,1314.438293470304,1314.438293470304,11829.944641232736,10.26904916773675,10439.73632055102,24.519923709041446,0.22358698852801945,,2417.4111897395323,2417.4111897395323,21756.70070765579,18.886024919840096,3769.1274450416677,51.65363226400314,0.06746545516082215,,0.5437379867559603
.,"Gemma-4-12B-IT FP8, same local checkpoint; immutable upstream revision not recorded in this report","Same FP8 checkpoint weights, BF16 KV cache; Infervisor rekey preserves 328 FP8 weight tensors; execution arithmetic differs by kernel","Same 1 x NVIDIA H100 SXM 80GB, tensor parallelism 1",Infervisor (Plow runtime; variant-specific frozen binaries) vs vLLM 0.28.0,,Different: Infervisor 64 slots for TC64 candidates and 32 slots for other rows; vLLM max-num-seqs 256,Cache-off comparison. Reference counters audited zero hits; older Infervisor runs lack counter capture. Production 20%/80% reuse not qualified,0151eab889a8ef9255543ba21cd72562b0bc3b6864cb2887a8f292bc505041bc,original BF16-KV control,g1,4096,128,1,greedy,2,complete,Not qualified for this context,112.74336230196732,112.74336230196732,3720.5309559649218,0.8808075179841197,197.444799609948,7.5818157175603496,0.16587453044062545,,118.90682009718071,118.90682009718071,3923.9250632069634,0.9289595320092243,144.35861373203807,7.441254711478919,0.15470799777184888,,0.948165649454118
.,"Gemma-4-12B-IT FP8, same local checkpoint; immutable upstream revision not recorded in this report","Same FP8 checkpoint weights, BF16 KV cache; Infervisor rekey preserves 328 FP8 weight tensors; execution arithmetic differs by kernel","Same 1 x NVIDIA H100 SXM 80GB, tensor parallelism 1",Infervisor (Plow runtime; variant-specific frozen binaries) vs vLLM 0.28.0,,Different: Infervisor 64 slots for TC64 candidates and 32 slots for other rows; vLLM max-num-seqs 256,Cache-off comparison. Reference counters audited zero hits; older Infervisor runs lack counter capture. Production 20%/80% reuse not qualified,0151eab889a8ef9255543ba21cd72562b0bc3b6864cb2887a8f292bc505041bc,original BF16-KV control,g4,4096,128,4,greedy,2,complete,Not qualified for this context,278.58552556575006,278.58552556575006,9193.322343669752,2.1764494184824223,732.6513879699633,12.63671260489349,1.9478572645639687,,348.8515840596269,348.8515840596269,11512.102273967686,2.725403000465835,488.2720285002142,10.45420837389694,0.03572344689502709,,0.7985789324039111
.,"Gemma-4-12B-IT FP8, same local checkpoint; immutable upstream revision not recorded in this report","Same FP8 checkpoint weights, BF16 KV cache; Infervisor rekey preserves 328 FP8 weight tensors; execution arithmetic differs by kernel","Same 1 x NVIDIA H100 SXM 80GB, tensor parallelism 1",Infervisor (Plow runtime; variant-specific frozen binaries) vs vLLM 0.28.0,,Different: Infervisor 64 slots for TC64 candidates and 32 slots for other rows; vLLM max-num-seqs 256,Cache-off comparison. Reference counters audited zero hits; older Infervisor runs lack counter capture. Production 20%/80% reuse not qualified,0151eab889a8ef9255543ba21cd72562b0bc3b6864cb2887a8f292bc505041bc,original BF16-KV control,g16,4096,128,16,greedy,2,complete,Not qualified for this context,517.0944959414331,517.0944959414331,17064.118366067294,4.039800749542446,2575.3545671352185,29.276600338914612,0.37043868660385093,,674.0235079772228,674.0235079772228,22242.775763248355,5.265808656072053,1886.1865204933565,22.61641182350985,0.02989581671141212,,0.7671757584438839
.,"Gemma-4-12B-IT FP8, same local checkpoint; immutable upstream revision not recorded in this report","Same FP8 checkpoint weights, BF16 KV cache; Infervisor rekey preserves 328 FP8 weight tensors; execution arithmetic differs by kernel","Same 1 x NVIDIA H100 SXM 80GB, tensor parallelism 1",Infervisor (Plow runtime; variant-specific frozen binaries) vs vLLM 0.28.0,,Different: Infervisor 64 slots for TC64 candidates and 32 slots for other rows; vLLM max-num-seqs 256,Cache-off comparison. Reference counters audited zero hits; older Infervisor runs lack counter capture. Production 20%/80% reuse not qualified,0151eab889a8ef9255543ba21cd72562b0bc3b6864cb2887a8f292bc505041bc,original BF16-KV control,g32,4096,128,32,greedy,2,complete,Not qualified for this context,582.0667148383975,582.0667148383975,19208.20158966712,4.5473962096749805,5217.601044696057,52.94786833356846,0.3082457783349581,,782.8905693553846,782.8905693553846,25835.38878872769,6.116332573088942,3771.329712847946,39.680662968417806,0.050711959836870116,,0.7434841312722145
.,"Gemma-4-12B-IT FP8, same local checkpoint; immutable upstream revision not recorded in this report","Same FP8 checkpoint weights, BF16 KV cache; Infervisor rekey preserves 328 FP8 weight tensors; execution arithmetic differs by kernel","Same 1 x NVIDIA H100 SXM 80GB, tensor parallelism 1",Infervisor (Plow runtime; variant-specific frozen binaries) vs vLLM 0.28.0,,Different: Infervisor 64 slots for TC64 candidates and 32 slots for other rows; vLLM max-num-seqs 256,Cache-off comparison. Reference counters audited zero hits; older Infervisor runs lack counter capture. Production 20%/80% reuse not qualified,0151eab889a8ef9255543ba21cd72562b0bc3b6864cb2887a8f292bc505041bc,original BF16-KV control,g64,4096,128,64,greedy,2,complete,Not qualified for this context,588.1790169361565,588.1790169361565,19409.907558893163,4.595148569813722,11906.992751144571,53.170502425857094,0.34445792272092773,,861.0209262328059,861.0209262328059,28413.690565682595,6.726725986193796,7533.284180425109,72.30756500910044,0.0538563403606788,,0.6831181438407021
.,"Gemma-4-12B-IT FP8, same local checkpoint; immutable upstream revision not recorded in this report","Same FP8 checkpoint weights, BF16 KV cache; Infervisor rekey preserves 328 FP8 weight tensors; execution arithmetic differs by kernel","Same 1 x NVIDIA H100 SXM 80GB, tensor parallelism 1",Infervisor (Plow runtime; variant-specific frozen binaries) vs vLLM 0.28.0,,Different: Infervisor 64 slots for TC64 candidates and 32 slots for other rows; vLLM max-num-seqs 256,Cache-off comparison. Reference counters audited zero hits; older Infervisor runs lack counter capture. Production 20%/80% reuse not qualified,0151eab889a8ef9255543ba21cd72562b0bc3b6864cb2887a8f292bc505041bc,original BF16-KV control,g128,4096,128,128,greedy,2,complete,Not qualified for this context,586.6122825607126,586.6122825607126,19358.205324503517,4.582908457505567,25452.474286921788,53.60444926124205,0.1937527678408244,,894.6525209783592,894.6525209783592,29523.533192285853,6.9894728201434315,15279.079391080895,139.80137342888693,0.0072062046119215455,,0.6556872850693082
.,"Gemma-4-12B-IT FP8, same local checkpoint; immutable upstream revision not recorded in this report","Same FP8 checkpoint weights, BF16 KV cache; Infervisor rekey preserves 328 FP8 weight tensors; execution arithmetic differs by kernel","Same 1 x NVIDIA H100 SXM 80GB, tensor parallelism 1",Infervisor (Plow runtime; variant-specific frozen binaries) vs vLLM 0.28.0,,Different: Infervisor 64 slots for TC64 candidates and 32 slots for other rows; vLLM max-num-seqs 256,Cache-off comparison. Reference counters audited zero hits; older Infervisor runs lack counter capture. Production 20%/80% reuse not qualified,0151eab889a8ef9255543ba21cd72562b0bc3b6864cb2887a8f292bc505041bc,original BF16-KV control,s1,4096,128,1,sampled T=1 top_p=.95,2,complete,Not qualified for this context,110.70476057542537,110.70476057542537,3653.257098989037,0.8648809419955107,172.5055726955179,7.784771857935363,0.08356716911293807,,116.16667653569968,116.16667653569968,3833.500325678089,0.9075521604351537,139.3450431036763,7.639797266781711,0.10654847231380891,,0.9529820760724287
.,"Gemma-4-12B-IT FP8, same local checkpoint; immutable upstream revision not recorded in this report","Same FP8 checkpoint weights, BF16 KV cache; Infervisor rekey preserves 328 FP8 weight tensors; execution arithmetic differs by kernel","Same 1 x NVIDIA H100 SXM 80GB, tensor parallelism 1",Infervisor (Plow runtime; variant-specific frozen binaries) vs vLLM 0.28.0,,Different: Infervisor 64 slots for TC64 candidates and 32 slots for other rows; vLLM max-num-seqs 256,Cache-off comparison. Reference counters audited zero hits; older Infervisor runs lack counter capture. Production 20%/80% reuse not qualified,0151eab889a8ef9255543ba21cd72562b0bc3b6864cb2887a8f292bc505041bc,original BF16-KV control,s4,4096,128,4,sampled T=1 top_p=.95,2,complete,Not qualified for this context,268.16515881578147,268.16515881578147,8849.450240920787,2.0950403032482927,750.1872375432868,14.098247898913053,5.515699900285043,,341.76991876843124,341.76991876843124,11278.40731935823,2.670077490378369,493.97383562871255,10.684250932100678,0.24199906808628877,,0.7846365174036243
.,"Gemma-4-12B-IT FP8, same local checkpoint; immutable upstream revision not recorded in this report","Same FP8 checkpoint weights, BF16 KV cache; Infervisor rekey preserves 328 FP8 weight tensors; execution arithmetic differs by kernel","Same 1 x NVIDIA H100 SXM 80GB, tensor parallelism 1",Infervisor (Plow runtime; variant-specific frozen binaries) vs vLLM 0.28.0,,Different: Infervisor 64 slots for TC64 candidates and 32 slots for other rows; vLLM max-num-seqs 256,Cache-off comparison. Reference counters audited zero hits; older Infervisor runs lack counter capture. Production 20%/80% reuse not qualified,0151eab889a8ef9255543ba21cd72562b0bc3b6864cb2887a8f292bc505041bc,original BF16-KV control,s16,4096,128,16,sampled T=1 top_p=.95,2,complete,Not qualified for this context,515.7869454909242,515.7869454909242,17020.9692012005,4.029585511647845,2601.428203796968,29.422065660982636,0.4879118181070444,,668.1420819548713,668.1420819548713,22048.68870451075,5.219860015272432,1881.2798716244288,22.825117314217877,0.12183811305448364,,0.7719719494120447
.,"Gemma-4-12B-IT FP8, same local checkpoint; immutable upstream revision not recorded in this report","Same FP8 checkpoint weights, BF16 KV cache; Infervisor rekey preserves 328 FP8 weight tensors; execution arithmetic differs by kernel","Same 1 x NVIDIA H100 SXM 80GB, tensor parallelism 1",Infervisor (Plow runtime; variant-specific frozen binaries) vs vLLM 0.28.0,,Different: Infervisor 64 slots for TC64 candidates and 32 slots for other rows; vLLM max-num-seqs 256,Cache-off comparison. Reference counters audited zero hits; older Infervisor runs lack counter capture. Production 20%/80% reuse not qualified,0151eab889a8ef9255543ba21cd72562b0bc3b6864cb2887a8f292bc505041bc,original BF16-KV control,s32,4096,128,32,sampled T=1 top_p=.95,2,complete,Not qualified for this context,577.4079833976477,577.4079833976477,19054.463452122378,4.510999870294123,5143.437660250347,53.541580759104356,0.18639347558425887,,776.7921010524437,776.7921010524437,25634.139334730644,6.068688289472217,3773.5550722375046,39.98100851366377,0.2268346970393448,,0.7433237060667086
.,"Gemma-4-12B-IT FP8, same local checkpoint; immutable upstream revision not recorded in this report","Same FP8 checkpoint weights, BF16 KV cache; Infervisor rekey preserves 328 FP8 weight tensors; execution arithmetic differs by kernel","Same 1 x NVIDIA H100 SXM 80GB, tensor parallelism 1",Infervisor (Plow runtime; variant-specific frozen binaries) vs vLLM 0.28.0,,Different: Infervisor 64 slots for TC64 candidates and 32 slots for other rows; vLLM max-num-seqs 256,Cache-off comparison. Reference counters audited zero hits; older Infervisor runs lack counter capture. Production 20%/80% reuse not qualified,0151eab889a8ef9255543ba21cd72562b0bc3b6864cb2887a8f292bc505041bc,original BF16-KV control,s64,4096,128,64,sampled T=1 top_p=.95,2,complete,Not qualified for this context,582.0078852843122,582.0078852843122,19206.260214382306,4.546936603783689,11995.657949697925,53.68577432201801,0.4096824099355157,,855.3780657251401,855.3780657251401,28227.476168929625,6.682641138477657,7554.637342967328,72.75130216630843,0.11718924859454456,,0.6804101117450557
.,"Gemma-4-12B-IT FP8, same local checkpoint; immutable upstream revision not recorded in this report","Same FP8 checkpoint weights, BF16 KV cache; Infervisor rekey preserves 328 FP8 weight tensors; execution arithmetic differs by kernel","Same 1 x NVIDIA H100 SXM 80GB, tensor parallelism 1",Infervisor (Plow runtime; variant-specific frozen binaries) vs vLLM 0.28.0,,Different: Infervisor 64 slots for TC64 candidates and 32 slots for other rows; vLLM max-num-seqs 256,Cache-off comparison. Reference counters audited zero hits; older Infervisor runs lack counter capture. Production 20%/80% reuse not qualified,0151eab889a8ef9255543ba21cd72562b0bc3b6864cb2887a8f292bc505041bc,original BF16-KV control,s128,4096,128,128,sampled T=1 top_p=.95,2,complete,Not qualified for this context,581.4349720618956,581.4349720618956,19187.354078042554,4.542460719233559,25572.836560274016,54.191007762734856,0.15391651428373793,,890.9269980342817,890.9269980342817,29400.5909351313,6.960367172142826,15284.359725313272,140.3237153915505,0.13393684484733176,,0.6526179735766888
.,"Gemma-4-12B-IT FP8, same local checkpoint; immutable upstream revision not recorded in this report","Same FP8 checkpoint weights, BF16 KV cache; Infervisor rekey preserves 328 FP8 weight tensors; execution arithmetic differs by kernel","Same 1 x NVIDIA H100 SXM 80GB, tensor parallelism 1",Infervisor (Plow runtime; variant-specific frozen binaries) vs vLLM 0.28.0,,Different: Infervisor 64 slots for TC64 candidates and 32 slots for other rows; vLLM max-num-seqs 256,Cache-off comparison. Reference counters audited zero hits; older Infervisor runs lack counter capture. Production 20%/80% reuse not qualified,0151eab889a8ef9255543ba21cd72562b0bc3b6864cb2887a8f292bc505041bc,original BF16-KV control,g1,7000,128,1,greedy,2,complete,Not qualified for this context,99.93986302956495,99.93986302956495,5565.4011224588985,0.7807801799184761,340.0255919108168,7.666783092110821,0.1334405788061645,,107.98834883271554,107.98834883271554,6013.601175621847,0.8436589752555902,261.76427165977657,7.462084783391484,0.06068154785579641,,0.9254689428058718
.,"Gemma-4-12B-IT FP8, same local checkpoint; immutable upstream revision not recorded in this report","Same FP8 checkpoint weights, BF16 KV cache; Infervisor rekey preserves 328 FP8 weight tensors; execution arithmetic differs by kernel","Same 1 x NVIDIA H100 SXM 80GB, tensor parallelism 1",Infervisor (Plow runtime; variant-specific frozen binaries) vs vLLM 0.28.0,,Different: Infervisor 64 slots for TC64 candidates and 32 slots for other rows; vLLM max-num-seqs 256,Cache-off comparison. Reference counters audited zero hits; older Infervisor runs lack counter capture. Production 20%/80% reuse not qualified,0151eab889a8ef9255543ba21cd72562b0bc3b6864cb2887a8f292bc505041bc,original BF16-KV control,g4,7000,128,4,greedy,2,complete,Not qualified for this context,218.29420157219545,218.29420157219545,12156.258350051634,1.705423449782777,1223.3216582401656,16.699288276209327,12.12681479636008,,277.4194814545266,277.4194814545266,15448.79737349895,2.167339698863489,861.0849062516354,12.563948252936825,0.02723320073578645,,0.7868740883937428
.,"Gemma-4-12B-IT FP8, same local checkpoint; immutable upstream revision not recorded in this report","Same FP8 checkpoint weights, BF16 KV cache; Infervisor rekey preserves 328 FP8 weight tensors; execution arithmetic differs by kernel","Same 1 x NVIDIA H100 SXM 80GB, tensor parallelism 1",Infervisor (Plow runtime; variant-specific frozen binaries) vs vLLM 0.28.0,,Different: Infervisor 64 slots for TC64 candidates and 32 slots for other rows; vLLM max-num-seqs 256,Cache-off comparison. Reference counters audited zero hits; older Infervisor runs lack counter capture. Production 20%/80% reuse not qualified,0151eab889a8ef9255543ba21cd72562b0bc3b6864cb2887a8f292bc505041bc,original BF16-KV control,g16,7000,128,16,greedy,2,complete,Not qualified for this context,344.87487865702394,344.87487865702394,19205.219805213022,2.6943349895079995,4487.6368868746795,43.494820635257966,0.7628217505203221,,452.5506297481333,452.5506297481333,25201.413194099176,3.5355517949072914,3387.776522146305,33.46218622631511,0.18088325634181154,,0.7620691608560213
.,"Gemma-4-12B-IT FP8, same local checkpoint; immutable upstream revision not recorded in this report","Same FP8 checkpoint weights, BF16 KV cache; Infervisor rekey preserves 328 FP8 weight tensors; execution arithmetic differs by kernel","Same 1 x NVIDIA H100 SXM 80GB, tensor parallelism 1",Infervisor (Plow runtime; variant-specific frozen binaries) vs vLLM 0.28.0,,Different: Infervisor 64 slots for TC64 candidates and 32 slots for other rows; vLLM max-num-seqs 256,Cache-off comparison. Reference counters audited zero hits; older Infervisor runs lack counter capture. Production 20%/80% reuse not qualified,0151eab889a8ef9255543ba21cd72562b0bc3b6864cb2887a8f292bc505041bc,original BF16-KV control,g32,7000,128,32,greedy,2,complete,Not qualified for this context,370.9270360260828,370.9270360260828,20655.99931870249,2.897867468953772,8927.313015304971,82.47449461326707,0.358179748464577,,501.1292184619299,501.1292184619299,27906.63335309872,3.9150720192338273,6595.249767024071,61.62583598150234,0.37464274799384256,,0.7401824167517816
.,"Gemma-4-12B-IT FP8, same local checkpoint; immutable upstream revision not recorded in this report","Same FP8 checkpoint weights, BF16 KV cache; Infervisor rekey preserves 328 FP8 weight tensors; execution arithmetic differs by kernel","Same 1 x NVIDIA H100 SXM 80GB, tensor parallelism 1",Infervisor (Plow runtime; variant-specific frozen binaries) vs vLLM 0.28.0,,Different: Infervisor 64 slots for TC64 candidates and 32 slots for other rows; vLLM max-num-seqs 256,Cache-off comparison. Reference counters audited zero hits; older Infervisor runs lack counter capture. Production 20%/80% reuse not qualified,0151eab889a8ef9255543ba21cd72562b0bc3b6864cb2887a8f292bc505041bc,original BF16-KV control,g64,7000,128,64,greedy,2,complete,Not qualified for this context,372.78122313064523,372.78122313064523,20759.254363087806,2.912353305708166,19612.439385520996,83.45595614357639,0.6345329308252677,,531.4146527660529,531.4146527660529,29593.15347590957,4.151676974734788,13431.413027661623,116.67776819551366,0.06558872715728854,,0.7014884162306989
.,"Gemma-4-12B-IT FP8, same local checkpoint; immutable upstream revision not recorded in this report","Same FP8 checkpoint weights, BF16 KV cache; Infervisor rekey preserves 328 FP8 weight tensors; execution arithmetic differs by kernel","Same 1 x NVIDIA H100 SXM 80GB, tensor parallelism 1",Infervisor (Plow runtime; variant-specific frozen binaries) vs vLLM 0.28.0,,Different: Infervisor 64 slots for TC64 candidates and 32 slots for other rows; vLLM max-num-seqs 256,Cache-off comparison. Reference counters audited zero hits; older Infervisor runs lack counter capture. Production 20%/80% reuse not qualified,0151eab889a8ef9255543ba21cd72562b0bc3b6864cb2887a8f292bc505041bc,original BF16-KV control,g128,7000,128,128,greedy,2,complete,Not qualified for this context,371.71416229083536,371.71416229083536,20699.832412570893,2.9040168928971513,40902.3556071648,84.06841558502349,0.25310492234417414,,540.41103053235,540.41103053235,30094.139262770237,4.221961176033984,27149.347415808596,231.6445837025971,0.008496437353357623,,0.6878360012834414
.,"Gemma-4-12B-IT FP8, same local checkpoint; immutable upstream revision not recorded in this report","Same FP8 checkpoint weights, BF16 KV cache; Infervisor rekey preserves 328 FP8 weight tensors; execution arithmetic differs by kernel","Same 1 x NVIDIA H100 SXM 80GB, tensor parallelism 1",Infervisor (Plow runtime; variant-specific frozen binaries) vs vLLM 0.28.0,,Different: Infervisor 64 slots for TC64 candidates and 32 slots for other rows; vLLM max-num-seqs 256,Cache-off comparison. Reference counters audited zero hits; older Infervisor runs lack counter capture. Production 20%/80% reuse not qualified,0151eab889a8ef9255543ba21cd72562b0bc3b6864cb2887a8f292bc505041bc,original BF16-KV control,s1,7000,128,1,sampled T=1 top_p=.95,2,complete,Not qualified for this context,98.46428328626166,98.46428328626166,5483.229775503696,0.7692522131739192,313.4697336726822,7.839425927904384,0.4825527304201106,,105.77343944372276,105.77343944372276,5890.258409022312,0.8263549956540841,246.39372480800375,7.663720893420602,0.1518598980081119,,0.930898000519781
.,"Gemma-4-12B-IT FP8, same local checkpoint; immutable upstream revision not recorded in this report","Same FP8 checkpoint weights, BF16 KV cache; Infervisor rekey preserves 328 FP8 weight tensors; execution arithmetic differs by kernel","Same 1 x NVIDIA H100 SXM 80GB, tensor parallelism 1",Infervisor (Plow runtime; variant-specific frozen binaries) vs vLLM 0.28.0,,Different: Infervisor 64 slots for TC64 candidates and 32 slots for other rows; vLLM max-num-seqs 256,Cache-off comparison. Reference counters audited zero hits; older Infervisor runs lack counter capture. Production 20%/80% reuse not qualified,0151eab889a8ef9255543ba21cd72562b0bc3b6864cb2887a8f292bc505041bc,original BF16-KV control,s4,7000,128,4,sampled T=1 top_p=.95,2,complete,Not qualified for this context,213.49328042312754,213.49328042312754,11888.907053562914,1.667916253305684,1214.6858938096557,16.97112349398236,9.318785431653419,,273.5908175980837,273.5908175980837,15235.588654993286,2.1374282624850287,860.7156415516511,12.776564112910268,0.4349738120277573,,0.7803378866931057
.,"Gemma-4-12B-IT FP8, same local checkpoint; immutable upstream revision not recorded in this report","Same FP8 checkpoint weights, BF16 KV cache; Infervisor rekey preserves 328 FP8 weight tensors; execution arithmetic differs by kernel","Same 1 x NVIDIA H100 SXM 80GB, tensor parallelism 1",Infervisor (Plow runtime; variant-specific frozen binaries) vs vLLM 0.28.0,,Different: Infervisor 64 slots for TC64 candidates and 32 slots for other rows; vLLM max-num-seqs 256,Cache-off comparison. Reference counters audited zero hits; older Infervisor runs lack counter capture. Production 20%/80% reuse not qualified,0151eab889a8ef9255543ba21cd72562b0bc3b6864cb2887a8f292bc505041bc,original BF16-KV control,s16,7000,128,16,sampled T=1 top_p=.95,2,complete,Not qualified for this context,347.05209236922474,347.05209236922474,19326.463393811202,2.7113444716345683,4481.704527011607,43.28644345619892,0.021267306304962156,,449.6344536701037,449.6344536701037,25039.0186387539,3.5127691692976852,3378.646070160903,33.637709336632156,0.20960688469458705,,0.7718538682621872
.,"Gemma-4-12B-IT FP8, same local checkpoint; immutable upstream revision not recorded in this report","Same FP8 checkpoint weights, BF16 KV cache; Infervisor rekey preserves 328 FP8 weight tensors; execution arithmetic differs by kernel","Same 1 x NVIDIA H100 SXM 80GB, tensor parallelism 1",Infervisor (Plow runtime; variant-specific frozen binaries) vs vLLM 0.28.0,,Different: Infervisor 64 slots for TC64 candidates and 32 slots for other rows; vLLM max-num-seqs 256,Cache-off comparison. Reference counters audited zero hits; older Infervisor runs lack counter capture. Production 20%/80% reuse not qualified,0151eab889a8ef9255543ba21cd72562b0bc3b6864cb2887a8f292bc505041bc,original BF16-KV control,s32,7000,128,32,sampled T=1 top_p=.95,2,complete,Not qualified for this context,369.145610810275,369.145610810275,20556.79620199719,2.8839500844552735,8887.93505544658,82.74251513095119,0.05579689966596564,,498.73289547439254,498.73289547439254,27773.188116730234,3.8963507458936917,6623.580589151244,61.982648183489,0.07691128491882285,,0.740166959428544
.,"Gemma-4-12B-IT FP8, same local checkpoint; immutable upstream revision not recorded in this report","Same FP8 checkpoint weights, BF16 KV cache; Infervisor rekey preserves 328 FP8 weight tensors; execution arithmetic differs by kernel","Same 1 x NVIDIA H100 SXM 80GB, tensor parallelism 1",Infervisor (Plow runtime; variant-specific frozen binaries) vs vLLM 0.28.0,,Different: Infervisor 64 slots for TC64 candidates and 32 slots for other rows; vLLM max-num-seqs 256,Cache-off comparison. Reference counters audited zero hits; older Infervisor runs lack counter capture. Production 20%/80% reuse not qualified,0151eab889a8ef9255543ba21cd72562b0bc3b6864cb2887a8f292bc505041bc,original BF16-KV control,s64,7000,128,64,sampled T=1 top_p=.95,2,complete,Not qualified for this context,370.85769262680964,370.85769262680964,20652.137758155463,2.8973257236469503,19579.94974374073,83.5993180430025,0.3649641156592223,,529.0889038739489,529.0889038739489,29463.638334480533,4.133507061515226,13460.330618342854,117.23894311073897,0.14429792001433855,,0.7009364398145902
.,"Gemma-4-12B-IT FP8, same local checkpoint; immutable upstream revision not recorded in this report","Same FP8 checkpoint weights, BF16 KV cache; Infervisor rekey preserves 328 FP8 weight tensors; execution arithmetic differs by kernel","Same 1 x NVIDIA H100 SXM 80GB, tensor parallelism 1",Infervisor (Plow runtime; variant-specific frozen binaries) vs vLLM 0.28.0,,Different: Infervisor 64 slots for TC64 candidates and 32 slots for other rows; vLLM max-num-seqs 256,Cache-off comparison. Reference counters audited zero hits; older Infervisor runs lack counter capture. Production 20%/80% reuse not qualified,0151eab889a8ef9255543ba21cd72562b0bc3b6864cb2887a8f292bc505041bc,original BF16-KV control,s128,7000,128,128,sampled T=1 top_p=.95,2,complete,Not qualified for this context,368.06786794822807,368.06786794822807,20496.77939636695,2.875530218345532,41305.544733866125,84.86792913203561,0.6488825294882176,,538.9508892918655,538.9508892918655,30012.827647440758,4.210553822592699,27181.031871094612,232.11925323574079,0.04024528590462909,,0.6829339653411413
.,"Gemma-4-12B-IT FP8, same local checkpoint; immutable upstream revision not recorded in this report","Same FP8 checkpoint weights, BF16 KV cache; Infervisor rekey preserves 328 FP8 weight tensors; execution arithmetic differs by kernel","Same 1 x NVIDIA H100 SXM 80GB, tensor parallelism 1",Infervisor (Plow runtime; variant-specific frozen binaries) vs vLLM 0.28.0,,Different: Infervisor 64 slots for TC64 candidates and 32 slots for other rows; vLLM max-num-seqs 256,Cache-off comparison. Reference counters audited zero hits; older Infervisor runs lack counter capture. Production 20%/80% reuse not qualified,0151eab889a8ef9255543ba21cd72562b0bc3b6864cb2887a8f292bc505041bc,original BF16-KV control,g1,15000,128,1,greedy,2,complete,Not qualified for this context,72.84584469238516,72.84584469238516,8609.46826958127,0.569108161659259,812.6033021218609,7.702445687540975,0.23510122764280428,,85.88640917330868,85.88640917330868,10150.69998417042,0.670987571666474,568.1317936477717,7.4618910251489625,0.24255484915295633,,0.8481649820216701
.,"Gemma-4-12B-IT FP8, same local checkpoint; immutable upstream revision not recorded in this report","Same FP8 checkpoint weights, BF16 KV cache; Infervisor rekey preserves 328 FP8 weight tensors; execution arithmetic differs by kernel","Same 1 x NVIDIA H100 SXM 80GB, tensor parallelism 1",Infervisor (Plow runtime; variant-specific frozen binaries) vs vLLM 0.28.0,,Different: Infervisor 64 slots for TC64 candidates and 32 slots for other rows; vLLM max-num-seqs 256,Cache-off comparison. Reference counters audited zero hits; older Infervisor runs lack counter capture. Production 20%/80% reuse not qualified,0151eab889a8ef9255543ba21cd72562b0bc3b6864cb2887a8f292bc505041bc,original BF16-KV control,g4,15000,128,4,greedy,2,complete,Not qualified for this context,108.2384521309094,108.2384521309094,12792.432061221854,0.8456129072727296,3595.7467556011397,29.950819006235538,3.595144627284377,,170.42049414860043,170.42049414860043,20141.572152187713,1.3314101105359408,2022.0333597867284,19.273539216946954,0.03391691947938439,,0.6351257967632076
.,"Gemma-4-12B-IT FP8, same local checkpoint; immutable upstream revision not recorded in this report","Same FP8 checkpoint weights, BF16 KV cache; Infervisor rekey preserves 328 FP8 weight tensors; execution arithmetic differs by kernel","Same 1 x NVIDIA H100 SXM 80GB, tensor parallelism 1",Infervisor (Plow runtime; variant-specific frozen binaries) vs vLLM 0.28.0,,Different: Infervisor 64 slots for TC64 candidates and 32 slots for other rows; vLLM max-num-seqs 256,Cache-off comparison. Reference counters audited zero hits; older Infervisor runs lack counter capture. Production 20%/80% reuse not qualified,0151eab889a8ef9255543ba21cd72562b0bc3b6864cb2887a8f292bc505041bc,original BF16-KV control,g16,15000,128,16,greedy,2,complete,Not qualified for this context,166.63727276298857,166.63727276298857,19694.44267467571,1.3018536934608482,10738.224440679187,87.48705553392307,1.2817723835016612,,225.47235934188993,225.47235934188993,26648.014469719616,1.761502807358515,7945.6372874905355,66.54079207617929,0.0935580013520464,,0.7390585402546478
.,"Gemma-4-12B-IT FP8, same local checkpoint; immutable upstream revision not recorded in this report","Same FP8 checkpoint weights, BF16 KV cache; Infervisor rekey preserves 328 FP8 weight tensors; execution arithmetic differs by kernel","Same 1 x NVIDIA H100 SXM 80GB, tensor parallelism 1",Infervisor (Plow runtime; variant-specific frozen binaries) vs vLLM 0.28.0,,Different: Infervisor 64 slots for TC64 candidates and 32 slots for other rows; vLLM max-num-seqs 256,Cache-off comparison. Reference counters audited zero hits; older Infervisor runs lack counter capture. Production 20%/80% reuse not qualified,0151eab889a8ef9255543ba21cd72562b0bc3b6864cb2887a8f292bc505041bc,original BF16-KV control,g32,15000,128,32,greedy,2,complete,Not qualified for this context,177.1553034985016,177.1553034985016,20937.54243222916,1.3840258085820438,21418.119663406396,164.0598493555238,0.583292182866085,,236.55301649393192,236.55301649393192,27957.60963687658,1.8480704413588431,15762.050670994213,130.43910560097297,0.12020618840510658,,0.7489031681954731
.,"Gemma-4-12B-IT FP8, same local checkpoint; immutable upstream revision not recorded in this report","Same FP8 checkpoint weights, BF16 KV cache; Infervisor rekey preserves 328 FP8 weight tensors; execution arithmetic differs by kernel","Same 1 x NVIDIA H100 SXM 80GB, tensor parallelism 1",Infervisor (Plow runtime; variant-specific frozen binaries) vs vLLM 0.28.0,,Different: Infervisor 64 slots for TC64 candidates and 32 slots for other rows; vLLM max-num-seqs 256,Cache-off comparison. Reference counters audited zero hits; older Infervisor runs lack counter capture. Production 20%/80% reuse not qualified,0151eab889a8ef9255543ba21cd72562b0bc3b6864cb2887a8f292bc505041bc,original BF16-KV control,g64,15000,128,64,greedy,2,complete,Not qualified for this context,178.86149254712856,178.86149254712856,21139.192650413755,1.397355410524442,42926.60388499383,164.71352941002772,0.8676650158412543,,242.79976346464218,242.79976346464218,28695.8970444774,1.896873152067517,31636.935689664682,255.57027846199875,0.037430072254231304,,0.7366625485744155
.,"Gemma-4-12B-IT FP8, same local checkpoint; immutable upstream revision not recorded in this report","Same FP8 checkpoint weights, BF16 KV cache; Infervisor rekey preserves 328 FP8 weight tensors; execution arithmetic differs by kernel","Same 1 x NVIDIA H100 SXM 80GB, tensor parallelism 1",Infervisor (Plow runtime; variant-specific frozen binaries) vs vLLM 0.28.0,,Different: Infervisor 64 slots for TC64 candidates and 32 slots for other rows; vLLM max-num-seqs 256,Cache-off comparison. Reference counters audited zero hits; older Infervisor runs lack counter capture. Production 20%/80% reuse not qualified,0151eab889a8ef9255543ba21cd72562b0bc3b6864cb2887a8f292bc505041bc,original BF16-KV control,g128,15000,128,128,greedy,2,complete,Not qualified for this context,180.22564098249612,180.22564098249612,21300.417943618762,1.408012820175751,86810.09666256608,164.89958011902738,0.1459456240447867,,244.08332955114986,244.08332955114986,28847.598511326523,1.9069010121183583,63943.0292499147,283.3318627321007,0.07824372297467401,,0.7383775094920123
.,"Gemma-4-12B-IT FP8, same local checkpoint; immutable upstream revision not recorded in this report","Same FP8 checkpoint weights, BF16 KV cache; Infervisor rekey preserves 328 FP8 weight tensors; execution arithmetic differs by kernel","Same 1 x NVIDIA H100 SXM 80GB, tensor parallelism 1",Infervisor (Plow runtime; variant-specific frozen binaries) vs vLLM 0.28.0,,Different: Infervisor 64 slots for TC64 candidates and 32 slots for other rows; vLLM max-num-seqs 256,Cache-off comparison. Reference counters audited zero hits; older Infervisor runs lack counter capture. Production 20%/80% reuse not qualified,0151eab889a8ef9255543ba21cd72562b0bc3b6864cb2887a8f292bc505041bc,original BF16-KV control,s1,15000,128,1,sampled T=1 top_p=.95,2,complete,Not qualified for this context,71.99971306233903,71.99971306233903,8509.466087555194,0.5624977582995236,783.8467052183114,7.887596766909907,0.0006378095397138084,,84.54513335023067,84.54513335023067,9992.177947830387,0.6605088542986771,556.9061133346986,7.6834863684448145,0.03861396651777918,,0.8516127446872445
.,"Gemma-4-12B-IT FP8, same local checkpoint; immutable upstream revision not recorded in this report","Same FP8 checkpoint weights, BF16 KV cache; Infervisor rekey preserves 328 FP8 weight tensors; execution arithmetic differs by kernel","Same 1 x NVIDIA H100 SXM 80GB, tensor parallelism 1",Infervisor (Plow runtime; variant-specific frozen binaries) vs vLLM 0.28.0,,Different: Infervisor 64 slots for TC64 candidates and 32 slots for other rows; vLLM max-num-seqs 256,Cache-off comparison. Reference counters audited zero hits; older Infervisor runs lack counter capture. Production 20%/80% reuse not qualified,0151eab889a8ef9255543ba21cd72562b0bc3b6864cb2887a8f292bc505041bc,original BF16-KV control,s4,15000,128,4,sampled T=1 top_p=.95,2,complete,Not qualified for this context,119.8148497056781,119.8148497056781,14160.617549589831,0.9360535133256102,3942.984071719693,31.400967114320846,28.691223548807653,,168.64636592381788,168.64636592381788,19931.892372621223,1.3175497337798272,2024.195188942831,19.469590739037212,0.33908628031802585,,0.710450231461268
.,"Gemma-4-12B-IT FP8, same local checkpoint; immutable upstream revision not recorded in this report","Same FP8 checkpoint weights, BF16 KV cache; Infervisor rekey preserves 328 FP8 weight tensors; execution arithmetic differs by kernel","Same 1 x NVIDIA H100 SXM 80GB, tensor parallelism 1",Infervisor (Plow runtime; variant-specific frozen binaries) vs vLLM 0.28.0,,Different: Infervisor 64 slots for TC64 candidates and 32 slots for other rows; vLLM max-num-seqs 256,Cache-off comparison. Reference counters audited zero hits; older Infervisor runs lack counter capture. Production 20%/80% reuse not qualified,0151eab889a8ef9255543ba21cd72562b0bc3b6864cb2887a8f292bc505041bc,original BF16-KV control,s16,15000,128,16,sampled T=1 top_p=.95,2,complete,Not qualified for this context,165.96999293503532,165.96999293503532,19615.578540009486,1.2966405698049634,10860.912870772881,87.64571221288675,0.9424361038121699,,224.63274769452963,224.63274769452963,26548.78286814722,1.7549433413635127,7953.819257608848,66.86477191438239,0.3002384450020942,,0.7388503886384911
.,"Gemma-4-12B-IT FP8, same local checkpoint; immutable upstream revision not recorded in this report","Same FP8 checkpoint weights, BF16 KV cache; Infervisor rekey preserves 328 FP8 weight tensors; execution arithmetic differs by kernel","Same 1 x NVIDIA H100 SXM 80GB, tensor parallelism 1",Infervisor (Plow runtime; variant-specific frozen binaries) vs vLLM 0.28.0,,Different: Infervisor 64 slots for TC64 candidates and 32 slots for other rows; vLLM max-num-seqs 256,Cache-off comparison. Reference counters audited zero hits; older Infervisor runs lack counter capture. Production 20%/80% reuse not qualified,0151eab889a8ef9255543ba21cd72562b0bc3b6864cb2887a8f292bc505041bc,original BF16-KV control,s32,15000,128,32,sampled T=1 top_p=.95,2,complete,Not qualified for this context,176.63570509032408,176.63570509032408,20876.132395362678,1.3799664460181569,21584.75135250017,164.13338805237183,0.7326795213362416,,235.87069947341251,235.87069947341251,27876.968294013943,1.8427398396360353,15738.180059054866,130.99488048727156,0.012971427714399627,,0.7488666692584873
.,"Gemma-4-12B-IT FP8, same local checkpoint; immutable upstream revision not recorded in this report","Same FP8 checkpoint weights, BF16 KV cache; Infervisor rekey preserves 328 FP8 weight tensors; execution arithmetic differs by kernel","Same 1 x NVIDIA H100 SXM 80GB, tensor parallelism 1",Infervisor (Plow runtime; variant-specific frozen binaries) vs vLLM 0.28.0,,Different: Infervisor 64 slots for TC64 candidates and 32 slots for other rows; vLLM max-num-seqs 256,Cache-off comparison. Reference counters audited zero hits; older Infervisor runs lack counter capture. Production 20%/80% reuse not qualified,0151eab889a8ef9255543ba21cd72562b0bc3b6864cb2887a8f292bc505041bc,original BF16-KV control,s64,15000,128,64,sampled T=1 top_p=.95,2,complete,Not qualified for this context,177.91891540657588,177.91891540657588,21027.791814614688,1.389991526613874,42924.49929513388,166.6824048053928,0.35017943445800354,,242.30522521138005,242.30522521138005,28637.448804669977,1.8930095719639066,31643.760370482927,255.83192456318403,0.07374244120415543,,0.7342760159272859
.,"Gemma-4-12B-IT FP8, same local checkpoint; immutable upstream revision not recorded in this report","Same FP8 checkpoint weights, BF16 KV cache; Infervisor rekey preserves 328 FP8 weight tensors; execution arithmetic differs by kernel","Same 1 x NVIDIA H100 SXM 80GB, tensor parallelism 1",Infervisor (Plow runtime; variant-specific frozen binaries) vs vLLM 0.28.0,,Different: Infervisor 64 slots for TC64 candidates and 32 slots for other rows; vLLM max-num-seqs 256,Cache-off comparison. Reference counters audited zero hits; older Infervisor runs lack counter capture. Production 20%/80% reuse not qualified,0151eab889a8ef9255543ba21cd72562b0bc3b6864cb2887a8f292bc505041bc,original BF16-KV control,s128,15000,128,128,sampled T=1 top_p=.95,2,complete,Not qualified for this context,178.97209381466266,178.97209381466266,21152.264337720444,1.398219482927052,87849.94096691604,166.68328156969767,0.1555485868913203,,243.7643483751064,243.7643483751064,28809.89892358289,1.9044089716805188,63969.79517639617,283.63297988723883,0.06666026226270409,,0.7342012685926453
.,"Gemma-4-12B-IT FP8, same local checkpoint; immutable upstream revision not recorded in this report","Same FP8 checkpoint weights, BF16 KV cache; Infervisor rekey preserves 328 FP8 weight tensors; execution arithmetic differs by kernel","Same 1 x NVIDIA H100 SXM 80GB, tensor parallelism 1",Infervisor (Plow runtime; variant-specific frozen binaries) vs vLLM 0.28.0,,Different: Infervisor 64 slots for TC64 candidates and 32 slots for other rows; vLLM max-num-seqs 256,Cache-off comparison. Reference counters audited zero hits; older Infervisor runs lack counter capture. Production 20%/80% reuse not qualified,0151eab889a8ef9255543ba21cd72562b0bc3b6864cb2887a8f292bc505041bc,Lt prefill candidate (old policy),g1,4096,128,1,greedy,2,complete,Candidate serving quality gate pending,114.00473427325959,114.00473427325959,3762.1562310175664,0.8906619865098405,182.1188258740586,7.6207332266127965,0.07381621746133864,,118.90682009718071,118.90682009718071,3923.9250632069634,0.9289595320092243,144.35861373203807,7.441254711478919,0.15470799777184888,,0.9587737202969961
.,"Gemma-4-12B-IT FP8, same local checkpoint; immutable upstream revision not recorded in this report","Same FP8 checkpoint weights, BF16 KV cache; Infervisor rekey preserves 328 FP8 weight tensors; execution arithmetic differs by kernel","Same 1 x NVIDIA H100 SXM 80GB, tensor parallelism 1",Infervisor (Plow runtime; variant-specific frozen binaries) vs vLLM 0.28.0,,Different: Infervisor 64 slots for TC64 candidates and 32 slots for other rows; vLLM max-num-seqs 256,Cache-off comparison. Reference counters audited zero hits; older Infervisor runs lack counter capture. Production 20%/80% reuse not qualified,0151eab889a8ef9255543ba21cd72562b0bc3b6864cb2887a8f292bc505041bc,Lt prefill candidate (old policy),g4,4096,128,4,greedy,2,complete,Candidate serving quality gate pending,281.3470934338863,281.3470934338863,9284.454083318247,2.1980241674522367,700.8844175748527,12.534065314735411,0.8555853578674782,,348.8515840596269,348.8515840596269,11512.102273967686,2.725403000465835,488.2720285002142,10.45420837389694,0.03572344689502709,,0.8064951007526384
.,"Gemma-4-12B-IT FP8, same local checkpoint; immutable upstream revision not recorded in this report","Same FP8 checkpoint weights, BF16 KV cache; Infervisor rekey preserves 328 FP8 weight tensors; execution arithmetic differs by kernel","Same 1 x NVIDIA H100 SXM 80GB, tensor parallelism 1",Infervisor (Plow runtime; variant-specific frozen binaries) vs vLLM 0.28.0,,Different: Infervisor 64 slots for TC64 candidates and 32 slots for other rows; vLLM max-num-seqs 256,Cache-off comparison. Reference counters audited zero hits; older Infervisor runs lack counter capture. Production 20%/80% reuse not qualified,0151eab889a8ef9255543ba21cd72562b0bc3b6864cb2887a8f292bc505041bc,Lt prefill candidate (old policy),g16,4096,128,16,greedy,2,complete,Candidate serving quality gate pending,525.9273171658157,525.9273171658157,17355.60146647192,4.108807165357935,2505.2752645220608,28.99676600038477,0.3145358655216599,,674.0235079772228,674.0235079772228,22242.775763248355,5.265808656072053,1886.1865204933565,22.61641182350985,0.02989581671141212,,0.7802803773775621
.,"Gemma-4-12B-IT FP8, same local checkpoint; immutable upstream revision not recorded in this report","Same FP8 checkpoint weights, BF16 KV cache; Infervisor rekey preserves 328 FP8 weight tensors; execution arithmetic differs by kernel","Same 1 x NVIDIA H100 SXM 80GB, tensor parallelism 1",Infervisor (Plow runtime; variant-specific frozen binaries) vs vLLM 0.28.0,,Different: Infervisor 64 slots for TC64 candidates and 32 slots for other rows; vLLM max-num-seqs 256,Cache-off comparison. Reference counters audited zero hits; older Infervisor runs lack counter capture. Production 20%/80% reuse not qualified,0151eab889a8ef9255543ba21cd72562b0bc3b6864cb2887a8f292bc505041bc,Lt prefill candidate (old policy),g32,4096,128,32,greedy,2,complete,Candidate serving quality gate pending,593.5565729638929,593.5565729638929,19587.366907808468,4.637160726280413,5100.307212865446,51.84610521288838,1.095962376054372,,782.8905693553846,782.8905693553846,25835.38878872769,6.116332573088942,3771.329712847946,39.680662968417806,0.050711959836870116,,0.7581603306993654
.,"Gemma-4-12B-IT FP8, same local checkpoint; immutable upstream revision not recorded in this report","Same FP8 checkpoint weights, BF16 KV cache; Infervisor rekey preserves 328 FP8 weight tensors; execution arithmetic differs by kernel","Same 1 x NVIDIA H100 SXM 80GB, tensor parallelism 1",Infervisor (Plow runtime; variant-specific frozen binaries) vs vLLM 0.28.0,,Different: Infervisor 64 slots for TC64 candidates and 32 slots for other rows; vLLM max-num-seqs 256,Cache-off comparison. Reference counters audited zero hits; older Infervisor runs lack counter capture. Production 20%/80% reuse not qualified,0151eab889a8ef9255543ba21cd72562b0bc3b6864cb2887a8f292bc505041bc,Lt prefill candidate (old policy),g64,4096,128,64,greedy,2,complete,Candidate serving quality gate pending,600.886309404447,600.886309404447,19829.248210346752,4.694424292222243,11688.7528182182,51.899901583944775,0.08960067653825739,,861.0209262328059,861.0209262328059,28413.690565682595,6.726725986193796,7533.284180425109,72.30756500910044,0.0538563403606788,,0.6978765452699082
.,"Gemma-4-12B-IT FP8, same local checkpoint; immutable upstream revision not recorded in this report","Same FP8 checkpoint weights, BF16 KV cache; Infervisor rekey preserves 328 FP8 weight tensors; execution arithmetic differs by kernel","Same 1 x NVIDIA H100 SXM 80GB, tensor parallelism 1",Infervisor (Plow runtime; variant-specific frozen binaries) vs vLLM 0.28.0,,Different: Infervisor 64 slots for TC64 candidates and 32 slots for other rows; vLLM max-num-seqs 256,Cache-off comparison. Reference counters audited zero hits; older Infervisor runs lack counter capture. Production 20%/80% reuse not qualified,0151eab889a8ef9255543ba21cd72562b0bc3b6864cb2887a8f292bc505041bc,Lt prefill candidate (old policy),g128,4096,128,128,greedy,2,complete,Candidate serving quality gate pending,600.6703035182047,600.6703035182047,19822.12001610076,4.692736746235974,24967.733914020937,52.181231977388734,0.024500281148792994,,894.6525209783592,894.6525209783592,29523.533192285853,6.9894728201434315,15279.079391080895,139.80137342888693,0.0072062046119215455,,0.671400671694675
.,"Gemma-4-12B-IT FP8, same local checkpoint; immutable upstream revision not recorded in this report","Same FP8 checkpoint weights, BF16 KV cache; Infervisor rekey preserves 328 FP8 weight tensors; execution arithmetic differs by kernel","Same 1 x NVIDIA H100 SXM 80GB, tensor parallelism 1",Infervisor (Plow runtime; variant-specific frozen binaries) vs vLLM 0.28.0,,Different: Infervisor 64 slots for TC64 candidates and 32 slots for other rows; vLLM max-num-seqs 256,Cache-off comparison. Reference counters audited zero hits; older Infervisor runs lack counter capture. Production 20%/80% reuse not qualified,0151eab889a8ef9255543ba21cd72562b0bc3b6864cb2887a8f292bc505041bc,Lt prefill candidate (old policy),s1,4096,128,1,sampled T=1 top_p=.95,2,complete,Candidate serving quality gate pending,111.91741328721615,111.91741328721615,3693.274638478133,0.8743547913063762,158.30062367604114,7.801687630126253,0.4088591367743667,,116.16667653569968,116.16667653569968,3833.500325678089,0.9075521604351537,139.3450431036763,7.639797266781711,0.10654847231380891,,0.9634209794477707
.,"Gemma-4-12B-IT FP8, same local checkpoint; immutable upstream revision not recorded in this report","Same FP8 checkpoint weights, BF16 KV cache; Infervisor rekey preserves 328 FP8 weight tensors; execution arithmetic differs by kernel","Same 1 x NVIDIA H100 SXM 80GB, tensor parallelism 1",Infervisor (Plow runtime; variant-specific frozen binaries) vs vLLM 0.28.0,,Different: Infervisor 64 slots for TC64 candidates and 32 slots for other rows; vLLM max-num-seqs 256,Cache-off comparison. Reference counters audited zero hits; older Infervisor runs lack counter capture. Production 20%/80% reuse not qualified,0151eab889a8ef9255543ba21cd72562b0bc3b6864cb2887a8f292bc505041bc,Lt prefill candidate (old policy),s4,4096,128,4,sampled T=1 top_p=.95,2,complete,Candidate serving quality gate pending,275.54765807889817,275.54765807889817,9093.07271660364,2.152716078741392,733.5651689686347,12.723773338522133,1.4297105073709568,,341.76991876843124,341.76991876843124,11278.40731935823,2.670077490378369,493.97383562871255,10.684250932100678,0.24199906808628877,,0.8062373045346848
.,"Gemma-4-12B-IT FP8, same local checkpoint; immutable upstream revision not recorded in this report","Same FP8 checkpoint weights, BF16 KV cache; Infervisor rekey preserves 328 FP8 weight tensors; execution arithmetic differs by kernel","Same 1 x NVIDIA H100 SXM 80GB, tensor parallelism 1",Infervisor (Plow runtime; variant-specific frozen binaries) vs vLLM 0.28.0,,Different: Infervisor 64 slots for TC64 candidates and 32 slots for other rows; vLLM max-num-seqs 256,Cache-off comparison. Reference counters audited zero hits; older Infervisor runs lack counter capture. Production 20%/80% reuse not qualified,0151eab889a8ef9255543ba21cd72562b0bc3b6864cb2887a8f292bc505041bc,Lt prefill candidate (old policy),s16,4096,128,16,sampled T=1 top_p=.95,2,complete,Candidate serving quality gate pending,523.2539161537742,523.2539161537742,17267.37923307455,4.087921219951361,2514.045688143233,29.15240811980623,0.9753358049735885,,668.1420819548713,668.1420819548713,22048.68870451075,5.219860015272432,1881.2798716244288,22.825117314217877,0.12183811305448364,,0.7831476721580256
.,"Gemma-4-12B-IT FP8, same local checkpoint; immutable upstream revision not recorded in this report","Same FP8 checkpoint weights, BF16 KV cache; Infervisor rekey preserves 328 FP8 weight tensors; execution arithmetic differs by kernel","Same 1 x NVIDIA H100 SXM 80GB, tensor parallelism 1",Infervisor (Plow runtime; variant-specific frozen binaries) vs vLLM 0.28.0,,Different: Infervisor 64 slots for TC64 candidates and 32 slots for other rows; vLLM max-num-seqs 256,Cache-off comparison. Reference counters audited zero hits; older Infervisor runs lack counter capture. Production 20%/80% reuse not qualified,0151eab889a8ef9255543ba21cd72562b0bc3b6864cb2887a8f292bc505041bc,Lt prefill candidate (old policy),s32,4096,128,32,sampled T=1 top_p=.95,2,complete,Candidate serving quality gate pending,587.6420586066722,587.6420586066722,19392.18793402018,4.590953582864627,5036.820644061081,52.45806091568638,0.11187771367721336,,776.7921010524437,776.7921010524437,25634.139334730644,6.068688289472217,3773.5550722375046,39.98100851366377,0.2268346970393448,,0.7564984991614875
.,"Gemma-4-12B-IT FP8, same local checkpoint; immutable upstream revision not recorded in this report","Same FP8 checkpoint weights, BF16 KV cache; Infervisor rekey preserves 328 FP8 weight tensors; execution arithmetic differs by kernel","Same 1 x NVIDIA H100 SXM 80GB, tensor parallelism 1",Infervisor (Plow runtime; variant-specific frozen binaries) vs vLLM 0.28.0,,Different: Infervisor 64 slots for TC64 candidates and 32 slots for other rows; vLLM max-num-seqs 256,Cache-off comparison. Reference counters audited zero hits; older Infervisor runs lack counter capture. Production 20%/80% reuse not qualified,0151eab889a8ef9255543ba21cd72562b0bc3b6864cb2887a8f292bc505041bc,Lt prefill candidate (old policy),s64,4096,128,64,sampled T=1 top_p=.95,2,complete,Candidate serving quality gate pending,594.9381981249074,594.9381981249074,19632.960538121944,4.647954672850839,11755.893149086041,52.55958243944191,0.3244923704540963,,855.3780657251401,855.3780657251401,28227.476168929625,6.682641138477657,7554.637342967328,72.75130216630843,0.11718924859454456,,0.695526600416803
.,"Gemma-4-12B-IT FP8, same local checkpoint; immutable upstream revision not recorded in this report","Same FP8 checkpoint weights, BF16 KV cache; Infervisor rekey preserves 328 FP8 weight tensors; execution arithmetic differs by kernel","Same 1 x NVIDIA H100 SXM 80GB, tensor parallelism 1",Infervisor (Plow runtime; variant-specific frozen binaries) vs vLLM 0.28.0,,Different: Infervisor 64 slots for TC64 candidates and 32 slots for other rows; vLLM max-num-seqs 256,Cache-off comparison. Reference counters audited zero hits; older Infervisor runs lack counter capture. Production 20%/80% reuse not qualified,0151eab889a8ef9255543ba21cd72562b0bc3b6864cb2887a8f292bc505041bc,Lt prefill candidate (old policy),s128,4096,128,128,sampled T=1 top_p=.95,2,complete,Candidate serving quality gate pending,595.6727252926275,595.6727252926275,19657.19993465671,4.653693166348653,25066.90612412291,52.87305851104875,0.021575978321924746,,890.9269980342817,890.9269980342817,29400.5909351313,6.960367172142826,15284.359725313272,140.3237153915505,0.13393684484733176,,0.6685988039501602
.,"Gemma-4-12B-IT FP8, same local checkpoint; immutable upstream revision not recorded in this report","Same FP8 checkpoint weights, BF16 KV cache; Infervisor rekey preserves 328 FP8 weight tensors; execution arithmetic differs by kernel","Same 1 x NVIDIA H100 SXM 80GB, tensor parallelism 1",Infervisor (Plow runtime; variant-specific frozen binaries) vs vLLM 0.28.0,,Different: Infervisor 64 slots for TC64 candidates and 32 slots for other rows; vLLM max-num-seqs 256,Cache-off comparison. Reference counters audited zero hits; older Infervisor runs lack counter capture. Production 20%/80% reuse not qualified,0151eab889a8ef9255543ba21cd72562b0bc3b6864cb2887a8f292bc505041bc,TC64 + Lt prefill (old policy),g1,128,128,1,greedy,2,complete,Short retrieval: 72/72 each; broader equivalence unqualified,132.3455344999359,132.3455344999359,264.6910689998718,1.0339494882807492,20.44180091819726,7.48984179420096,0.059875420584866876,56.419921875,134.54184263340076,134.54184263340076,269.0836852668015,1.0511081455734435,41.936957964208,7.336150901511267,0.1909811270048122,,0.9836756499652725
.,"Gemma-4-12B-IT FP8, same local checkpoint; immutable upstream revision not recorded in this report","Same FP8 checkpoint weights, BF16 KV cache; Infervisor rekey preserves 328 FP8 weight tensors; execution arithmetic differs by kernel","Same 1 x NVIDIA H100 SXM 80GB, tensor parallelism 1",Infervisor (Plow runtime; variant-specific frozen binaries) vs vLLM 0.28.0,,Different: Infervisor 64 slots for TC64 candidates and 32 slots for other rows; vLLM max-num-seqs 256,Cache-off comparison. Reference counters audited zero hits; older Infervisor runs lack counter capture. Production 20%/80% reuse not qualified,0151eab889a8ef9255543ba21cd72562b0bc3b6864cb2887a8f292bc505041bc,TC64 + Lt prefill (old policy),g4,128,128,4,greedy,2,complete,Short retrieval: 72/72 each; broader equivalence unqualified,514.3373837816237,514.3373837816237,1028.6747675632473,4.018260810793935,48.20247586700134,7.6677211553434015,1.4239708375318647,56.388671875,524.7975738646926,524.7975738646926,1049.5951477293852,4.099981045817911,44.516658020438626,7.385232296412972,0.015530252220914954,,0.9800681432156051
.,"Gemma-4-12B-IT FP8, same local checkpoint; immutable upstream revision not recorded in this report","Same FP8 checkpoint weights, BF16 KV cache; Infervisor rekey preserves 328 FP8 weight tensors; execution arithmetic differs by kernel","Same 1 x NVIDIA H100 SXM 80GB, tensor parallelism 1",Infervisor (Plow runtime; variant-specific frozen binaries) vs vLLM 0.28.0,,Different: Infervisor 64 slots for TC64 candidates and 32 slots for other rows; vLLM max-num-seqs 256,Cache-off comparison. Reference counters audited zero hits; older Infervisor runs lack counter capture. Production 20%/80% reuse not qualified,0151eab889a8ef9255543ba21cd72562b0bc3b6864cb2887a8f292bc505041bc,TC64 + Lt prefill (old policy),g16,128,128,16,greedy,2,complete,Short retrieval: 72/72 each; broader equivalence unqualified,1707.8767224551839,1707.8767224551839,3415.7534449103678,13.342786894181124,118.07985791820101,9.232997746155487,0.2764182898925575,56.419921875,1948.5886344102103,1948.5886344102103,3897.1772688204205,15.223348706329768,102.85722229164094,7.979971633290901,0.3303109206201565,,0.8764685846441448
.,"Gemma-4-12B-IT FP8, same local checkpoint; immutable upstream revision not recorded in this report","Same FP8 checkpoint weights, BF16 KV cache; Infervisor rekey preserves 328 FP8 weight tensors; execution arithmetic differs by kernel","Same 1 x NVIDIA H100 SXM 80GB, tensor parallelism 1",Infervisor (Plow runtime; variant-specific frozen binaries) vs vLLM 0.28.0,,Different: Infervisor 64 slots for TC64 candidates and 32 slots for other rows; vLLM max-num-seqs 256,Cache-off comparison. Reference counters audited zero hits; older Infervisor runs lack counter capture. Production 20%/80% reuse not qualified,0151eab889a8ef9255543ba21cd72562b0bc3b6864cb2887a8f292bc505041bc,TC64 + Lt prefill (old policy),g32,128,128,32,greedy,2,complete,Short retrieval: 72/72 each; broader equivalence unqualified,2592.5817313029856,2592.5817313029856,5185.163462605971,20.254544775804575,227.84948401967998,10.915540949483663,0.2810899546510347,56.919921875,3273.0664619567906,3273.0664619567906,6546.132923913581,25.570831734037426,182.54698500968516,9.427480758002805,0.8330251429382944,,0.7920956575238685
.,"Gemma-4-12B-IT FP8, same local checkpoint; immutable upstream revision not recorded in this report","Same FP8 checkpoint weights, BF16 KV cache; Infervisor rekey preserves 328 FP8 weight tensors; execution arithmetic differs by kernel","Same 1 x NVIDIA H100 SXM 80GB, tensor parallelism 1",Infervisor (Plow runtime; variant-specific frozen binaries) vs vLLM 0.28.0,,Different: Infervisor 64 slots for TC64 candidates and 32 slots for other rows; vLLM max-num-seqs 256,Cache-off comparison. Reference counters audited zero hits; older Infervisor runs lack counter capture. Production 20%/80% reuse not qualified,0151eab889a8ef9255543ba21cd72562b0bc3b6864cb2887a8f292bc505041bc,TC64 + Lt prefill (old policy),g64,128,128,64,greedy,2,complete,Short retrieval: 72/72 each; broader equivalence unqualified,3065.617226102078,3065.617226102078,6131.234452204156,23.950134578922484,400.60855833347887,19.671697522354084,0.4008045664556729,58.857421875,5459.555424857858,5459.555424857858,10919.110849715717,42.65277675670202,315.2726600843016,11.08124535894718,0.4933167963038612,,0.5615140771616752
.,"Gemma-4-12B-IT FP8, same local checkpoint; immutable upstream revision not recorded in this report","Same FP8 checkpoint weights, BF16 KV cache; Infervisor rekey preserves 328 FP8 weight tensors; execution arithmetic differs by kernel","Same 1 x NVIDIA H100 SXM 80GB, tensor parallelism 1",Infervisor (Plow runtime; variant-specific frozen binaries) vs vLLM 0.28.0,,Different: Infervisor 64 slots for TC64 candidates and 32 slots for other rows; vLLM max-num-seqs 256,Cache-off comparison. Reference counters audited zero hits; older Infervisor runs lack counter capture. Production 20%/80% reuse not qualified,0151eab889a8ef9255543ba21cd72562b0bc3b6864cb2887a8f292bc505041bc,TC64 + Lt prefill (old policy),g128,128,128,128,greedy,2,complete,Short retrieval: 72/72 each; broader equivalence unqualified,3095.5181066289742,3095.5181066289742,6191.0362132579485,24.18373520803886,3069.6754076960497,20.446035935668142,0.39929472332520544,58.857421875,7793.059880782105,7793.059880782105,15586.11976156421,60.8832803186102,597.3337350122165,15.299660934687145,0.777415290924739,,0.3972147210446316
.,"Gemma-4-12B-IT FP8, same local checkpoint; immutable upstream revision not recorded in this report","Same FP8 checkpoint weights, BF16 KV cache; Infervisor rekey preserves 328 FP8 weight tensors; execution arithmetic differs by kernel","Same 1 x NVIDIA H100 SXM 80GB, tensor parallelism 1",Infervisor (Plow runtime; variant-specific frozen binaries) vs vLLM 0.28.0,,Different: Infervisor 64 slots for TC64 candidates and 32 slots for other rows; vLLM max-num-seqs 256,Cache-off comparison. Reference counters audited zero hits; older Infervisor runs lack counter capture. Production 20%/80% reuse not qualified,0151eab889a8ef9255543ba21cd72562b0bc3b6864cb2887a8f292bc505041bc,TC64 + Lt prefill (old policy),s1,128,128,1,sampled T=1 top_p=.95,2,complete,Short retrieval: 72/72 each; broader equivalence unqualified,129.78504672912837,129.78504672912837,259.57009345825674,1.0139456775713154,19.59614446037449,7.632606946890734,0.017285613274042592,56.388671875,131.1595603427686,131.1595603427686,262.3191206855372,1.0246840651778797,24.483513487502933,7.54604322635972,0.10296466076924626,,0.989520294136027
.,"Gemma-4-12B-IT FP8, same local checkpoint; immutable upstream revision not recorded in this report","Same FP8 checkpoint weights, BF16 KV cache; Infervisor rekey preserves 328 FP8 weight tensors; execution arithmetic differs by kernel","Same 1 x NVIDIA H100 SXM 80GB, tensor parallelism 1",Infervisor (Plow runtime; variant-specific frozen binaries) vs vLLM 0.28.0,,Different: Infervisor 64 slots for TC64 candidates and 32 slots for other rows; vLLM max-num-seqs 256,Cache-off comparison. Reference counters audited zero hits; older Infervisor runs lack counter capture. Production 20%/80% reuse not qualified,0151eab889a8ef9255543ba21cd72562b0bc3b6864cb2887a8f292bc505041bc,TC64 + Lt prefill (old policy),s4,128,128,4,sampled T=1 top_p=.95,2,complete,Short retrieval: 72/72 each; broader equivalence unqualified,504.717558548968,504.717558548968,1009.435117097936,3.9431059261638124,48.39090779190883,7.7989930244929,1.5240519743037455,56.294921875,508.9270093181025,508.9270093181025,1017.854018636205,3.9759922602976756,44.12947272998281,7.608199365910025,0.11269446493534291,,0.9917287731009312
.,"Gemma-4-12B-IT FP8, same local checkpoint; immutable upstream revision not recorded in this report","Same FP8 checkpoint weights, BF16 KV cache; Infervisor rekey preserves 328 FP8 weight tensors; execution arithmetic differs by kernel","Same 1 x NVIDIA H100 SXM 80GB, tensor parallelism 1",Infervisor (Plow runtime; variant-specific frozen binaries) vs vLLM 0.28.0,,Different: Infervisor 64 slots for TC64 candidates and 32 slots for other rows; vLLM max-num-seqs 256,Cache-off comparison. Reference counters audited zero hits; older Infervisor runs lack counter capture. Production 20%/80% reuse not qualified,0151eab889a8ef9255543ba21cd72562b0bc3b6864cb2887a8f292bc505041bc,TC64 + Lt prefill (old policy),s16,128,128,16,sampled T=1 top_p=.95,2,complete,Short retrieval: 72/72 each; broader equivalence unqualified,1691.5154391719705,1691.5154391719705,3383.030878343941,13.21496436853102,112.41009526420385,9.26013742880639,0.010702523198404092,56.419921875,1887.4702390236664,1887.4702390236664,3774.940478047333,14.745861242372394,100.94763894448988,8.194516354706138,0.341542471458881,,0.8961812505435541
.,"Gemma-4-12B-IT FP8, same local checkpoint; immutable upstream revision not recorded in this report","Same FP8 checkpoint weights, BF16 KV cache; Infervisor rekey preserves 328 FP8 weight tensors; execution arithmetic differs by kernel","Same 1 x NVIDIA H100 SXM 80GB, tensor parallelism 1",Infervisor (Plow runtime; variant-specific frozen binaries) vs vLLM 0.28.0,,Different: Infervisor 64 slots for TC64 candidates and 32 slots for other rows; vLLM max-num-seqs 256,Cache-off comparison. Reference counters audited zero hits; older Infervisor runs lack counter capture. Production 20%/80% reuse not qualified,0151eab889a8ef9255543ba21cd72562b0bc3b6864cb2887a8f292bc505041bc,TC64 + Lt prefill (old policy),s32,128,128,32,sampled T=1 top_p=.95,2,complete,Short retrieval: 72/72 each; broader equivalence unqualified,2555.3421271685083,2555.3421271685083,5110.684254337017,19.96361036850397,225.10791267268363,11.074903773842385,0.1390148573850187,56.919921875,3168.1075045054145,3168.1075045054145,6336.215009010829,24.75083987894855,178.79165042191744,9.739091670136956,0.4515990050191117,,0.8065831489412897
.,"Gemma-4-12B-IT FP8, same local checkpoint; immutable upstream revision not recorded in this report","Same FP8 checkpoint weights, BF16 KV cache; Infervisor rekey preserves 328 FP8 weight tensors; execution arithmetic differs by kernel","Same 1 x NVIDIA H100 SXM 80GB, tensor parallelism 1",Infervisor (Plow runtime; variant-specific frozen binaries) vs vLLM 0.28.0,,Different: Infervisor 64 slots for TC64 candidates and 32 slots for other rows; vLLM max-num-seqs 256,Cache-off comparison. Reference counters audited zero hits; older Infervisor runs lack counter capture. Production 20%/80% reuse not qualified,0151eab889a8ef9255543ba21cd72562b0bc3b6864cb2887a8f292bc505041bc,TC64 + Lt prefill (old policy),s64,128,128,64,sampled T=1 top_p=.95,2,complete,Short retrieval: 72/72 each; broader equivalence unqualified,3030.345547949414,3030.345547949414,6060.691095898828,23.674574593354798,408.54622918879613,19.89645069615374,0.05785958762383575,58.857421875,5276.546447136158,5276.546447136158,10553.092894272317,41.22301911825124,310.7741760497447,11.52350094977869,0.4316696987121105,,0.574304723422672
.,"Gemma-4-12B-IT FP8, same local checkpoint; immutable upstream revision not recorded in this report","Same FP8 checkpoint weights, BF16 KV cache; Infervisor rekey preserves 328 FP8 weight tensors; execution arithmetic differs by kernel","Same 1 x NVIDIA H100 SXM 80GB, tensor parallelism 1",Infervisor (Plow runtime; variant-specific frozen binaries) vs vLLM 0.28.0,,Different: Infervisor 64 slots for TC64 candidates and 32 slots for other rows; vLLM max-num-seqs 256,Cache-off comparison. Reference counters audited zero hits; older Infervisor runs lack counter capture. Production 20%/80% reuse not qualified,0151eab889a8ef9255543ba21cd72562b0bc3b6864cb2887a8f292bc505041bc,TC64 + Lt prefill (old policy),s128,128,128,128,sampled T=1 top_p=.95,2,complete,Short retrieval: 72/72 each; broader equivalence unqualified,3059.878170327462,3059.878170327462,6119.756340654924,23.905298205683298,3167.881923064124,20.716577965287698,0.8278633309874175,58.857421875,7465.8255991238675,7465.8255991238675,14931.651198247735,58.326762493155215,584.1078144323546,15.928967212607322,1.5089574243904376,,0.4098512789645858
.,"Gemma-4-12B-IT FP8, same local checkpoint; immutable upstream revision not recorded in this report","Same FP8 checkpoint weights, BF16 KV cache; Infervisor rekey preserves 328 FP8 weight tensors; execution arithmetic differs by kernel","Same 1 x NVIDIA H100 SXM 80GB, tensor parallelism 1",Infervisor (Plow runtime; variant-specific frozen binaries) vs vLLM 0.28.0,,Different: Infervisor 64 slots for TC64 candidates and 32 slots for other rows; vLLM max-num-seqs 256,Cache-off comparison. Reference counters audited zero hits; older Infervisor runs lack counter capture. Production 20%/80% reuse not qualified,0151eab889a8ef9255543ba21cd72562b0bc3b6864cb2887a8f292bc505041bc,Lt prefill candidate (old policy),g1,15000,128,1,greedy,2,complete,Long-context serving quality gate pending,79.30561170725338,79.30561170725338,9372.931983651008,0.619575091462917,667.0230430178344,7.699060630663775,0.23029622781704917,56.791015625,85.88640917330868,85.88640917330868,10150.69998417042,0.670987571666474,568.1317936477717,7.4618910251489625,0.24255484915295633,,0.9233778949498748
.,"Gemma-4-12B-IT FP8, same local checkpoint; immutable upstream revision not recorded in this report","Same FP8 checkpoint weights, BF16 KV cache; Infervisor rekey preserves 328 FP8 weight tensors; execution arithmetic differs by kernel","Same 1 x NVIDIA H100 SXM 80GB, tensor parallelism 1",Infervisor (Plow runtime; variant-specific frozen binaries) vs vLLM 0.28.0,,Different: Infervisor 64 slots for TC64 candidates and 32 slots for other rows; vLLM max-num-seqs 256,Cache-off comparison. Reference counters audited zero hits; older Infervisor runs lack counter capture. Production 20%/80% reuse not qualified,0151eab889a8ef9255543ba21cd72562b0bc3b6864cb2887a8f292bc505041bc,Lt prefill candidate (old policy),g4,15000,128,4,greedy,2,complete,Long-context serving quality gate pending,132.58699717844323,132.58699717844323,15670.12572902726,1.0358359154565877,2710.3590673289727,26.058764150219524,16.226171874732096,57.166015625,170.42049414860043,170.42049414860043,20141.572152187713,1.3314101105359408,2022.0333597867284,19.273539216946954,0.03391691947938439,,0.7779991358482521
.,"Gemma-4-12B-IT FP8, same local checkpoint; immutable upstream revision not recorded in this report","Same FP8 checkpoint weights, BF16 KV cache; Infervisor rekey preserves 328 FP8 weight tensors; execution arithmetic differs by kernel","Same 1 x NVIDIA H100 SXM 80GB, tensor parallelism 1",Infervisor (Plow runtime; variant-specific frozen binaries) vs vLLM 0.28.0,,Different: Infervisor 64 slots for TC64 candidates and 32 slots for other rows; vLLM max-num-seqs 256,Cache-off comparison. Reference counters audited zero hits; older Infervisor runs lack counter capture. Production 20%/80% reuse not qualified,0151eab889a8ef9255543ba21cd72562b0bc3b6864cb2887a8f292bc505041bc,Lt prefill candidate (old policy),g16,15000,128,16,greedy,2,complete,Long-context serving quality gate pending,176.31218836222018,176.31218836222018,20837.896762059896,1.3774389715798452,10043.08256818913,84.26090069697239,0.8922648333507986,59.791015625,225.47235934188993,225.47235934188993,26648.014469719616,1.761502807358515,7945.6372874905355,66.54079207617929,0.0935580013520464,,0.7819680819273869
.,"Gemma-4-12B-IT FP8, same local checkpoint; immutable upstream revision not recorded in this report","Same FP8 checkpoint weights, BF16 KV cache; Infervisor rekey preserves 328 FP8 weight tensors; execution arithmetic differs by kernel","Same 1 x NVIDIA H100 SXM 80GB, tensor parallelism 1",Infervisor (Plow runtime; variant-specific frozen binaries) vs vLLM 0.28.0,,Different: Infervisor 64 slots for TC64 candidates and 32 slots for other rows; vLLM max-num-seqs 256,Cache-off comparison. Reference counters audited zero hits; older Infervisor runs lack counter capture. Production 20%/80% reuse not qualified,0151eab889a8ef9255543ba21cd72562b0bc3b6864cb2887a8f292bc505041bc,Lt prefill candidate (old policy),g32,15000,128,32,greedy,2,complete,Long-context serving quality gate pending,182.42238667908373,182.42238667908373,21560.045825634206,1.4251748959303416,20538.845554920845,163.0794098351323,1.067233540593816,63.322265625,236.55301649393192,236.55301649393192,27957.60963687658,1.8480704413588431,15762.050670994213,130.43910560097297,0.12020618840510658,,0.7711691416277638
.,"Gemma-4-12B-IT FP8, same local checkpoint; immutable upstream revision not recorded in this report","Same FP8 checkpoint weights, BF16 KV cache; Infervisor rekey preserves 328 FP8 weight tensors; execution arithmetic differs by kernel","Same 1 x NVIDIA H100 SXM 80GB, tensor parallelism 1",Infervisor (Plow runtime; variant-specific frozen binaries) vs vLLM 0.28.0,,Different: Infervisor 64 slots for TC64 candidates and 32 slots for other rows; vLLM max-num-seqs 256,Cache-off comparison. Reference counters audited zero hits; older Infervisor runs lack counter capture. Production 20%/80% reuse not qualified,0151eab889a8ef9255543ba21cd72562b0bc3b6864cb2887a8f292bc505041bc,Lt prefill candidate (old policy),g64,15000,128,64,greedy,2,complete,Long-context serving quality gate pending,185.77109617420328,185.77109617420328,21955.82142908865,1.4513366888609631,41515.17858325387,163.20733827874287,0.22695200975509705,63.322265625,242.79976346464218,242.79976346464218,28695.8970444774,1.896873152067517,31636.935689664682,255.57027846199875,0.037430072254231304,,0.7651205813520336
.,"Gemma-4-12B-IT FP8, same local checkpoint; immutable upstream revision not recorded in this report","Same FP8 checkpoint weights, BF16 KV cache; Infervisor rekey preserves 328 FP8 weight tensors; execution arithmetic differs by kernel","Same 1 x NVIDIA H100 SXM 80GB, tensor parallelism 1",Infervisor (Plow runtime; variant-specific frozen binaries) vs vLLM 0.28.0,,Different: Infervisor 64 slots for TC64 candidates and 32 slots for other rows; vLLM max-num-seqs 256,Cache-off comparison. Reference counters audited zero hits; older Infervisor runs lack counter capture. Production 20%/80% reuse not qualified,0151eab889a8ef9255543ba21cd72562b0bc3b6864cb2887a8f292bc505041bc,Lt prefill candidate (old policy),g128,15000,128,128,greedy,2,complete,Long-context serving quality gate pending,186.17909732878238,186.17909732878238,22004.04206554547,1.4545241978811123,84119.62418445968,162.04863333032378,0.14095441504604536,63.322265625,244.08332955114986,244.08332955114986,28847.598511326523,1.9069010121183583,63943.0292499147,283.3318627321007,0.07824372297467401,,0.762768590838019
.,"Gemma-4-12B-IT FP8, same local checkpoint; immutable upstream revision not recorded in this report","Same FP8 checkpoint weights, BF16 KV cache; Infervisor rekey preserves 328 FP8 weight tensors; execution arithmetic differs by kernel","Same 1 x NVIDIA H100 SXM 80GB, tensor parallelism 1",Infervisor (Plow runtime; variant-specific frozen binaries) vs vLLM 0.28.0,,Different: Infervisor 64 slots for TC64 candidates and 32 slots for other rows; vLLM max-num-seqs 256,Cache-off comparison. Reference counters audited zero hits; older Infervisor runs lack counter capture. Production 20%/80% reuse not qualified,0151eab889a8ef9255543ba21cd72562b0bc3b6864cb2887a8f292bc505041bc,Lt prefill candidate (old policy),s1,15000,128,1,sampled T=1 top_p=.95,2,complete,Long-context serving quality gate pending,78.21190483876998,78.21190483876998,9243.669503132127,0.6110305065528905,642.3460454680026,7.885360943188334,0.0006596187674698031,56.759765625,84.54513335023067,84.54513335023067,9992.177947830387,0.6605088542986771,556.9061133346986,7.6834863684448145,0.03861396651777918,,0.9250905609761699
.,"Gemma-4-12B-IT FP8, same local checkpoint; immutable upstream revision not recorded in this report","Same FP8 checkpoint weights, BF16 KV cache; Infervisor rekey preserves 328 FP8 weight tensors; execution arithmetic differs by kernel","Same 1 x NVIDIA H100 SXM 80GB, tensor parallelism 1",Infervisor (Plow runtime; variant-specific frozen binaries) vs vLLM 0.28.0,,Different: Infervisor 64 slots for TC64 candidates and 32 slots for other rows; vLLM max-num-seqs 256,Cache-off comparison. Reference counters audited zero hits; older Infervisor runs lack counter capture. Production 20%/80% reuse not qualified,0151eab889a8ef9255543ba21cd72562b0bc3b6864cb2887a8f292bc505041bc,Lt prefill candidate (old policy),s4,15000,128,4,sampled T=1 top_p=.95,2,complete,Long-context serving quality gate pending,140.41174379225544,140.41174379225544,16594.91296944719,1.0969667483769956,2469.9118386092596,19.712705975462587,1.3315250506515708,57.166015625,168.64636592381788,168.64636592381788,19931.892372621223,1.3175497337798272,2024.195188942831,19.469590739037212,0.33908628031802585,,0.832580903970876
.,"Gemma-4-12B-IT FP8, same local checkpoint; immutable upstream revision not recorded in this report","Same FP8 checkpoint weights, BF16 KV cache; Infervisor rekey preserves 328 FP8 weight tensors; execution arithmetic differs by kernel","Same 1 x NVIDIA H100 SXM 80GB, tensor parallelism 1",Infervisor (Plow runtime; variant-specific frozen binaries) vs vLLM 0.28.0,,Different: Infervisor 64 slots for TC64 candidates and 32 slots for other rows; vLLM max-num-seqs 256,Cache-off comparison. Reference counters audited zero hits; older Infervisor runs lack counter capture. Production 20%/80% reuse not qualified,0151eab889a8ef9255543ba21cd72562b0bc3b6864cb2887a8f292bc505041bc,Lt prefill candidate (old policy),s16,15000,128,16,sampled T=1 top_p=.95,2,complete,Long-context serving quality gate pending,175.46727664383187,175.46727664383187,20738.03875834288,1.3708380987799365,10066.572809027275,84.85014123226127,0.18230858140311196,59.791015625,224.63274769452963,224.63274769452963,26548.78286814722,1.7549433413635127,7953.819257608848,66.86477191438239,0.3002384450020942,,0.781129547871817
.,"Gemma-4-12B-IT FP8, same local checkpoint; immutable upstream revision not recorded in this report","Same FP8 checkpoint weights, BF16 KV cache; Infervisor rekey preserves 328 FP8 weight tensors; execution arithmetic differs by kernel","Same 1 x NVIDIA H100 SXM 80GB, tensor parallelism 1",Infervisor (Plow runtime; variant-specific frozen binaries) vs vLLM 0.28.0,,Different: Infervisor 64 slots for TC64 candidates and 32 slots for other rows; vLLM max-num-seqs 256,Cache-off comparison. Reference counters audited zero hits; older Infervisor runs lack counter capture. Production 20%/80% reuse not qualified,0151eab889a8ef9255543ba21cd72562b0bc3b6864cb2887a8f292bc505041bc,Lt prefill candidate (old policy),s32,15000,128,32,sampled T=1 top_p=.95,2,complete,Long-context serving quality gate pending,183.00220995903265,183.00220995903265,21628.573689533172,1.4297047653049426,20262.530280941864,164.19430732934214,0.5154152962803077,63.322265625,235.87069947341251,235.87069947341251,27876.968294013943,1.8427398396360353,15738.180059054866,130.99488048727156,0.012971427714399627,,0.7758581730057607
.,"Gemma-4-12B-IT FP8, same local checkpoint; immutable upstream revision not recorded in this report","Same FP8 checkpoint weights, BF16 KV cache; Infervisor rekey preserves 328 FP8 weight tensors; execution arithmetic differs by kernel","Same 1 x NVIDIA H100 SXM 80GB, tensor parallelism 1",Infervisor (Plow runtime; variant-specific frozen binaries) vs vLLM 0.28.0,,Different: Infervisor 64 slots for TC64 candidates and 32 slots for other rows; vLLM max-num-seqs 256,Cache-off comparison. Reference counters audited zero hits; older Infervisor runs lack counter capture. Production 20%/80% reuse not qualified,0151eab889a8ef9255543ba21cd72562b0bc3b6864cb2887a8f292bc505041bc,Lt prefill candidate (old policy),s64,15000,128,64,sampled T=1 top_p=.95,2,complete,Long-context serving quality gate pending,184.16340470246385,184.16340470246385,21765.812393272445,1.4387765992379988,41946.32730808808,162.96673059190337,0.8318347104874749,63.322265625,242.30522521138005,242.30522521138005,28637.448804669977,1.8930095719639066,31643.760370482927,255.83192456318403,0.07374244120415543,,0.7600471865260233
.,"Gemma-4-12B-IT FP8, same local checkpoint; immutable upstream revision not recorded in this report","Same FP8 checkpoint weights, BF16 KV cache; Infervisor rekey preserves 328 FP8 weight tensors; execution arithmetic differs by kernel","Same 1 x NVIDIA H100 SXM 80GB, tensor parallelism 1",Infervisor (Plow runtime; variant-specific frozen binaries) vs vLLM 0.28.0,,Different: Infervisor 64 slots for TC64 candidates and 32 slots for other rows; vLLM max-num-seqs 256,Cache-off comparison. Reference counters audited zero hits; older Infervisor runs lack counter capture. Production 20%/80% reuse not qualified,0151eab889a8ef9255543ba21cd72562b0bc3b6864cb2887a8f292bc505041bc,Lt prefill candidate (old policy),s128,15000,128,128,sampled T=1 top_p=.95,2,complete,Long-context serving quality gate pending,185.5252221162601,185.5252221162601,21926.76218886549,1.449415797783282,84332.84763284844,162.63418242878896,0.23984076788064276,63.322265625,243.7643483751064,243.7643483751064,28809.89892358289,1.9044089716805188,63969.79517639617,283.63297988723883,0.06666026226270409,,0.7610843150482879
.,"Gemma-4-12B-IT FP8, same local checkpoint; immutable upstream revision not recorded in this report","Same FP8 checkpoint weights, BF16 KV cache; Infervisor rekey preserves 328 FP8 weight tensors; execution arithmetic differs by kernel","Same 1 x NVIDIA H100 SXM 80GB, tensor parallelism 1",Infervisor (Plow runtime; variant-specific frozen binaries) vs vLLM 0.28.0,,Different: Infervisor 64 slots for TC64 candidates and 32 slots for other rows; vLLM max-num-seqs 256,Cache-off comparison. Reference counters audited zero hits; older Infervisor runs lack counter capture. Production 20%/80% reuse not qualified,0151eab889a8ef9255543ba21cd72562b0bc3b6864cb2887a8f292bc505041bc,"TC64 + padded Lt policy, 64 slots (before 2112 rung)",g1,4096,128,1,greedy,2,complete,4K-context serving quality gate pending,112.81864589215327,112.81864589215327,3723.015314441058,0.8813956710324474,189.89485260332006,7.646318634396316,0.2959754978256897,57.31640625,118.90682009718071,118.90682009718071,3923.9250632069634,0.9289595320092243,144.35861373203807,7.441254711478919,0.15470799777184888,,0.9487987804227573
.,"Gemma-4-12B-IT FP8, same local checkpoint; immutable upstream revision not recorded in this report","Same FP8 checkpoint weights, BF16 KV cache; Infervisor rekey preserves 328 FP8 weight tensors; execution arithmetic differs by kernel","Same 1 x NVIDIA H100 SXM 80GB, tensor parallelism 1",Infervisor (Plow runtime; variant-specific frozen binaries) vs vLLM 0.28.0,,Different: Infervisor 64 slots for TC64 candidates and 32 slots for other rows; vLLM max-num-seqs 256,Cache-off comparison. Reference counters audited zero hits; older Infervisor runs lack counter capture. Production 20%/80% reuse not qualified,0151eab889a8ef9255543ba21cd72562b0bc3b6864cb2887a8f292bc505041bc,"TC64 + padded Lt policy, 64 slots (before 2112 rung)",g4,4096,128,4,greedy,2,complete,4K-context serving quality gate pending,283.7199323378636,283.7199323378636,9362.7577671495,2.2165619713895595,905.5029359541368,13.77517466948507,19.379531133358658,57.28515625,348.8515840596269,348.8515840596269,11512.102273967686,2.725403000465835,488.2720285002142,10.45420837389694,0.03572344689502709,,0.8132969586555446
.,"Gemma-4-12B-IT FP8, same local checkpoint; immutable upstream revision not recorded in this report","Same FP8 checkpoint weights, BF16 KV cache; Infervisor rekey preserves 328 FP8 weight tensors; execution arithmetic differs by kernel","Same 1 x NVIDIA H100 SXM 80GB, tensor parallelism 1",Infervisor (Plow runtime; variant-specific frozen binaries) vs vLLM 0.28.0,,Different: Infervisor 64 slots for TC64 candidates and 32 slots for other rows; vLLM max-num-seqs 256,Cache-off comparison. Reference counters audited zero hits; older Infervisor runs lack counter capture. Production 20%/80% reuse not qualified,0151eab889a8ef9255543ba21cd72562b0bc3b6864cb2887a8f292bc505041bc,"TC64 + padded Lt policy, 64 slots (before 2112 rung)",g16,4096,128,16,greedy,2,complete,4K-context serving quality gate pending,504.6287001813983,504.6287001813983,16652.747105986142,3.9424117201671742,2692.425757559249,29.11131529217241,1.7910693652271028,58.31640625,674.0235079772228,674.0235079772228,22242.775763248355,5.265808656072053,1886.1865204933565,22.61641182350985,0.02989581671141212,,0.7486811575694348
.,"Gemma-4-12B-IT FP8, same local checkpoint; immutable upstream revision not recorded in this report","Same FP8 checkpoint weights, BF16 KV cache; Infervisor rekey preserves 328 FP8 weight tensors; execution arithmetic differs by kernel","Same 1 x NVIDIA H100 SXM 80GB, tensor parallelism 1",Infervisor (Plow runtime; variant-specific frozen binaries) vs vLLM 0.28.0,,Different: Infervisor 64 slots for TC64 candidates and 32 slots for other rows; vLLM max-num-seqs 256,Cache-off comparison. Reference counters audited zero hits; older Infervisor runs lack counter capture. Production 20%/80% reuse not qualified,0151eab889a8ef9255543ba21cd72562b0bc3b6864cb2887a8f292bc505041bc,"TC64 + padded Lt policy, 64 slots (before 2112 rung)",g32,4096,128,32,greedy,2,complete,4K-context serving quality gate pending,580.1063084411825,580.1063084411825,19143.508178559023,4.532080534696738,5228.413424165919,52.17847881654432,0.15932034845355128,59.81640625,782.8905693553846,782.8905693553846,25835.38878872769,6.116332573088942,3771.329712847946,39.680662968417806,0.050711959836870116,,0.7409800694352847
.,"Gemma-4-12B-IT FP8, same local checkpoint; immutable upstream revision not recorded in this report","Same FP8 checkpoint weights, BF16 KV cache; Infervisor rekey preserves 328 FP8 weight tensors; execution arithmetic differs by kernel","Same 1 x NVIDIA H100 SXM 80GB, tensor parallelism 1",Infervisor (Plow runtime; variant-specific frozen binaries) vs vLLM 0.28.0,,Different: Infervisor 64 slots for TC64 candidates and 32 slots for other rows; vLLM max-num-seqs 256,Cache-off comparison. Reference counters audited zero hits; older Infervisor runs lack counter capture. Production 20%/80% reuse not qualified,0151eab889a8ef9255543ba21cd72562b0bc3b6864cb2887a8f292bc505041bc,"TC64 + padded Lt policy, 64 slots (before 2112 rung)",g64,4096,128,64,greedy,2,complete,4K-context serving quality gate pending,610.2493140849746,610.2493140849746,20138.227364804163,4.767572766288864,10447.147113897374,99.05336900901116,0.8108297887041536,62.87890625,861.0209262328059,861.0209262328059,28413.690565682595,6.726725986193796,7533.284180425109,72.30756500910044,0.0538563403606788,,0.7087508508706944
.,"Gemma-4-12B-IT FP8, same local checkpoint; immutable upstream revision not recorded in this report","Same FP8 checkpoint weights, BF16 KV cache; Infervisor rekey preserves 328 FP8 weight tensors; execution arithmetic differs by kernel","Same 1 x NVIDIA H100 SXM 80GB, tensor parallelism 1",Infervisor (Plow runtime; variant-specific frozen binaries) vs vLLM 0.28.0,,Different: Infervisor 64 slots for TC64 candidates and 32 slots for other rows; vLLM max-num-seqs 256,Cache-off comparison. Reference counters audited zero hits; older Infervisor runs lack counter capture. Production 20%/80% reuse not qualified,0151eab889a8ef9255543ba21cd72562b0bc3b6864cb2887a8f292bc505041bc,"TC64 + padded Lt policy, 64 slots (before 2112 rung)",g128,4096,128,128,greedy,2,complete,4K-context serving quality gate pending,618.8731070409318,618.8731070409318,20422.812532350752,4.83494614875728,23065.03549310728,100.44763032044467,0.3778494247164406,62.87890625,894.6525209783592,894.6525209783592,29523.533192285853,6.9894728201434315,15279.079391080895,139.80137342888693,0.0072062046119215455,,0.6917468989682775
.,"Gemma-4-12B-IT FP8, same local checkpoint; immutable upstream revision not recorded in this report","Same FP8 checkpoint weights, BF16 KV cache; Infervisor rekey preserves 328 FP8 weight tensors; execution arithmetic differs by kernel","Same 1 x NVIDIA H100 SXM 80GB, tensor parallelism 1",Infervisor (Plow runtime; variant-specific frozen binaries) vs vLLM 0.28.0,,Different: Infervisor 64 slots for TC64 candidates and 32 slots for other rows; vLLM max-num-seqs 256,Cache-off comparison. Reference counters audited zero hits; older Infervisor runs lack counter capture. Production 20%/80% reuse not qualified,0151eab889a8ef9255543ba21cd72562b0bc3b6864cb2887a8f292bc505041bc,"TC64 + padded Lt policy, 64 slots (before 2112 rung)",s1,4096,128,1,sampled T=1 top_p=.95,2,complete,4K-context serving quality gate pending,110.65603862939335,110.65603862939335,3651.6492747699804,0.8645003017921356,170.6260495306924,7.8089490894129225,0.2180945750551124,57.28515625,116.16667653569968,116.16667653569968,3833.500325678089,0.9075521604351537,139.3450431036763,7.639797266781711,0.10654847231380891,,0.9525626619384877
.,"Gemma-4-12B-IT FP8, same local checkpoint; immutable upstream revision not recorded in this report","Same FP8 checkpoint weights, BF16 KV cache; Infervisor rekey preserves 328 FP8 weight tensors; execution arithmetic differs by kernel","Same 1 x NVIDIA H100 SXM 80GB, tensor parallelism 1",Infervisor (Plow runtime; variant-specific frozen binaries) vs vLLM 0.28.0,,Different: Infervisor 64 slots for TC64 candidates and 32 slots for other rows; vLLM max-num-seqs 256,Cache-off comparison. Reference counters audited zero hits; older Infervisor runs lack counter capture. Production 20%/80% reuse not qualified,0151eab889a8ef9255543ba21cd72562b0bc3b6864cb2887a8f292bc505041bc,"TC64 + padded Lt policy, 64 slots (before 2112 rung)",s4,4096,128,4,sampled T=1 top_p=.95,2,complete,4K-context serving quality gate pending,252.2397514372591,252.2397514372591,8323.91179742955,1.9706230581035866,943.4290055755991,14.05616730581749,0.2503582827711496,57.19140625,341.76991876843124,341.76991876843124,11278.40731935823,2.670077490378369,493.97383562871255,10.684250932100678,0.24199906808628877,,0.7380396506111646
.,"Gemma-4-12B-IT FP8, same local checkpoint; immutable upstream revision not recorded in this report","Same FP8 checkpoint weights, BF16 KV cache; Infervisor rekey preserves 328 FP8 weight tensors; execution arithmetic differs by kernel","Same 1 x NVIDIA H100 SXM 80GB, tensor parallelism 1",Infervisor (Plow runtime; variant-specific frozen binaries) vs vLLM 0.28.0,,Different: Infervisor 64 slots for TC64 candidates and 32 slots for other rows; vLLM max-num-seqs 256,Cache-off comparison. Reference counters audited zero hits; older Infervisor runs lack counter capture. Production 20%/80% reuse not qualified,0151eab889a8ef9255543ba21cd72562b0bc3b6864cb2887a8f292bc505041bc,"TC64 + padded Lt policy, 64 slots (before 2112 rung)",s16,4096,128,16,sampled T=1 top_p=.95,2,complete,4K-context serving quality gate pending,490.9830572356211,490.9830572356211,16202.440888775498,3.83580513465329,2676.027674629586,30.933824690575822,1.1697883424734254,58.31640625,668.1420819548713,668.1420819548713,22048.68870451075,5.219860015272432,1881.2798716244288,22.825117314217877,0.12183811305448364,,0.734848276281427
.,"Gemma-4-12B-IT FP8, same local checkpoint; immutable upstream revision not recorded in this report","Same FP8 checkpoint weights, BF16 KV cache; Infervisor rekey preserves 328 FP8 weight tensors; execution arithmetic differs by kernel","Same 1 x NVIDIA H100 SXM 80GB, tensor parallelism 1",Infervisor (Plow runtime; variant-specific frozen binaries) vs vLLM 0.28.0,,Different: Infervisor 64 slots for TC64 candidates and 32 slots for other rows; vLLM max-num-seqs 256,Cache-off comparison. Reference counters audited zero hits; older Infervisor runs lack counter capture. Production 20%/80% reuse not qualified,0151eab889a8ef9255543ba21cd72562b0bc3b6864cb2887a8f292bc505041bc,"TC64 + padded Lt policy, 64 slots (before 2112 rung)",s32,4096,128,32,sampled T=1 top_p=.95,2,complete,4K-context serving quality gate pending,578.9753996530412,578.9753996530412,19106.18818855036,4.5232453097893845,5162.45545930462,52.67860202493667,1.0677362032172122,59.81640625,776.7921010524437,776.7921010524437,25634.139334730644,6.068688289472217,3773.5550722375046,39.98100851366377,0.2268346970393448,,0.7453415127015468
.,"Gemma-4-12B-IT FP8, same local checkpoint; immutable upstream revision not recorded in this report","Same FP8 checkpoint weights, BF16 KV cache; Infervisor rekey preserves 328 FP8 weight tensors; execution arithmetic differs by kernel","Same 1 x NVIDIA H100 SXM 80GB, tensor parallelism 1",Infervisor (Plow runtime; variant-specific frozen binaries) vs vLLM 0.28.0,,Different: Infervisor 64 slots for TC64 candidates and 32 slots for other rows; vLLM max-num-seqs 256,Cache-off comparison. Reference counters audited zero hits; older Infervisor runs lack counter capture. Production 20%/80% reuse not qualified,0151eab889a8ef9255543ba21cd72562b0bc3b6864cb2887a8f292bc505041bc,"TC64 + padded Lt policy, 64 slots (before 2112 rung)",s64,4096,128,64,sampled T=1 top_p=.95,2,complete,4K-context serving quality gate pending,600.6856541655676,600.6856541655676,19822.626587463732,4.692856673168497,10639.73548848764,101.37731489524664,2.4922547566528093,62.87890625,855.3780657251401,855.3780657251401,28227.476168929625,6.682641138477657,7554.637342967328,72.75130216630843,0.11718924859454456,,0.7022458001145271
.,"Gemma-4-12B-IT FP8, same local checkpoint; immutable upstream revision not recorded in this report","Same FP8 checkpoint weights, BF16 KV cache; Infervisor rekey preserves 328 FP8 weight tensors; execution arithmetic differs by kernel","Same 1 x NVIDIA H100 SXM 80GB, tensor parallelism 1",Infervisor (Plow runtime; variant-specific frozen binaries) vs vLLM 0.28.0,,Different: Infervisor 64 slots for TC64 candidates and 32 slots for other rows; vLLM max-num-seqs 256,Cache-off comparison. Reference counters audited zero hits; older Infervisor runs lack counter capture. Production 20%/80% reuse not qualified,0151eab889a8ef9255543ba21cd72562b0bc3b6864cb2887a8f292bc505041bc,"TC64 + padded Lt policy, 64 slots (before 2112 rung)",s128,4096,128,128,sampled T=1 top_p=.95,2,complete,4K-context serving quality gate pending,614.8904754039052,614.8904754039052,20291.38568832887,4.803831839093009,23212.21712453058,101.00718462701307,0.015001521215642351,62.87890625,890.9269980342817,890.9269980342817,29400.5909351313,6.960367172142826,15284.359725313272,140.3237153915505,0.13393684484733176,,0.690169314388927
.,"Gemma-4-12B-IT FP8, same local checkpoint; immutable upstream revision not recorded in this report","Same FP8 checkpoint weights, BF16 KV cache; Infervisor rekey preserves 328 FP8 weight tensors; execution arithmetic differs by kernel","Same 1 x NVIDIA H100 SXM 80GB, tensor parallelism 1",Infervisor (Plow runtime; variant-specific frozen binaries) vs vLLM 0.28.0,,Different: Infervisor 64 slots for TC64 candidates and 32 slots for other rows; vLLM max-num-seqs 256,Cache-off comparison. Reference counters audited zero hits; older Infervisor runs lack counter capture. Production 20%/80% reuse not qualified,0151eab889a8ef9255543ba21cd72562b0bc3b6864cb2887a8f292bc505041bc,"TC64 padded policy control, depth 1",g1,128,128,1,greedy,2,complete,Matched control; broad output equivalence unqualified,132.36004127588376,132.36004127588376,264.7200825517675,1.0340628224678419,20.78647530404851,7.478398090342104,0.005448509771363395,56.90625,134.54184263340076,134.54184263340076,269.0836852668015,1.0511081455734435,41.936957964208,7.336150901511267,0.1909811270048122,,0.9837834734918715
.,"Gemma-4-12B-IT FP8, same local checkpoint; immutable upstream revision not recorded in this report","Same FP8 checkpoint weights, BF16 KV cache; Infervisor rekey preserves 328 FP8 weight tensors; execution arithmetic differs by kernel","Same 1 x NVIDIA H100 SXM 80GB, tensor parallelism 1",Infervisor (Plow runtime; variant-specific frozen binaries) vs vLLM 0.28.0,,Different: Infervisor 64 slots for TC64 candidates and 32 slots for other rows; vLLM max-num-seqs 256,Cache-off comparison. Reference counters audited zero hits; older Infervisor runs lack counter capture. Production 20%/80% reuse not qualified,0151eab889a8ef9255543ba21cd72562b0bc3b6864cb2887a8f292bc505041bc,"TC64 padded policy control, depth 1",g4,128,128,4,greedy,2,complete,Matched control; broad output equivalence unqualified,514.5239768748322,514.5239768748322,1029.0479537496644,4.019718569334627,49.12296511931345,7.669638869963132,1.2533190779020091,56.96875,524.7975738646926,524.7975738646926,1049.5951477293852,4.099981045817911,44.516658020438626,7.385232296412972,0.015530252220914954,,0.9804236957228976
.,"Gemma-4-12B-IT FP8, same local checkpoint; immutable upstream revision not recorded in this report","Same FP8 checkpoint weights, BF16 KV cache; Infervisor rekey preserves 328 FP8 weight tensors; execution arithmetic differs by kernel","Same 1 x NVIDIA H100 SXM 80GB, tensor parallelism 1",Infervisor (Plow runtime; variant-specific frozen binaries) vs vLLM 0.28.0,,Different: Infervisor 64 slots for TC64 candidates and 32 slots for other rows; vLLM max-num-seqs 256,Cache-off comparison. Reference counters audited zero hits; older Infervisor runs lack counter capture. Production 20%/80% reuse not qualified,0151eab889a8ef9255543ba21cd72562b0bc3b6864cb2887a8f292bc505041bc,"TC64 padded policy control, depth 1",g16,128,128,16,greedy,2,complete,Matched control; broad output equivalence unqualified,1709.7573853643985,1709.7573853643985,3419.514770728797,13.357479573159363,110.47423879499546,9.16623498169214,0.18768886743052704,57.34375,1948.5886344102103,1948.5886344102103,3897.1772688204205,15.223348706329768,102.85722229164094,7.979971633290901,0.3303109206201565,,0.8774337257088127
.,"Gemma-4-12B-IT FP8, same local checkpoint; immutable upstream revision not recorded in this report","Same FP8 checkpoint weights, BF16 KV cache; Infervisor rekey preserves 328 FP8 weight tensors; execution arithmetic differs by kernel","Same 1 x NVIDIA H100 SXM 80GB, tensor parallelism 1",Infervisor (Plow runtime; variant-specific frozen binaries) vs vLLM 0.28.0,,Different: Infervisor 64 slots for TC64 candidates and 32 slots for other rows; vLLM max-num-seqs 256,Cache-off comparison. Reference counters audited zero hits; older Infervisor runs lack counter capture. Production 20%/80% reuse not qualified,0151eab889a8ef9255543ba21cd72562b0bc3b6864cb2887a8f292bc505041bc,"TC64 padded policy control, depth 1",g32,128,128,32,greedy,2,complete,Matched control; broad output equivalence unqualified,2585.2806743998244,2585.2806743998244,5170.561348799649,20.19750526874863,231.00426929886456,10.94188310410351,0.17149436654928601,57.84375,3273.0664619567906,3273.0664619567906,6546.132923913581,25.570831734037426,182.54698500968516,9.427480758002805,0.8330251429382944,,0.7898650102125405
.,"Gemma-4-12B-IT FP8, same local checkpoint; immutable upstream revision not recorded in this report","Same FP8 checkpoint weights, BF16 KV cache; Infervisor rekey preserves 328 FP8 weight tensors; execution arithmetic differs by kernel","Same 1 x NVIDIA H100 SXM 80GB, tensor parallelism 1",Infervisor (Plow runtime; variant-specific frozen binaries) vs vLLM 0.28.0,,Different: Infervisor 64 slots for TC64 candidates and 32 slots for other rows; vLLM max-num-seqs 256,Cache-off comparison. Reference counters audited zero hits; older Infervisor runs lack counter capture. Production 20%/80% reuse not qualified,0151eab889a8ef9255543ba21cd72562b0bc3b6864cb2887a8f292bc505041bc,"TC64 padded policy control, depth 1",g64,128,128,64,greedy,2,complete,Matched control; broad output equivalence unqualified,3053.039948355552,3053.039948355552,6106.079896711104,23.85187459652775,413.1817985221278,19.7068575566532,0.10742866880951542,58.875,5459.555424857858,5459.555424857858,10919.110849715717,42.65277675670202,315.2726600843016,11.08124535894718,0.4933167963038612,,0.5592103588608662
.,"Gemma-4-12B-IT FP8, same local checkpoint; immutable upstream revision not recorded in this report","Same FP8 checkpoint weights, BF16 KV cache; Infervisor rekey preserves 328 FP8 weight tensors; execution arithmetic differs by kernel","Same 1 x NVIDIA H100 SXM 80GB, tensor parallelism 1",Infervisor (Plow runtime; variant-specific frozen binaries) vs vLLM 0.28.0,,Different: Infervisor 64 slots for TC64 candidates and 32 slots for other rows; vLLM max-num-seqs 256,Cache-off comparison. Reference counters audited zero hits; older Infervisor runs lack counter capture. Production 20%/80% reuse not qualified,0151eab889a8ef9255543ba21cd72562b0bc3b6864cb2887a8f292bc505041bc,"TC64 padded policy control, depth 1",g128,128,128,128,greedy,2,complete,Matched control; broad output equivalence unqualified,3027.0849969106184,3027.0849969106184,6054.169993821237,23.649101538364206,3219.219842570601,20.57879209347018,2.862254245544503,58.875,7793.059880782105,7793.059880782105,15586.11976156421,60.8832803186102,597.3337350122165,15.299660934687145,0.777415290924739,,0.3884334322100477
.,"Gemma-4-12B-IT FP8, same local checkpoint; immutable upstream revision not recorded in this report","Same FP8 checkpoint weights, BF16 KV cache; Infervisor rekey preserves 328 FP8 weight tensors; execution arithmetic differs by kernel","Same 1 x NVIDIA H100 SXM 80GB, tensor parallelism 1",Infervisor (Plow runtime; variant-specific frozen binaries) vs vLLM 0.28.0,,Different: Infervisor 64 slots for TC64 candidates and 32 slots for other rows; vLLM max-num-seqs 256,Cache-off comparison. Reference counters audited zero hits; older Infervisor runs lack counter capture. Production 20%/80% reuse not qualified,0151eab889a8ef9255543ba21cd72562b0bc3b6864cb2887a8f292bc505041bc,"TC64 padded policy control, depth 1",s1,128,128,1,sampled T=1 top_p=.95,2,complete,Matched control; broad output equivalence unqualified,129.63371272122907,129.63371272122907,259.26742544245815,1.0127633806346021,19.87360002589412,7.630306977300179,0.06283363758657573,56.90625,131.1595603427686,131.1595603427686,262.3191206855372,1.0246840651778797,24.483513487502933,7.54604322635972,0.10296466076924626,,0.9883664780702839
.,"Gemma-4-12B-IT FP8, same local checkpoint; immutable upstream revision not recorded in this report","Same FP8 checkpoint weights, BF16 KV cache; Infervisor rekey preserves 328 FP8 weight tensors; execution arithmetic differs by kernel","Same 1 x NVIDIA H100 SXM 80GB, tensor parallelism 1",Infervisor (Plow runtime; variant-specific frozen binaries) vs vLLM 0.28.0,,Different: Infervisor 64 slots for TC64 candidates and 32 slots for other rows; vLLM max-num-seqs 256,Cache-off comparison. Reference counters audited zero hits; older Infervisor runs lack counter capture. Production 20%/80% reuse not qualified,0151eab889a8ef9255543ba21cd72562b0bc3b6864cb2887a8f292bc505041bc,"TC64 padded policy control, depth 1",s4,128,128,4,sampled T=1 top_p=.95,2,complete,Matched control; broad output equivalence unqualified,507.39448478087496,507.39448478087496,1014.7889695617499,3.9640194123505856,46.81698528234847,7.806799021901519,0.024161686021191155,56.96875,508.9270093181025,508.9270093181025,1017.854018636205,3.9759922602976756,44.12947272998281,7.608199365910025,0.11269446493534291,,0.9969887144734548
.,"Gemma-4-12B-IT FP8, same local checkpoint; immutable upstream revision not recorded in this report","Same FP8 checkpoint weights, BF16 KV cache; Infervisor rekey preserves 328 FP8 weight tensors; execution arithmetic differs by kernel","Same 1 x NVIDIA H100 SXM 80GB, tensor parallelism 1",Infervisor (Plow runtime; variant-specific frozen binaries) vs vLLM 0.28.0,,Different: Infervisor 64 slots for TC64 candidates and 32 slots for other rows; vLLM max-num-seqs 256,Cache-off comparison. Reference counters audited zero hits; older Infervisor runs lack counter capture. Production 20%/80% reuse not qualified,0151eab889a8ef9255543ba21cd72562b0bc3b6864cb2887a8f292bc505041bc,"TC64 padded policy control, depth 1",s16,128,128,16,sampled T=1 top_p=.95,2,complete,Matched control; broad output equivalence unqualified,1688.2633789057531,1688.2633789057531,3376.5267578115063,13.189557647701196,112.94989446760155,9.286470103809082,0.11684931522485942,57.34375,1887.4702390236664,1887.4702390236664,3774.940478047333,14.745861242372394,100.94763894448988,8.194516354706138,0.341542471458881,,0.894458277540335
.,"Gemma-4-12B-IT FP8, same local checkpoint; immutable upstream revision not recorded in this report","Same FP8 checkpoint weights, BF16 KV cache; Infervisor rekey preserves 328 FP8 weight tensors; execution arithmetic differs by kernel","Same 1 x NVIDIA H100 SXM 80GB, tensor parallelism 1",Infervisor (Plow runtime; variant-specific frozen binaries) vs vLLM 0.28.0,,Different: Infervisor 64 slots for TC64 candidates and 32 slots for other rows; vLLM max-num-seqs 256,Cache-off comparison. Reference counters audited zero hits; older Infervisor runs lack counter capture. Production 20%/80% reuse not qualified,0151eab889a8ef9255543ba21cd72562b0bc3b6864cb2887a8f292bc505041bc,"TC64 padded policy control, depth 1",s32,128,128,32,sampled T=1 top_p=.95,2,complete,Matched control; broad output equivalence unqualified,2540.200377474008,2540.200377474008,5080.400754948016,19.845315449015686,230.7842009852175,11.145247624165888,0.35007301697442644,57.84375,3168.1075045054145,3168.1075045054145,6336.215009010829,24.75083987894855,178.79165042191744,9.739091670136956,0.4515990050191117,,0.8018037184222915
.,"Gemma-4-12B-IT FP8, same local checkpoint; immutable upstream revision not recorded in this report","Same FP8 checkpoint weights, BF16 KV cache; Infervisor rekey preserves 328 FP8 weight tensors; execution arithmetic differs by kernel","Same 1 x NVIDIA H100 SXM 80GB, tensor parallelism 1",Infervisor (Plow runtime; variant-specific frozen binaries) vs vLLM 0.28.0,,Different: Infervisor 64 slots for TC64 candidates and 32 slots for other rows; vLLM max-num-seqs 256,Cache-off comparison. Reference counters audited zero hits; older Infervisor runs lack counter capture. Production 20%/80% reuse not qualified,0151eab889a8ef9255543ba21cd72562b0bc3b6864cb2887a8f292bc505041bc,"TC64 padded policy control, depth 1",s64,128,128,64,sampled T=1 top_p=.95,2,complete,Matched control; broad output equivalence unqualified,3025.674151189963,3025.674151189963,6051.348302379926,23.638079306171587,408.15699927625246,19.947880871692966,0.05817454327213929,58.875,5276.546447136158,5276.546447136158,10553.092894272317,41.22301911825124,310.7741760497447,11.52350094977869,0.4316696987121105,,0.5734194101204483
.,"Gemma-4-12B-IT FP8, same local checkpoint; immutable upstream revision not recorded in this report","Same FP8 checkpoint weights, BF16 KV cache; Infervisor rekey preserves 328 FP8 weight tensors; execution arithmetic differs by kernel","Same 1 x NVIDIA H100 SXM 80GB, tensor parallelism 1",Infervisor (Plow runtime; variant-specific frozen binaries) vs vLLM 0.28.0,,Different: Infervisor 64 slots for TC64 candidates and 32 slots for other rows; vLLM max-num-seqs 256,Cache-off comparison. Reference counters audited zero hits; older Infervisor runs lack counter capture. Production 20%/80% reuse not qualified,0151eab889a8ef9255543ba21cd72562b0bc3b6864cb2887a8f292bc505041bc,"TC64 padded policy control, depth 1",s128,128,128,128,sampled T=1 top_p=.95,2,complete,Matched control; broad output equivalence unqualified,3061.490795088913,3061.490795088913,6122.981590177826,23.91789683663213,3096.6667658498045,20.678878407577038,0.8108158685641687,58.875,7465.8255991238675,7465.8255991238675,14931.651198247735,58.326762493155215,584.1078144323546,15.928967212607322,1.5089574243904376,,0.41006727982611674
.,"Gemma-4-12B-IT FP8, same local checkpoint; immutable upstream revision not recorded in this report","Same FP8 checkpoint weights, BF16 KV cache; Infervisor rekey preserves 328 FP8 weight tensors; execution arithmetic differs by kernel","Same 1 x NVIDIA H100 SXM 80GB, tensor parallelism 1",Infervisor (Plow runtime; variant-specific frozen binaries) vs vLLM 0.28.0,,Different: Infervisor 64 slots for TC64 candidates and 32 slots for other rows; vLLM max-num-seqs 256,Cache-off comparison. Reference counters audited zero hits; older Infervisor runs lack counter capture. Production 20%/80% reuse not qualified,0151eab889a8ef9255543ba21cd72562b0bc3b6864cb2887a8f292bc505041bc,"TC64 padded policy, whole-GW depth 2 experiment",g1,128,128,1,greedy,2,complete,Short chat retrieval: 72/72 each; broader equivalence unqualified,132.44714706728675,132.44714706728675,264.8942941345735,1.0347433364631777,20.129621678497642,7.480049876983857,0.16013102635862275,56.90625,134.54184263340076,134.54184263340076,269.0836852668015,1.0511081455734435,41.936957964208,7.336150901511267,0.1909811270048122,,0.9844308987812689
.,"Gemma-4-12B-IT FP8, same local checkpoint; immutable upstream revision not recorded in this report","Same FP8 checkpoint weights, BF16 KV cache; Infervisor rekey preserves 328 FP8 weight tensors; execution arithmetic differs by kernel","Same 1 x NVIDIA H100 SXM 80GB, tensor parallelism 1",Infervisor (Plow runtime; variant-specific frozen binaries) vs vLLM 0.28.0,,Different: Infervisor 64 slots for TC64 candidates and 32 slots for other rows; vLLM max-num-seqs 256,Cache-off comparison. Reference counters audited zero hits; older Infervisor runs lack counter capture. Production 20%/80% reuse not qualified,0151eab889a8ef9255543ba21cd72562b0bc3b6864cb2887a8f292bc505041bc,"TC64 padded policy, whole-GW depth 2 experiment",g4,128,128,4,greedy,2,complete,Short chat retrieval: 72/72 each; broader equivalence unqualified,519.0855100300159,519.0855100300159,1038.1710200600319,4.0553555471094995,47.52730898791924,7.662431929887485,0.2684221248368522,56.96875,524.7975738646926,524.7975738646926,1049.5951477293852,4.099981045817911,44.516658020438626,7.385232296412972,0.015530252220914954,,0.9891156817044482
.,"Gemma-4-12B-IT FP8, same local checkpoint; immutable upstream revision not recorded in this report","Same FP8 checkpoint weights, BF16 KV cache; Infervisor rekey preserves 328 FP8 weight tensors; execution arithmetic differs by kernel","Same 1 x NVIDIA H100 SXM 80GB, tensor parallelism 1",Infervisor (Plow runtime; variant-specific frozen binaries) vs vLLM 0.28.0,,Different: Infervisor 64 slots for TC64 candidates and 32 slots for other rows; vLLM max-num-seqs 256,Cache-off comparison. Reference counters audited zero hits; older Infervisor runs lack counter capture. Production 20%/80% reuse not qualified,0151eab889a8ef9255543ba21cd72562b0bc3b6864cb2887a8f292bc505041bc,"TC64 padded policy, whole-GW depth 2 experiment",g16,128,128,16,greedy,2,complete,Short chat retrieval: 72/72 each; broader equivalence unqualified,1710.9073291764648,1710.9073291764648,3421.8146583529297,13.366463509191131,110.95664839376695,9.176773726518492,0.11940473496216064,57.34375,1948.5886344102103,1948.5886344102103,3897.1772688204205,15.223348706329768,102.85722229164094,7.979971633290901,0.3303109206201565,,0.8780238676155033
.,"Gemma-4-12B-IT FP8, same local checkpoint; immutable upstream revision not recorded in this report","Same FP8 checkpoint weights, BF16 KV cache; Infervisor rekey preserves 328 FP8 weight tensors; execution arithmetic differs by kernel","Same 1 x NVIDIA H100 SXM 80GB, tensor parallelism 1",Infervisor (Plow runtime; variant-specific frozen binaries) vs vLLM 0.28.0,,Different: Infervisor 64 slots for TC64 candidates and 32 slots for other rows; vLLM max-num-seqs 256,Cache-off comparison. Reference counters audited zero hits; older Infervisor runs lack counter capture. Production 20%/80% reuse not qualified,0151eab889a8ef9255543ba21cd72562b0bc3b6864cb2887a8f292bc505041bc,"TC64 padded policy, whole-GW depth 2 experiment",g32,128,128,32,greedy,2,complete,Short chat retrieval: 72/72 each; broader equivalence unqualified,2582.6922888077183,2582.6922888077183,5165.384577615437,20.1772835063103,224.64451980777088,10.95297002804642,0.06319836395993692,57.84375,3273.0664619567906,3273.0664619567906,6546.132923913581,25.570831734037426,182.54698500968516,9.427480758002805,0.8330251429382944,,0.78907419657579
.,"Gemma-4-12B-IT FP8, same local checkpoint; immutable upstream revision not recorded in this report","Same FP8 checkpoint weights, BF16 KV cache; Infervisor rekey preserves 328 FP8 weight tensors; execution arithmetic differs by kernel","Same 1 x NVIDIA H100 SXM 80GB, tensor parallelism 1",Infervisor (Plow runtime; variant-specific frozen binaries) vs vLLM 0.28.0,,Different: Infervisor 64 slots for TC64 candidates and 32 slots for other rows; vLLM max-num-seqs 256,Cache-off comparison. Reference counters audited zero hits; older Infervisor runs lack counter capture. Production 20%/80% reuse not qualified,0151eab889a8ef9255543ba21cd72562b0bc3b6864cb2887a8f292bc505041bc,"TC64 padded policy, whole-GW depth 2 experiment",g64,128,128,64,greedy,2,complete,Short chat retrieval: 72/72 each; broader equivalence unqualified,3176.7090334661666,3176.7090334661666,6353.418066932333,24.818039323954427,399.40898142172955,18.909394844704668,0.19765235182871874,58.875,5459.555424857858,5459.555424857858,10919.110849715717,42.65277675670202,315.2726600843016,11.08124535894718,0.4933167963038612,,0.5818622188543627
.,"Gemma-4-12B-IT FP8, same local checkpoint; immutable upstream revision not recorded in this report","Same FP8 checkpoint weights, BF16 KV cache; Infervisor rekey preserves 328 FP8 weight tensors; execution arithmetic differs by kernel","Same 1 x NVIDIA H100 SXM 80GB, tensor parallelism 1",Infervisor (Plow runtime; variant-specific frozen binaries) vs vLLM 0.28.0,,Different: Infervisor 64 slots for TC64 candidates and 32 slots for other rows; vLLM max-num-seqs 256,Cache-off comparison. Reference counters audited zero hits; older Infervisor runs lack counter capture. Production 20%/80% reuse not qualified,0151eab889a8ef9255543ba21cd72562b0bc3b6864cb2887a8f292bc505041bc,"TC64 padded policy, whole-GW depth 2 experiment",g128,128,128,128,greedy,2,complete,Short chat retrieval: 72/72 each; broader equivalence unqualified,3184.0725830842134,3184.0725830842134,6368.145166168427,24.875567055345417,2998.2684897712898,19.93072756325027,1.4353746923664656,58.875,7793.059880782105,7793.059880782105,15586.11976156421,60.8832803186102,597.3337350122165,15.299660934687145,0.777415290924739,,0.40857796960295684
.,"Gemma-4-12B-IT FP8, same local checkpoint; immutable upstream revision not recorded in this report","Same FP8 checkpoint weights, BF16 KV cache; Infervisor rekey preserves 328 FP8 weight tensors; execution arithmetic differs by kernel","Same 1 x NVIDIA H100 SXM 80GB, tensor parallelism 1",Infervisor (Plow runtime; variant-specific frozen binaries) vs vLLM 0.28.0,,Different: Infervisor 64 slots for TC64 candidates and 32 slots for other rows; vLLM max-num-seqs 256,Cache-off comparison. Reference counters audited zero hits; older Infervisor runs lack counter capture. Production 20%/80% reuse not qualified,0151eab889a8ef9255543ba21cd72562b0bc3b6864cb2887a8f292bc505041bc,"TC64 padded policy, whole-GW depth 2 experiment",s1,128,128,1,sampled T=1 top_p=.95,2,complete,Short chat retrieval: 72/72 each; broader equivalence unqualified,129.72497250339282,129.72497250339282,259.44994500678564,1.0134763476827564,19.720938487444073,7.637351149588633,0.18139607016781578,56.90625,131.1595603427686,131.1595603427686,262.3191206855372,1.0246840651778797,24.483513487502933,7.54604322635972,0.10296466076924626,,0.9890622701415995
.,"Gemma-4-12B-IT FP8, same local checkpoint; immutable upstream revision not recorded in this report","Same FP8 checkpoint weights, BF16 KV cache; Infervisor rekey preserves 328 FP8 weight tensors; execution arithmetic differs by kernel","Same 1 x NVIDIA H100 SXM 80GB, tensor parallelism 1",Infervisor (Plow runtime; variant-specific frozen binaries) vs vLLM 0.28.0,,Different: Infervisor 64 slots for TC64 candidates and 32 slots for other rows; vLLM max-num-seqs 256,Cache-off comparison. Reference counters audited zero hits; older Infervisor runs lack counter capture. Production 20%/80% reuse not qualified,0151eab889a8ef9255543ba21cd72562b0bc3b6864cb2887a8f292bc505041bc,"TC64 padded policy, whole-GW depth 2 experiment",s4,128,128,4,sampled T=1 top_p=.95,2,complete,Short chat retrieval: 72/72 each; broader equivalence unqualified,508.90664590226703,508.90664590226703,1017.8132918045341,3.975833171111461,46.216789776226506,7.7783615430303685,0.050901994592583155,56.96875,508.9270093181025,508.9270093181025,1017.854018636205,3.9759922602976756,44.12947272998281,7.608199365910025,0.11269446493534291,,0.9999599875513333
.,"Gemma-4-12B-IT FP8, same local checkpoint; immutable upstream revision not recorded in this report","Same FP8 checkpoint weights, BF16 KV cache; Infervisor rekey preserves 328 FP8 weight tensors; execution arithmetic differs by kernel","Same 1 x NVIDIA H100 SXM 80GB, tensor parallelism 1",Infervisor (Plow runtime; variant-specific frozen binaries) vs vLLM 0.28.0,,Different: Infervisor 64 slots for TC64 candidates and 32 slots for other rows; vLLM max-num-seqs 256,Cache-off comparison. Reference counters audited zero hits; older Infervisor runs lack counter capture. Production 20%/80% reuse not qualified,0151eab889a8ef9255543ba21cd72562b0bc3b6864cb2887a8f292bc505041bc,"TC64 padded policy, whole-GW depth 2 experiment",s16,128,128,16,sampled T=1 top_p=.95,2,complete,Short chat retrieval: 72/72 each; broader equivalence unqualified,1687.0998902049155,1687.0998902049155,3374.199780409831,13.180467892225902,112.15822252561338,9.285482290149556,0.16953437189040033,57.34375,1887.4702390236664,1887.4702390236664,3774.940478047333,14.745861242372394,100.94763894448988,8.194516354706138,0.341542471458881,,0.8938418499661236
.,"Gemma-4-12B-IT FP8, same local checkpoint; immutable upstream revision not recorded in this report","Same FP8 checkpoint weights, BF16 KV cache; Infervisor rekey preserves 328 FP8 weight tensors; execution arithmetic differs by kernel","Same 1 x NVIDIA H100 SXM 80GB, tensor parallelism 1",Infervisor (Plow runtime; variant-specific frozen binaries) vs vLLM 0.28.0,,Different: Infervisor 64 slots for TC64 candidates and 32 slots for other rows; vLLM max-num-seqs 256,Cache-off comparison. Reference counters audited zero hits; older Infervisor runs lack counter capture. Production 20%/80% reuse not qualified,0151eab889a8ef9255543ba21cd72562b0bc3b6864cb2887a8f292bc505041bc,"TC64 padded policy, whole-GW depth 2 experiment",s32,128,128,32,sampled T=1 top_p=.95,2,complete,Short chat retrieval: 72/72 each; broader equivalence unqualified,2550.144990987256,2550.144990987256,5100.289981974512,19.923007742087936,223.20770842372443,11.12491099961381,0.04185411162092685,57.84375,3168.1075045054145,3168.1075045054145,6336.215009010829,24.75083987894855,178.79165042191744,9.739091670136956,0.4515990050191117,,0.8049426944510738
.,"Gemma-4-12B-IT FP8, same local checkpoint; immutable upstream revision not recorded in this report","Same FP8 checkpoint weights, BF16 KV cache; Infervisor rekey preserves 328 FP8 weight tensors; execution arithmetic differs by kernel","Same 1 x NVIDIA H100 SXM 80GB, tensor parallelism 1",Infervisor (Plow runtime; variant-specific frozen binaries) vs vLLM 0.28.0,,Different: Infervisor 64 slots for TC64 candidates and 32 slots for other rows; vLLM max-num-seqs 256,Cache-off comparison. Reference counters audited zero hits; older Infervisor runs lack counter capture. Production 20%/80% reuse not qualified,0151eab889a8ef9255543ba21cd72562b0bc3b6864cb2887a8f292bc505041bc,"TC64 padded policy, whole-GW depth 2 experiment",s64,128,128,64,sampled T=1 top_p=.95,2,complete,Short chat retrieval: 72/72 each; broader equivalence unqualified,3138.4492421973446,3138.4492421973446,6276.898484394689,24.519134704666754,409.05889103305526,19.190193434222063,0.18650607525311239,58.875,5276.546447136158,5276.546447136158,10553.092894272317,41.22301911825124,310.7741760497447,11.52350094977869,0.4316696987121105,,0.5947923084995747
.,"Gemma-4-12B-IT FP8, same local checkpoint; immutable upstream revision not recorded in this report","Same FP8 checkpoint weights, BF16 KV cache; Infervisor rekey preserves 328 FP8 weight tensors; execution arithmetic differs by kernel","Same 1 x NVIDIA H100 SXM 80GB, tensor parallelism 1",Infervisor (Plow runtime; variant-specific frozen binaries) vs vLLM 0.28.0,,Different: Infervisor 64 slots for TC64 candidates and 32 slots for other rows; vLLM max-num-seqs 256,Cache-off comparison. Reference counters audited zero hits; older Infervisor runs lack counter capture. Production 20%/80% reuse not qualified,0151eab889a8ef9255543ba21cd72562b0bc3b6864cb2887a8f292bc505041bc,"TC64 padded policy, whole-GW depth 2 experiment",s128,128,128,128,sampled T=1 top_p=.95,2,complete,Short chat retrieval: 72/72 each; broader equivalence unqualified,3171.785608050399,3171.785608050399,6343.571216100798,24.77957506289374,3009.8825428599957,19.9316246106975,0.6483135074555844,58.875,7465.8255991238675,7465.8255991238675,14931.651198247735,58.326762493155215,584.1078144323546,15.928967212607322,1.5089574243904376,,0.4248405706694536
.,"Gemma-4-12B-IT FP8, same local checkpoint; immutable upstream revision not recorded in this report","Same FP8 checkpoint weights, BF16 KV cache; Infervisor rekey preserves 328 FP8 weight tensors; execution arithmetic differs by kernel","Same 1 x NVIDIA H100 SXM 80GB, tensor parallelism 1",Infervisor (Plow runtime; variant-specific frozen binaries) vs vLLM 0.28.0,,Different: Infervisor 64 slots for TC64 candidates and 32 slots for other rows; vLLM max-num-seqs 256,Cache-off comparison. Reference counters audited zero hits; older Infervisor runs lack counter capture. Production 20%/80% reuse not qualified,0151eab889a8ef9255543ba21cd72562b0bc3b6864cb2887a8f292bc505041bc,"TC64 + padded Lt policy, 64 slots, 2112 rung",g1,4096,128,1,greedy,2,complete,4K-context serving quality gate pending,112.94698880329987,112.94698880329987,3727.250630508896,0.8823983500257803,188.308631508844,7.632758573456631,0.17274954080460586,57.375,118.90682009718071,118.90682009718071,3923.9250632069634,0.9289595320092243,144.35861373203807,7.441254711478919,0.15470799777184888,,0.9498781374440091
.,"Gemma-4-12B-IT FP8, same local checkpoint; immutable upstream revision not recorded in this report","Same FP8 checkpoint weights, BF16 KV cache; Infervisor rekey preserves 328 FP8 weight tensors; execution arithmetic differs by kernel","Same 1 x NVIDIA H100 SXM 80GB, tensor parallelism 1",Infervisor (Plow runtime; variant-specific frozen binaries) vs vLLM 0.28.0,,Different: Infervisor 64 slots for TC64 candidates and 32 slots for other rows; vLLM max-num-seqs 256,Cache-off comparison. Reference counters audited zero hits; older Infervisor runs lack counter capture. Production 20%/80% reuse not qualified,0151eab889a8ef9255543ba21cd72562b0bc3b6864cb2887a8f292bc505041bc,"TC64 + padded Lt policy, 64 slots, 2112 rung",g4,4096,128,4,greedy,2,complete,4K-context serving quality gate pending,288.832525662294,288.832525662294,9531.473346855702,2.256504106736672,753.860327177681,12.305629207288817,3.821937563989989,57.34375,348.8515840596269,348.8515840596269,11512.102273967686,2.725403000465835,488.2720285002142,10.45420837389694,0.03572344689502709,,0.8279524556005049
.,"Gemma-4-12B-IT FP8, same local checkpoint; immutable upstream revision not recorded in this report","Same FP8 checkpoint weights, BF16 KV cache; Infervisor rekey preserves 328 FP8 weight tensors; execution arithmetic differs by kernel","Same 1 x NVIDIA H100 SXM 80GB, tensor parallelism 1",Infervisor (Plow runtime; variant-specific frozen binaries) vs vLLM 0.28.0,,Different: Infervisor 64 slots for TC64 candidates and 32 slots for other rows; vLLM max-num-seqs 256,Cache-off comparison. Reference counters audited zero hits; older Infervisor runs lack counter capture. Production 20%/80% reuse not qualified,0151eab889a8ef9255543ba21cd72562b0bc3b6864cb2887a8f292bc505041bc,"TC64 + padded Lt policy, 64 slots, 2112 rung",g16,4096,128,16,greedy,2,complete,4K-context serving quality gate pending,500.2341383391588,500.2341383391588,16507.72656519224,3.908079205774678,2805.559620942222,29.718866651441427,2.001144846190402,58.375,674.0235079772228,674.0235079772228,22242.775763248355,5.265808656072053,1886.1865204933565,22.61641182350985,0.02989581671141212,,0.7421612635446286
.,"Gemma-4-12B-IT FP8, same local checkpoint; immutable upstream revision not recorded in this report","Same FP8 checkpoint weights, BF16 KV cache; Infervisor rekey preserves 328 FP8 weight tensors; execution arithmetic differs by kernel","Same 1 x NVIDIA H100 SXM 80GB, tensor parallelism 1",Infervisor (Plow runtime; variant-specific frozen binaries) vs vLLM 0.28.0,,Different: Infervisor 64 slots for TC64 candidates and 32 slots for other rows; vLLM max-num-seqs 256,Cache-off comparison. Reference counters audited zero hits; older Infervisor runs lack counter capture. Production 20%/80% reuse not qualified,0151eab889a8ef9255543ba21cd72562b0bc3b6864cb2887a8f292bc505041bc,"TC64 + padded Lt policy, 64 slots, 2112 rung",g32,4096,128,32,greedy,2,complete,4K-context serving quality gate pending,584.5651686583008,584.5651686583008,19290.650565723925,4.566915380142975,5127.969649716979,52.14737807274026,0.01325594720106476,59.875,782.8905693553846,782.8905693553846,25835.38878872769,6.116332573088942,3771.329712847946,39.680662968417806,0.050711959836870116,,0.7466754506183658
.,"Gemma-4-12B-IT FP8, same local checkpoint; immutable upstream revision not recorded in this report","Same FP8 checkpoint weights, BF16 KV cache; Infervisor rekey preserves 328 FP8 weight tensors; execution arithmetic differs by kernel","Same 1 x NVIDIA H100 SXM 80GB, tensor parallelism 1",Infervisor (Plow runtime; variant-specific frozen binaries) vs vLLM 0.28.0,,Different: Infervisor 64 slots for TC64 candidates and 32 slots for other rows; vLLM max-num-seqs 256,Cache-off comparison. Reference counters audited zero hits; older Infervisor runs lack counter capture. Production 20%/80% reuse not qualified,0151eab889a8ef9255543ba21cd72562b0bc3b6864cb2887a8f292bc505041bc,"TC64 + padded Lt policy, 64 slots, 2112 rung",g64,4096,128,64,greedy,2,complete,4K-context serving quality gate pending,605.7394153356244,605.7394153356244,19989.400706075605,4.732339182309565,10660.467230153738,100.08150531664697,1.3061861465886728,62.90625,861.0209262328059,861.0209262328059,28413.690565682595,6.726725986193796,7533.284180425109,72.30756500910044,0.0538563403606788,,0.7035130005328609
.,"Gemma-4-12B-IT FP8, same local checkpoint; immutable upstream revision not recorded in this report","Same FP8 checkpoint weights, BF16 KV cache; Infervisor rekey preserves 328 FP8 weight tensors; execution arithmetic differs by kernel","Same 1 x NVIDIA H100 SXM 80GB, tensor parallelism 1",Infervisor (Plow runtime; variant-specific frozen binaries) vs vLLM 0.28.0,,Different: Infervisor 64 slots for TC64 candidates and 32 slots for other rows; vLLM max-num-seqs 256,Cache-off comparison. Reference counters audited zero hits; older Infervisor runs lack counter capture. Production 20%/80% reuse not qualified,0151eab889a8ef9255543ba21cd72562b0bc3b6864cb2887a8f292bc505041bc,"TC64 + padded Lt policy, 64 slots, 2112 rung",g128,4096,128,128,greedy,2,complete,4K-context serving quality gate pending,621.3397975450386,621.3397975450386,20504.213318986272,4.854217168320614,23062.422726675875,100.15668248484556,0.9912092727017803,62.908203125,894.6525209783592,894.6525209783592,29523.533192285853,6.9894728201434315,15279.079391080895,139.80137342888693,0.0072062046119215455,,0.6945040481924357
.,"Gemma-4-12B-IT FP8, same local checkpoint; immutable upstream revision not recorded in this report","Same FP8 checkpoint weights, BF16 KV cache; Infervisor rekey preserves 328 FP8 weight tensors; execution arithmetic differs by kernel","Same 1 x NVIDIA H100 SXM 80GB, tensor parallelism 1",Infervisor (Plow runtime; variant-specific frozen binaries) vs vLLM 0.28.0,,Different: Infervisor 64 slots for TC64 candidates and 32 slots for other rows; vLLM max-num-seqs 256,Cache-off comparison. Reference counters audited zero hits; older Infervisor runs lack counter capture. Production 20%/80% reuse not qualified,0151eab889a8ef9255543ba21cd72562b0bc3b6864cb2887a8f292bc505041bc,"TC64 + padded Lt policy, 64 slots, 2112 rung",s1,4096,128,1,sampled T=1 top_p=.95,2,complete,4K-context serving quality gate pending,110.79535738658822,110.79535738658822,3656.2467937574115,0.8655887295827205,169.7409976599738,7.809116628743327,0.35819780951138536,57.34375,116.16667653569968,116.16667653569968,3833.500325678089,0.9075521604351537,139.3450431036763,7.639797266781711,0.10654847231380891,,0.9537619624724241
.,"Gemma-4-12B-IT FP8, same local checkpoint; immutable upstream revision not recorded in this report","Same FP8 checkpoint weights, BF16 KV cache; Infervisor rekey preserves 328 FP8 weight tensors; execution arithmetic differs by kernel","Same 1 x NVIDIA H100 SXM 80GB, tensor parallelism 1",Infervisor (Plow runtime; variant-specific frozen binaries) vs vLLM 0.28.0,,Different: Infervisor 64 slots for TC64 candidates and 32 slots for other rows; vLLM max-num-seqs 256,Cache-off comparison. Reference counters audited zero hits; older Infervisor runs lack counter capture. Production 20%/80% reuse not qualified,0151eab889a8ef9255543ba21cd72562b0bc3b6864cb2887a8f292bc505041bc,"TC64 + padded Lt policy, 64 slots, 2112 rung",s4,4096,128,4,sampled T=1 top_p=.95,2,complete,4K-context serving quality gate pending,285.04019880911886,285.04019880911886,9406.326560700922,2.226876553196241,752.7748934063129,12.508634726744233,3.7272794457329423,57.34375,341.76991876843124,341.76991876843124,11278.40731935823,2.670077490378369,493.97383562871255,10.684250932100678,0.24199906808628877,,0.8340119570389984
.,"Gemma-4-12B-IT FP8, same local checkpoint; immutable upstream revision not recorded in this report","Same FP8 checkpoint weights, BF16 KV cache; Infervisor rekey preserves 328 FP8 weight tensors; execution arithmetic differs by kernel","Same 1 x NVIDIA H100 SXM 80GB, tensor parallelism 1",Infervisor (Plow runtime; variant-specific frozen binaries) vs vLLM 0.28.0,,Different: Infervisor 64 slots for TC64 candidates and 32 slots for other rows; vLLM max-num-seqs 256,Cache-off comparison. Reference counters audited zero hits; older Infervisor runs lack counter capture. Production 20%/80% reuse not qualified,0151eab889a8ef9255543ba21cd72562b0bc3b6864cb2887a8f292bc505041bc,"TC64 + padded Lt policy, 64 slots, 2112 rung",s16,4096,128,16,sampled T=1 top_p=.95,2,complete,4K-context serving quality gate pending,498.4152209044533,498.4152209044533,16447.70228984696,3.8938689133160413,2811.2588737683836,29.986185754152512,0.8390197050419413,58.375,668.1420819548713,668.1420819548713,22048.68870451075,5.219860015272432,1881.2798716244288,22.825117314217877,0.12183811305448364,,0.7459719038294583
.,"Gemma-4-12B-IT FP8, same local checkpoint; immutable upstream revision not recorded in this report","Same FP8 checkpoint weights, BF16 KV cache; Infervisor rekey preserves 328 FP8 weight tensors; execution arithmetic differs by kernel","Same 1 x NVIDIA H100 SXM 80GB, tensor parallelism 1",Infervisor (Plow runtime; variant-specific frozen binaries) vs vLLM 0.28.0,,Different: Infervisor 64 slots for TC64 candidates and 32 slots for other rows; vLLM max-num-seqs 256,Cache-off comparison. Reference counters audited zero hits; older Infervisor runs lack counter capture. Production 20%/80% reuse not qualified,0151eab889a8ef9255543ba21cd72562b0bc3b6864cb2887a8f292bc505041bc,"TC64 + padded Lt policy, 64 slots, 2112 rung",s32,4096,128,32,sampled T=1 top_p=.95,2,complete,4K-context serving quality gate pending,580.863400391136,580.863400391136,19168.492212907488,4.53799531555575,5158.350941061508,52.358740929726835,0.9194035612167016,59.875,776.7921010524437,776.7921010524437,25634.139334730644,6.068688289472217,3773.5550722375046,39.98100851366377,0.2268346970393448,,0.747772022403611
.,"Gemma-4-12B-IT FP8, same local checkpoint; immutable upstream revision not recorded in this report","Same FP8 checkpoint weights, BF16 KV cache; Infervisor rekey preserves 328 FP8 weight tensors; execution arithmetic differs by kernel","Same 1 x NVIDIA H100 SXM 80GB, tensor parallelism 1",Infervisor (Plow runtime; variant-specific frozen binaries) vs vLLM 0.28.0,,Different: Infervisor 64 slots for TC64 candidates and 32 slots for other rows; vLLM max-num-seqs 256,Cache-off comparison. Reference counters audited zero hits; older Infervisor runs lack counter capture. Production 20%/80% reuse not qualified,0151eab889a8ef9255543ba21cd72562b0bc3b6864cb2887a8f292bc505041bc,"TC64 + padded Lt policy, 64 slots, 2112 rung",s64,4096,128,64,sampled T=1 top_p=.95,2,complete,4K-context serving quality gate pending,602.6777231523886,602.6777231523886,19888.364864028823,4.708419712128036,10559.839941046668,101.06857650554886,1.2985574717828292,62.90625,855.3780657251401,855.3780657251401,28227.476168929625,6.682641138477657,7554.637342967328,72.75130216630843,0.11718924859454456,,0.7045746755751484
.,"Gemma-4-12B-IT FP8, same local checkpoint; immutable upstream revision not recorded in this report","Same FP8 checkpoint weights, BF16 KV cache; Infervisor rekey preserves 328 FP8 weight tensors; execution arithmetic differs by kernel","Same 1 x NVIDIA H100 SXM 80GB, tensor parallelism 1",Infervisor (Plow runtime; variant-specific frozen binaries) vs vLLM 0.28.0,,Different: Infervisor 64 slots for TC64 candidates and 32 slots for other rows; vLLM max-num-seqs 256,Cache-off comparison. Reference counters audited zero hits; older Infervisor runs lack counter capture. Production 20%/80% reuse not qualified,0151eab889a8ef9255543ba21cd72562b0bc3b6864cb2887a8f292bc505041bc,"TC64 + padded Lt policy, 64 slots, 2112 rung",s128,4096,128,128,sampled T=1 top_p=.95,2,complete,4K-context serving quality gate pending,614.5632326881848,614.5632326881848,20280.5866787101,4.801275255376444,23192.373613554522,100.98730300704392,0.020798044054978197,62.908203125,890.9269980342817,890.9269980342817,29400.5909351313,6.960367172142826,15284.359725313272,140.3237153915505,0.13393684484733176,,0.689802008519375
.,"Gemma-4-12B-IT FP8, same local checkpoint; immutable upstream revision not recorded in this report","Same FP8 checkpoint weights, BF16 KV cache; Infervisor rekey preserves 328 FP8 weight tensors; execution arithmetic differs by kernel","Same 1 x NVIDIA H100 SXM 80GB, tensor parallelism 1",Infervisor (Plow runtime; variant-specific frozen binaries) vs vLLM 0.28.0,,Different: Infervisor 64 slots for TC64 candidates and 32 slots for other rows; vLLM max-num-seqs 256,Cache-off comparison. Reference counters audited zero hits; older Infervisor runs lack counter capture. Production 20%/80% reuse not qualified,0151eab889a8ef9255543ba21cd72562b0bc3b6864cb2887a8f292bc505041bc,"Lt prefill, 32 slots, 2112 rung",g1,15000,128,1,greedy,2,complete,Long-context serving quality gate pending,79.26601855615237,79.26601855615237,9368.25256810526,0.6192657699699404,668.1339022831526,7.694785032195853,0.06346140425836284,56.837890625,85.88640917330868,85.88640917330868,10150.69998417042,0.670987571666474,568.1317936477717,7.4618910251489625,0.24255484915295633,,0.9229169005797281
.,"Gemma-4-12B-IT FP8, same local checkpoint; immutable upstream revision not recorded in this report","Same FP8 checkpoint weights, BF16 KV cache; Infervisor rekey preserves 328 FP8 weight tensors; execution arithmetic differs by kernel","Same 1 x NVIDIA H100 SXM 80GB, tensor parallelism 1",Infervisor (Plow runtime; variant-specific frozen binaries) vs vLLM 0.28.0,,Different: Infervisor 64 slots for TC64 candidates and 32 slots for other rows; vLLM max-num-seqs 256,Cache-off comparison. Reference counters audited zero hits; older Infervisor runs lack counter capture. Production 20%/80% reuse not qualified,0151eab889a8ef9255543ba21cd72562b0bc3b6864cb2887a8f292bc505041bc,"Lt prefill, 32 slots, 2112 rung",g4,15000,128,4,greedy,2,complete,Long-context serving quality gate pending,142.07327123066528,142.07327123066528,16791.284743574255,1.1099474314895725,2581.4086769043934,23.2799341251311,5.977705869660617,57.212890625,170.42049414860043,170.42049414860043,20141.572152187713,1.3314101105359408,2022.0333597867284,19.273539216946954,0.03391691947938439,,0.8336630634739423
.,"Gemma-4-12B-IT FP8, same local checkpoint; immutable upstream revision not recorded in this report","Same FP8 checkpoint weights, BF16 KV cache; Infervisor rekey preserves 328 FP8 weight tensors; execution arithmetic differs by kernel","Same 1 x NVIDIA H100 SXM 80GB, tensor parallelism 1",Infervisor (Plow runtime; variant-specific frozen binaries) vs vLLM 0.28.0,,Different: Infervisor 64 slots for TC64 candidates and 32 slots for other rows; vLLM max-num-seqs 256,Cache-off comparison. Reference counters audited zero hits; older Infervisor runs lack counter capture. Production 20%/80% reuse not qualified,0151eab889a8ef9255543ba21cd72562b0bc3b6864cb2887a8f292bc505041bc,"Lt prefill, 32 slots, 2112 rung",g16,15000,128,16,greedy,2,complete,Long-context serving quality gate pending,177.57395674830173,177.57395674830173,20987.022013189908,1.3872965370961072,10073.69382934994,83.72194371589525,0.38164954606852425,59.837890625,225.47235934188993,225.47235934188993,26648.014469719616,1.761502807358515,7945.6372874905355,66.54079207617929,0.0935580013520464,,0.7875641930860423
.,"Gemma-4-12B-IT FP8, same local checkpoint; immutable upstream revision not recorded in this report","Same FP8 checkpoint weights, BF16 KV cache; Infervisor rekey preserves 328 FP8 weight tensors; execution arithmetic differs by kernel","Same 1 x NVIDIA H100 SXM 80GB, tensor parallelism 1",Infervisor (Plow runtime; variant-specific frozen binaries) vs vLLM 0.28.0,,Different: Infervisor 64 slots for TC64 candidates and 32 slots for other rows; vLLM max-num-seqs 256,Cache-off comparison. Reference counters audited zero hits; older Infervisor runs lack counter capture. Production 20%/80% reuse not qualified,0151eab889a8ef9255543ba21cd72562b0bc3b6864cb2887a8f292bc505041bc,"Lt prefill, 32 slots, 2112 rung",g32,15000,128,32,greedy,2,complete,Long-context serving quality gate pending,183.3416619832444,183.3416619832444,21668.692675644696,1.4323567342440968,20377.80657339841,162.65537553500775,0.2001747915305359,63.369140625,236.55301649393192,236.55301649393192,27957.60963687658,1.8480704413588431,15762.050670994213,130.43910560097297,0.12020618840510658,,0.775055269641626
.,"Gemma-4-12B-IT FP8, same local checkpoint; immutable upstream revision not recorded in this report","Same FP8 checkpoint weights, BF16 KV cache; Infervisor rekey preserves 328 FP8 weight tensors; execution arithmetic differs by kernel","Same 1 x NVIDIA H100 SXM 80GB, tensor parallelism 1",Infervisor (Plow runtime; variant-specific frozen binaries) vs vLLM 0.28.0,,Different: Infervisor 64 slots for TC64 candidates and 32 slots for other rows; vLLM max-num-seqs 256,Cache-off comparison. Reference counters audited zero hits; older Infervisor runs lack counter capture. Production 20%/80% reuse not qualified,0151eab889a8ef9255543ba21cd72562b0bc3b6864cb2887a8f292bc505041bc,"Lt prefill, 32 slots, 2112 rung",g64,15000,128,64,greedy,2,complete,Long-context serving quality gate pending,185.07359739573187,185.07359739573187,21873.38579220806,1.4458874796541552,41718.91244786675,164.36590249352267,1.219120970416551,63.369140625,242.79976346464218,242.79976346464218,28695.8970444774,1.896873152067517,31636.935689664682,255.57027846199875,0.037430072254231304,,0.7622478488233094
.,"Gemma-4-12B-IT FP8, same local checkpoint; immutable upstream revision not recorded in this report","Same FP8 checkpoint weights, BF16 KV cache; Infervisor rekey preserves 328 FP8 weight tensors; execution arithmetic differs by kernel","Same 1 x NVIDIA H100 SXM 80GB, tensor parallelism 1",Infervisor (Plow runtime; variant-specific frozen binaries) vs vLLM 0.28.0,,Different: Infervisor 64 slots for TC64 candidates and 32 slots for other rows; vLLM max-num-seqs 256,Cache-off comparison. Reference counters audited zero hits; older Infervisor runs lack counter capture. Production 20%/80% reuse not qualified,0151eab889a8ef9255543ba21cd72562b0bc3b6864cb2887a8f292bc505041bc,"Lt prefill, 32 slots, 2112 rung",g128,15000,128,128,greedy,2,complete,Long-context serving quality gate pending,186.46138900785795,186.46138900785795,22037.40541336621,1.4567296016238902,83902.71717612517,161.76863034356634,0.3697335876279485,63.369140625,244.08332955114986,244.08332955114986,28847.598511326523,1.9069010121183583,63943.0292499147,283.3318627321007,0.07824372297467401,,0.7639251289743787
.,"Gemma-4-12B-IT FP8, same local checkpoint; immutable upstream revision not recorded in this report","Same FP8 checkpoint weights, BF16 KV cache; Infervisor rekey preserves 328 FP8 weight tensors; execution arithmetic differs by kernel","Same 1 x NVIDIA H100 SXM 80GB, tensor parallelism 1",Infervisor (Plow runtime; variant-specific frozen binaries) vs vLLM 0.28.0,,Different: Infervisor 64 slots for TC64 candidates and 32 slots for other rows; vLLM max-num-seqs 256,Cache-off comparison. Reference counters audited zero hits; older Infervisor runs lack counter capture. Production 20%/80% reuse not qualified,0151eab889a8ef9255543ba21cd72562b0bc3b6864cb2887a8f292bc505041bc,"Lt prefill, 32 slots, 2112 rung",s1,15000,128,1,sampled T=1 top_p=.95,2,complete,Long-context serving quality gate pending,78.15793584766422,78.15793584766422,9237.291042995814,0.6106088738098767,641.6841861163266,7.9122075988126435,0.32384210663362234,56.806640625,84.54513335023067,84.54513335023067,9992.177947830387,0.6605088542986771,556.9061133346986,7.6834863684448145,0.03861396651777918,,0.9244522156454908
.,"Gemma-4-12B-IT FP8, same local checkpoint; immutable upstream revision not recorded in this report","Same FP8 checkpoint weights, BF16 KV cache; Infervisor rekey preserves 328 FP8 weight tensors; execution arithmetic differs by kernel","Same 1 x NVIDIA H100 SXM 80GB, tensor parallelism 1",Infervisor (Plow runtime; variant-specific frozen binaries) vs vLLM 0.28.0,,Different: Infervisor 64 slots for TC64 candidates and 32 slots for other rows; vLLM max-num-seqs 256,Cache-off comparison. Reference counters audited zero hits; older Infervisor runs lack counter capture. Production 20%/80% reuse not qualified,0151eab889a8ef9255543ba21cd72562b0bc3b6864cb2887a8f292bc505041bc,"Lt prefill, 32 slots, 2112 rung",s4,15000,128,4,sampled T=1 top_p=.95,2,complete,Long-context serving quality gate pending,136.81362560289628,136.81362560289628,16169.660375942303,1.0688564500226272,2630.045542906737,23.52434659015578,0.38180648805213335,57.212890625,168.64636592381788,168.64636592381788,19931.892372621223,1.3175497337798272,2024.195188942831,19.469590739037212,0.33908628031802585,,0.8112456195154463
.,"Gemma-4-12B-IT FP8, same local checkpoint; immutable upstream revision not recorded in this report","Same FP8 checkpoint weights, BF16 KV cache; Infervisor rekey preserves 328 FP8 weight tensors; execution arithmetic differs by kernel","Same 1 x NVIDIA H100 SXM 80GB, tensor parallelism 1",Infervisor (Plow runtime; variant-specific frozen binaries) vs vLLM 0.28.0,,Different: Infervisor 64 slots for TC64 candidates and 32 slots for other rows; vLLM max-num-seqs 256,Cache-off comparison. Reference counters audited zero hits; older Infervisor runs lack counter capture. Production 20%/80% reuse not qualified,0151eab889a8ef9255543ba21cd72562b0bc3b6864cb2887a8f292bc505041bc,"Lt prefill, 32 slots, 2112 rung",s16,15000,128,16,sampled T=1 top_p=.95,2,complete,Long-context serving quality gate pending,175.4425264919265,175.4425264919265,20735.11359976456,1.3706447382181757,10087.16804573778,85.18071509636462,0.4060866817225766,59.837890625,224.63274769452963,224.63274769452963,26548.78286814722,1.7549433413635127,7953.819257608848,66.86477191438239,0.3002384450020942,,0.7810193673564674
.,"Gemma-4-12B-IT FP8, same local checkpoint; immutable upstream revision not recorded in this report","Same FP8 checkpoint weights, BF16 KV cache; Infervisor rekey preserves 328 FP8 weight tensors; execution arithmetic differs by kernel","Same 1 x NVIDIA H100 SXM 80GB, tensor parallelism 1",Infervisor (Plow runtime; variant-specific frozen binaries) vs vLLM 0.28.0,,Different: Infervisor 64 slots for TC64 candidates and 32 slots for other rows; vLLM max-num-seqs 256,Cache-off comparison. Reference counters audited zero hits; older Infervisor runs lack counter capture. Production 20%/80% reuse not qualified,0151eab889a8ef9255543ba21cd72562b0bc3b6864cb2887a8f292bc505041bc,"Lt prefill, 32 slots, 2112 rung",s32,15000,128,32,sampled T=1 top_p=.95,2,complete,Long-context serving quality gate pending,183.02742041712705,183.02742041712705,21631.553250549205,1.429901722008805,19912.52195529873,163.9254115272669,0.5034409019127597,63.369140625,235.87069947341251,235.87069947341251,27876.968294013943,1.8427398396360353,15738.180059054866,130.99488048727156,0.012971427714399627,,0.7759650555399231
.,"Gemma-4-12B-IT FP8, same local checkpoint; immutable upstream revision not recorded in this report","Same FP8 checkpoint weights, BF16 KV cache; Infervisor rekey preserves 328 FP8 weight tensors; execution arithmetic differs by kernel","Same 1 x NVIDIA H100 SXM 80GB, tensor parallelism 1",Infervisor (Plow runtime; variant-specific frozen binaries) vs vLLM 0.28.0,,Different: Infervisor 64 slots for TC64 candidates and 32 slots for other rows; vLLM max-num-seqs 256,Cache-off comparison. Reference counters audited zero hits; older Infervisor runs lack counter capture. Production 20%/80% reuse not qualified,0151eab889a8ef9255543ba21cd72562b0bc3b6864cb2887a8f292bc505041bc,"Lt prefill, 32 slots, 2112 rung",s64,15000,128,64,sampled T=1 top_p=.95,2,complete,Long-context serving quality gate pending,184.12185051796658,184.12185051796658,21760.901208092175,1.438451957171614,41981.16438005469,162.85198726738057,0.3222483591727098,63.369140625,242.30522521138005,242.30522521138005,28637.448804669977,1.8930095719639066,31643.760370482927,255.83192456318403,0.07374244120415543,,0.7598756913200861
.,"Gemma-4-12B-IT FP8, same local checkpoint; immutable upstream revision not recorded in this report","Same FP8 checkpoint weights, BF16 KV cache; Infervisor rekey preserves 328 FP8 weight tensors; execution arithmetic differs by kernel","Same 1 x NVIDIA H100 SXM 80GB, tensor parallelism 1",Infervisor (Plow runtime; variant-specific frozen binaries) vs vLLM 0.28.0,,Different: Infervisor 64 slots for TC64 candidates and 32 slots for other rows; vLLM max-num-seqs 256,Cache-off comparison. Reference counters audited zero hits; older Infervisor runs lack counter capture. Production 20%/80% reuse not qualified,0151eab889a8ef9255543ba21cd72562b0bc3b6864cb2887a8f292bc505041bc,"Lt prefill, 32 slots, 2112 rung",s128,15000,128,128,sampled T=1 top_p=.95,2,complete,Long-context serving quality gate pending,184.71289398044064,184.71289398044064,21830.75515731333,1.4430694842221925,84629.36791810209,163.12447527540832,1.6559035138556875,63.37109375,243.7643483751064,243.7643483751064,28809.89892358289,1.9044089716805188,63969.79517639617,283.63297988723883,0.06666026226270409,,0.7577518829628156
.,"Gemma-4-12B-IT FP8, same local checkpoint; immutable upstream revision not recorded in this report","Same FP8 checkpoint weights, BF16 KV cache; Infervisor rekey preserves 328 FP8 weight tensors; execution arithmetic differs by kernel","Same 1 x NVIDIA H100 SXM 80GB, tensor parallelism 1",Infervisor (Plow runtime; variant-specific frozen binaries) vs vLLM 0.28.0,,Different: Infervisor 64 slots for TC64 candidates and 32 slots for other rows; vLLM max-num-seqs 256,Cache-off comparison. Reference counters audited zero hits; older Infervisor runs lack counter capture. Production 20%/80% reuse not qualified,0151eab889a8ef9255543ba21cd72562b0bc3b6864cb2887a8f292bc505041bc,"TC64 isolated 64-row depth 2, canonical recipe",g1,128,128,1,greedy,2,complete,Short chat retrieval: 72/72 each; broader equivalence unqualified,132.29601798177868,132.29601798177868,264.59203596355735,1.033562640482646,20.241587865166366,7.487554708376571,0.2789304046384,56.916015625,134.54184263340076,134.54184263340076,269.0836852668015,1.0511081455734435,41.936957964208,7.336150901511267,0.1909811270048122,,0.9833076119096904
.,"Gemma-4-12B-IT FP8, same local checkpoint; immutable upstream revision not recorded in this report","Same FP8 checkpoint weights, BF16 KV cache; Infervisor rekey preserves 328 FP8 weight tensors; execution arithmetic differs by kernel","Same 1 x NVIDIA H100 SXM 80GB, tensor parallelism 1",Infervisor (Plow runtime; variant-specific frozen binaries) vs vLLM 0.28.0,,Different: Infervisor 64 slots for TC64 candidates and 32 slots for other rows; vLLM max-num-seqs 256,Cache-off comparison. Reference counters audited zero hits; older Infervisor runs lack counter capture. Production 20%/80% reuse not qualified,0151eab889a8ef9255543ba21cd72562b0bc3b6864cb2887a8f292bc505041bc,"TC64 isolated 64-row depth 2, canonical recipe",g4,128,128,4,greedy,2,complete,Short chat retrieval: 72/72 each; broader equivalence unqualified,518.1189086720232,518.1189086720232,1036.2378173440463,4.047803974000181,48.23697877116501,7.672424019739677,0.0831754929230789,56.884765625,524.7975738646926,524.7975738646926,1049.5951477293852,4.099981045817911,44.516658020438626,7.385232296412972,0.015530252220914954,,0.9872738260897689
.,"Gemma-4-12B-IT FP8, same local checkpoint; immutable upstream revision not recorded in this report","Same FP8 checkpoint weights, BF16 KV cache; Infervisor rekey preserves 328 FP8 weight tensors; execution arithmetic differs by kernel","Same 1 x NVIDIA H100 SXM 80GB, tensor parallelism 1",Infervisor (Plow runtime; variant-specific frozen binaries) vs vLLM 0.28.0,,Different: Infervisor 64 slots for TC64 candidates and 32 slots for other rows; vLLM max-num-seqs 256,Cache-off comparison. Reference counters audited zero hits; older Infervisor runs lack counter capture. Production 20%/80% reuse not qualified,0151eab889a8ef9255543ba21cd72562b0bc3b6864cb2887a8f292bc505041bc,"TC64 isolated 64-row depth 2, canonical recipe",g16,128,128,16,greedy,2,complete,Short chat retrieval: 72/72 each; broader equivalence unqualified,1712.6131394554732,1712.6131394554732,3425.2262789109463,13.379790151995884,110.4670020926278,9.1944056969158,0.00921708480585029,56.916015625,1948.5886344102103,1948.5886344102103,3897.1772688204205,15.223348706329768,102.85722229164094,7.979971633290901,0.3303109206201565,,0.8788992757180065
.,"Gemma-4-12B-IT FP8, same local checkpoint; immutable upstream revision not recorded in this report","Same FP8 checkpoint weights, BF16 KV cache; Infervisor rekey preserves 328 FP8 weight tensors; execution arithmetic differs by kernel","Same 1 x NVIDIA H100 SXM 80GB, tensor parallelism 1",Infervisor (Plow runtime; variant-specific frozen binaries) vs vLLM 0.28.0,,Different: Infervisor 64 slots for TC64 candidates and 32 slots for other rows; vLLM max-num-seqs 256,Cache-off comparison. Reference counters audited zero hits; older Infervisor runs lack counter capture. Production 20%/80% reuse not qualified,0151eab889a8ef9255543ba21cd72562b0bc3b6864cb2887a8f292bc505041bc,"TC64 isolated 64-row depth 2, canonical recipe",g32,128,128,32,greedy,2,complete,Short chat retrieval: 72/72 each; broader equivalence unqualified,2586.1149842853824,2586.1149842853824,5172.229968570765,20.20402331472955,228.54992008535194,10.963238328016976,0.6859022398408172,57.416015625,3273.0664619567906,3273.0664619567906,6546.132923913581,25.570831734037426,182.54698500968516,9.427480758002805,0.8330251429382944,,0.7901199118148317
.,"Gemma-4-12B-IT FP8, same local checkpoint; immutable upstream revision not recorded in this report","Same FP8 checkpoint weights, BF16 KV cache; Infervisor rekey preserves 328 FP8 weight tensors; execution arithmetic differs by kernel","Same 1 x NVIDIA H100 SXM 80GB, tensor parallelism 1",Infervisor (Plow runtime; variant-specific frozen binaries) vs vLLM 0.28.0,,Different: Infervisor 64 slots for TC64 candidates and 32 slots for other rows; vLLM max-num-seqs 256,Cache-off comparison. Reference counters audited zero hits; older Infervisor runs lack counter capture. Production 20%/80% reuse not qualified,0151eab889a8ef9255543ba21cd72562b0bc3b6864cb2887a8f292bc505041bc,"TC64 isolated 64-row depth 2, canonical recipe",g64,128,128,64,greedy,2,complete,Short chat retrieval: 72/72 each; broader equivalence unqualified,3168.4942311038535,3168.4942311038535,6336.988462207707,24.753861180498856,400.49692228785716,18.840644356160333,0.1802482558477166,58.916015625,5459.555424857858,5459.555424857858,10919.110849715717,42.65277675670202,315.2726600843016,11.08124535894718,0.4933167963038612,,0.5803575537812855
.,"Gemma-4-12B-IT FP8, same local checkpoint; immutable upstream revision not recorded in this report","Same FP8 checkpoint weights, BF16 KV cache; Infervisor rekey preserves 328 FP8 weight tensors; execution arithmetic differs by kernel","Same 1 x NVIDIA H100 SXM 80GB, tensor parallelism 1",Infervisor (Plow runtime; variant-specific frozen binaries) vs vLLM 0.28.0,,Different: Infervisor 64 slots for TC64 candidates and 32 slots for other rows; vLLM max-num-seqs 256,Cache-off comparison. Reference counters audited zero hits; older Infervisor runs lack counter capture. Production 20%/80% reuse not qualified,0151eab889a8ef9255543ba21cd72562b0bc3b6864cb2887a8f292bc505041bc,"TC64 isolated 64-row depth 2, canonical recipe",g128,128,128,128,greedy,2,complete,Short chat retrieval: 72/72 each; broader equivalence unqualified,3206.518007941597,3206.518007941597,6413.036015883194,25.050921937043725,3013.678145109443,19.84201039915435,1.5457584744350814,58.916015625,7793.059880782105,7793.059880782105,15586.11976156421,60.8832803186102,597.3337350122165,15.299660934687145,0.777415290924739,,0.411458150841232
.,"Gemma-4-12B-IT FP8, same local checkpoint; immutable upstream revision not recorded in this report","Same FP8 checkpoint weights, BF16 KV cache; Infervisor rekey preserves 328 FP8 weight tensors; execution arithmetic differs by kernel","Same 1 x NVIDIA H100 SXM 80GB, tensor parallelism 1",Infervisor (Plow runtime; variant-specific frozen binaries) vs vLLM 0.28.0,,Different: Infervisor 64 slots for TC64 candidates and 32 slots for other rows; vLLM max-num-seqs 256,Cache-off comparison. Reference counters audited zero hits; older Infervisor runs lack counter capture. Production 20%/80% reuse not qualified,0151eab889a8ef9255543ba21cd72562b0bc3b6864cb2887a8f292bc505041bc,"TC64 isolated 64-row depth 2, canonical recipe",s1,128,128,1,sampled T=1 top_p=.95,2,complete,Short chat retrieval: 72/72 each; broader equivalence unqualified,129.6071924757837,129.6071924757837,259.2143849515674,1.0125561912170602,19.78226288803853,7.6493574809063025,0.2864743336297018,56.884765625,131.1595603427686,131.1595603427686,262.3191206855372,1.0246840651778797,24.483513487502933,7.54604322635972,0.10296466076924626,,0.9881642797297583
.,"Gemma-4-12B-IT FP8, same local checkpoint; immutable upstream revision not recorded in this report","Same FP8 checkpoint weights, BF16 KV cache; Infervisor rekey preserves 328 FP8 weight tensors; execution arithmetic differs by kernel","Same 1 x NVIDIA H100 SXM 80GB, tensor parallelism 1",Infervisor (Plow runtime; variant-specific frozen binaries) vs vLLM 0.28.0,,Different: Infervisor 64 slots for TC64 candidates and 32 slots for other rows; vLLM max-num-seqs 256,Cache-off comparison. Reference counters audited zero hits; older Infervisor runs lack counter capture. Production 20%/80% reuse not qualified,0151eab889a8ef9255543ba21cd72562b0bc3b6864cb2887a8f292bc505041bc,"TC64 isolated 64-row depth 2, canonical recipe",s4,128,128,4,sampled T=1 top_p=.95,2,complete,Short chat retrieval: 72/72 each; broader equivalence unqualified,502.5481640883681,502.5481640883681,1005.0963281767362,3.9261575319403756,48.57743384083733,7.867518620653533,1.1336247217182132,56.791015625,508.9270093181025,508.9270093181025,1017.854018636205,3.9759922602976756,44.12947272998281,7.608199365910025,0.11269446493534291,,0.9874660901996904
.,"Gemma-4-12B-IT FP8, same local checkpoint; immutable upstream revision not recorded in this report","Same FP8 checkpoint weights, BF16 KV cache; Infervisor rekey preserves 328 FP8 weight tensors; execution arithmetic differs by kernel","Same 1 x NVIDIA H100 SXM 80GB, tensor parallelism 1",Infervisor (Plow runtime; variant-specific frozen binaries) vs vLLM 0.28.0,,Different: Infervisor 64 slots for TC64 candidates and 32 slots for other rows; vLLM max-num-seqs 256,Cache-off comparison. Reference counters audited zero hits; older Infervisor runs lack counter capture. Production 20%/80% reuse not qualified,0151eab889a8ef9255543ba21cd72562b0bc3b6864cb2887a8f292bc505041bc,"TC64 isolated 64-row depth 2, canonical recipe",s16,128,128,16,sampled T=1 top_p=.95,2,complete,Short chat retrieval: 72/72 each; broader equivalence unqualified,1679.762266044807,1679.762266044807,3359.524532089614,13.123142703475054,113.44302136567421,9.282473976747683,1.2921334195843914,56.916015625,1887.4702390236664,1887.4702390236664,3774.940478047333,14.745861242372394,100.94763894448988,8.194516354706138,0.341542471458881,,0.8899543056709065
.,"Gemma-4-12B-IT FP8, same local checkpoint; immutable upstream revision not recorded in this report","Same FP8 checkpoint weights, BF16 KV cache; Infervisor rekey preserves 328 FP8 weight tensors; execution arithmetic differs by kernel","Same 1 x NVIDIA H100 SXM 80GB, tensor parallelism 1",Infervisor (Plow runtime; variant-specific frozen binaries) vs vLLM 0.28.0,,Different: Infervisor 64 slots for TC64 candidates and 32 slots for other rows; vLLM max-num-seqs 256,Cache-off comparison. Reference counters audited zero hits; older Infervisor runs lack counter capture. Production 20%/80% reuse not qualified,0151eab889a8ef9255543ba21cd72562b0bc3b6864cb2887a8f292bc505041bc,"TC64 isolated 64-row depth 2, canonical recipe",s32,128,128,32,sampled T=1 top_p=.95,2,complete,Short chat retrieval: 72/72 each; broader equivalence unqualified,2551.949411953641,2551.949411953641,5103.898823907282,19.93710478088782,227.9506844840944,11.087765098094767,0.08269641069731605,57.416015625,3168.1075045054145,3168.1075045054145,6336.215009010829,24.75083987894855,178.79165042191744,9.739091670136956,0.4515990050191117,,0.8055122524486542
.,"Gemma-4-12B-IT FP8, same local checkpoint; immutable upstream revision not recorded in this report","Same FP8 checkpoint weights, BF16 KV cache; Infervisor rekey preserves 328 FP8 weight tensors; execution arithmetic differs by kernel","Same 1 x NVIDIA H100 SXM 80GB, tensor parallelism 1",Infervisor (Plow runtime; variant-specific frozen binaries) vs vLLM 0.28.0,,Different: Infervisor 64 slots for TC64 candidates and 32 slots for other rows; vLLM max-num-seqs 256,Cache-off comparison. Reference counters audited zero hits; older Infervisor runs lack counter capture. Production 20%/80% reuse not qualified,0151eab889a8ef9255543ba21cd72562b0bc3b6864cb2887a8f292bc505041bc,"TC64 isolated 64-row depth 2, canonical recipe",s64,128,128,64,sampled T=1 top_p=.95,2,complete,Short chat retrieval: 72/72 each; broader equivalence unqualified,3129.747316314034,3129.747316314034,6259.494632628068,24.45115090870339,408.0965745425783,19.260785708948248,0.3481631978805144,58.916015625,5276.546447136158,5276.546447136158,10553.092894272317,41.22301911825124,310.7741760497447,11.52350094977869,0.4316696987121105,,0.59314313778337
.,"Gemma-4-12B-IT FP8, same local checkpoint; immutable upstream revision not recorded in this report","Same FP8 checkpoint weights, BF16 KV cache; Infervisor rekey preserves 328 FP8 weight tensors; execution arithmetic differs by kernel","Same 1 x NVIDIA H100 SXM 80GB, tensor parallelism 1",Infervisor (Plow runtime; variant-specific frozen binaries) vs vLLM 0.28.0,,Different: Infervisor 64 slots for TC64 candidates and 32 slots for other rows; vLLM max-num-seqs 256,Cache-off comparison. Reference counters audited zero hits; older Infervisor runs lack counter capture. Production 20%/80% reuse not qualified,0151eab889a8ef9255543ba21cd72562b0bc3b6864cb2887a8f292bc505041bc,"TC64 isolated 64-row depth 2, canonical recipe",s128,128,128,128,sampled T=1 top_p=.95,2,complete,Short chat retrieval: 72/72 each; broader equivalence unqualified,3188.3848853343156,3188.3848853343156,6376.769770668631,24.90925691667434,3000.74026237824,19.744669083592033,0.4006663830027351,58.916015625,7465.8255991238675,7465.8255991238675,14931.651198247735,58.326762493155215,584.1078144323546,15.928967212607322,1.5089574243904376,,0.4270639386096134
.,"Gemma-4-12B-IT FP8, same local checkpoint; immutable upstream revision not recorded in this report","Same FP8 checkpoint weights, BF16 KV cache; Infervisor rekey preserves 328 FP8 weight tensors; execution arithmetic differs by kernel","Same 1 x NVIDIA H100 SXM 80GB, tensor parallelism 1",Infervisor (Plow runtime; variant-specific frozen binaries) vs vLLM 0.28.0,,Different: Infervisor 64 slots for TC64 candidates and 32 slots for other rows; vLLM max-num-seqs 256,Cache-off comparison. Reference counters audited zero hits; older Infervisor runs lack counter capture. Production 20%/80% reuse not qualified,0151eab889a8ef9255543ba21cd72562b0bc3b6864cb2887a8f292bc505041bc,"TC64 isolated 64-row depth 2, canonical recipe",g1,4096,128,1,greedy,2,complete,4K-context output equivalence not qualified,112.9493379384791,112.9493379384791,3727.3281519698107,0.882416702644368,188.4062697994523,7.612740205945521,0.155758030385814,57.357421875,118.90682009718071,118.90682009718071,3923.9250632069634,0.9289595320092243,144.35861373203807,7.441254711478919,0.15470799777184888,,0.9498978935452764
.,"Gemma-4-12B-IT FP8, same local checkpoint; immutable upstream revision not recorded in this report","Same FP8 checkpoint weights, BF16 KV cache; Infervisor rekey preserves 328 FP8 weight tensors; execution arithmetic differs by kernel","Same 1 x NVIDIA H100 SXM 80GB, tensor parallelism 1",Infervisor (Plow runtime; variant-specific frozen binaries) vs vLLM 0.28.0,,Different: Infervisor 64 slots for TC64 candidates and 32 slots for other rows; vLLM max-num-seqs 256,Cache-off comparison. Reference counters audited zero hits; older Infervisor runs lack counter capture. Production 20%/80% reuse not qualified,0151eab889a8ef9255543ba21cd72562b0bc3b6864cb2887a8f292bc505041bc,"TC64 isolated 64-row depth 2, canonical recipe",g4,4096,128,4,greedy,2,complete,4K-context output equivalence not qualified,282.9602035531358,282.9602035531358,9337.68671725348,2.2106265902588733,768.0768185004126,12.362553321556591,0.2927059877870647,57.326171875,348.8515840596269,348.8515840596269,11512.102273967686,2.725403000465835,488.2720285002142,10.45420837389694,0.03572344689502709,,0.8111191592146283
.,"Gemma-4-12B-IT FP8, same local checkpoint; immutable upstream revision not recorded in this report","Same FP8 checkpoint weights, BF16 KV cache; Infervisor rekey preserves 328 FP8 weight tensors; execution arithmetic differs by kernel","Same 1 x NVIDIA H100 SXM 80GB, tensor parallelism 1",Infervisor (Plow runtime; variant-specific frozen binaries) vs vLLM 0.28.0,,Different: Infervisor 64 slots for TC64 candidates and 32 slots for other rows; vLLM max-num-seqs 256,Cache-off comparison. Reference counters audited zero hits; older Infervisor runs lack counter capture. Production 20%/80% reuse not qualified,0151eab889a8ef9255543ba21cd72562b0bc3b6864cb2887a8f292bc505041bc,"TC64 isolated 64-row depth 2, canonical recipe",g16,4096,128,16,greedy,2,complete,4K-context output equivalence not qualified,503.4522627762735,503.4522627762735,16613.924671617027,3.933220802939637,2789.777251612395,29.514214184316693,1.2322331152512738,58.357421875,674.0235079772228,674.0235079772228,22242.775763248355,5.265808656072053,1886.1865204933565,22.61641182350985,0.02989581671141212,,0.7469357623551709
.,"Gemma-4-12B-IT FP8, same local checkpoint; immutable upstream revision not recorded in this report","Same FP8 checkpoint weights, BF16 KV cache; Infervisor rekey preserves 328 FP8 weight tensors; execution arithmetic differs by kernel","Same 1 x NVIDIA H100 SXM 80GB, tensor parallelism 1",Infervisor (Plow runtime; variant-specific frozen binaries) vs vLLM 0.28.0,,Different: Infervisor 64 slots for TC64 candidates and 32 slots for other rows; vLLM max-num-seqs 256,Cache-off comparison. Reference counters audited zero hits; older Infervisor runs lack counter capture. Production 20%/80% reuse not qualified,0151eab889a8ef9255543ba21cd72562b0bc3b6864cb2887a8f292bc505041bc,"TC64 isolated 64-row depth 2, canonical recipe",g32,4096,128,32,greedy,2,complete,4K-context output equivalence not qualified,580.7097918585115,580.7097918585115,19163.423131330877,4.536795248894621,5117.964818467154,51.86110143520408,1.140642853390727,59.857421875,782.8905693553846,782.8905693553846,25835.38878872769,6.116332573088942,3771.329712847946,39.680662968417806,0.050711959836870116,,0.7417509095002326
.,"Gemma-4-12B-IT FP8, same local checkpoint; immutable upstream revision not recorded in this report","Same FP8 checkpoint weights, BF16 KV cache; Infervisor rekey preserves 328 FP8 weight tensors; execution arithmetic differs by kernel","Same 1 x NVIDIA H100 SXM 80GB, tensor parallelism 1",Infervisor (Plow runtime; variant-specific frozen binaries) vs vLLM 0.28.0,,Different: Infervisor 64 slots for TC64 candidates and 32 slots for other rows; vLLM max-num-seqs 256,Cache-off comparison. Reference counters audited zero hits; older Infervisor runs lack counter capture. Production 20%/80% reuse not qualified,0151eab889a8ef9255543ba21cd72562b0bc3b6864cb2887a8f292bc505041bc,"TC64 isolated 64-row depth 2, canonical recipe",g64,4096,128,64,greedy,2,complete,4K-context output equivalence not qualified,613.8885316182997,613.8885316182997,20258.32154340389,4.796004153267966,10476.743622914657,97.8116674728758,0.37735744515652864,62.919921875,861.0209262328059,861.0209262328059,28413.690565682595,6.726725986193796,7533.284180425109,72.30756500910044,0.0538563403606788,,0.7129774816324433
.,"Gemma-4-12B-IT FP8, same local checkpoint; immutable upstream revision not recorded in this report","Same FP8 checkpoint weights, BF16 KV cache; Infervisor rekey preserves 328 FP8 weight tensors; execution arithmetic differs by kernel","Same 1 x NVIDIA H100 SXM 80GB, tensor parallelism 1",Infervisor (Plow runtime; variant-specific frozen binaries) vs vLLM 0.28.0,,Different: Infervisor 64 slots for TC64 candidates and 32 slots for other rows; vLLM max-num-seqs 256,Cache-off comparison. Reference counters audited zero hits; older Infervisor runs lack counter capture. Production 20%/80% reuse not qualified,0151eab889a8ef9255543ba21cd72562b0bc3b6864cb2887a8f292bc505041bc,"TC64 isolated 64-row depth 2, canonical recipe",g128,4096,128,128,greedy,2,complete,4K-context output equivalence not qualified,625.4782497187833,625.4782497187833,20640.78224071985,4.886548825927995,22998.384910152534,99.05052751297221,0.41375010166586734,62.919921875,894.6525209783592,894.6525209783592,29523.533192285853,6.9894728201434315,15279.079391080895,139.80137342888693,0.0072062046119215455,,0.6991298130304079
.,"Gemma-4-12B-IT FP8, same local checkpoint; immutable upstream revision not recorded in this report","Same FP8 checkpoint weights, BF16 KV cache; Infervisor rekey preserves 328 FP8 weight tensors; execution arithmetic differs by kernel","Same 1 x NVIDIA H100 SXM 80GB, tensor parallelism 1",Infervisor (Plow runtime; variant-specific frozen binaries) vs vLLM 0.28.0,,Different: Infervisor 64 slots for TC64 candidates and 32 slots for other rows; vLLM max-num-seqs 256,Cache-off comparison. Reference counters audited zero hits; older Infervisor runs lack counter capture. Production 20%/80% reuse not qualified,0151eab889a8ef9255543ba21cd72562b0bc3b6864cb2887a8f292bc505041bc,"TC64 isolated 64-row depth 2, canonical recipe",s1,4096,128,1,sampled T=1 top_p=.95,2,complete,4K-context output equivalence not qualified,110.72156267578373,110.72156267578373,3653.811568300863,0.8650122084045604,170.14019370661117,7.806600620209306,0.18067032668387054,57.326171875,116.16667653569968,116.16667653569968,3833.500325678089,0.9075521604351537,139.3450431036763,7.639797266781711,0.10654847231380891,,0.9531267139398398
.,"Gemma-4-12B-IT FP8, same local checkpoint; immutable upstream revision not recorded in this report","Same FP8 checkpoint weights, BF16 KV cache; Infervisor rekey preserves 328 FP8 weight tensors; execution arithmetic differs by kernel","Same 1 x NVIDIA H100 SXM 80GB, tensor parallelism 1",Infervisor (Plow runtime; variant-specific frozen binaries) vs vLLM 0.28.0,,Different: Infervisor 64 slots for TC64 candidates and 32 slots for other rows; vLLM max-num-seqs 256,Cache-off comparison. Reference counters audited zero hits; older Infervisor runs lack counter capture. Production 20%/80% reuse not qualified,0151eab889a8ef9255543ba21cd72562b0bc3b6864cb2887a8f292bc505041bc,"TC64 isolated 64-row depth 2, canonical recipe",s4,4096,128,4,sampled T=1 top_p=.95,2,complete,4K-context output equivalence not qualified,278.92016726221306,278.92016726221306,9204.36551965303,2.1790638067360395,758.9496426226106,12.652551302462669,0.7323435753990762,57.294921875,341.76991876843124,341.76991876843124,11278.40731935823,2.670077490378369,493.97383562871255,10.684250932100678,0.24199906808628877,,0.8161050810653628
.,"Gemma-4-12B-IT FP8, same local checkpoint; immutable upstream revision not recorded in this report","Same FP8 checkpoint weights, BF16 KV cache; Infervisor rekey preserves 328 FP8 weight tensors; execution arithmetic differs by kernel","Same 1 x NVIDIA H100 SXM 80GB, tensor parallelism 1",Infervisor (Plow runtime; variant-specific frozen binaries) vs vLLM 0.28.0,,Different: Infervisor 64 slots for TC64 candidates and 32 slots for other rows; vLLM max-num-seqs 256,Cache-off comparison. Reference counters audited zero hits; older Infervisor runs lack counter capture. Production 20%/80% reuse not qualified,0151eab889a8ef9255543ba21cd72562b0bc3b6864cb2887a8f292bc505041bc,"TC64 isolated 64-row depth 2, canonical recipe",s16,4096,128,16,sampled T=1 top_p=.95,2,complete,4K-context output equivalence not qualified,494.3653429856491,494.3653429856491,16314.05631852642,3.8622292420753834,2814.4796822743956,29.993171389874686,0.29992284407004305,58.357421875,668.1420819548713,668.1420819548713,22048.68870451075,5.219860015272432,1881.2798716244288,22.825117314217877,0.12183811305448364,,0.7399105015795732
.,"Gemma-4-12B-IT FP8, same local checkpoint; immutable upstream revision not recorded in this report","Same FP8 checkpoint weights, BF16 KV cache; Infervisor rekey preserves 328 FP8 weight tensors; execution arithmetic differs by kernel","Same 1 x NVIDIA H100 SXM 80GB, tensor parallelism 1",Infervisor (Plow runtime; variant-specific frozen binaries) vs vLLM 0.28.0,,Different: Infervisor 64 slots for TC64 candidates and 32 slots for other rows; vLLM max-num-seqs 256,Cache-off comparison. Reference counters audited zero hits; older Infervisor runs lack counter capture. Production 20%/80% reuse not qualified,0151eab889a8ef9255543ba21cd72562b0bc3b6864cb2887a8f292bc505041bc,"TC64 isolated 64-row depth 2, canonical recipe",s32,4096,128,32,sampled T=1 top_p=.95,2,complete,4K-context output equivalence not qualified,574.1415319017649,574.1415319017649,18946.67055275824,4.485480717982538,5276.026224972448,52.849781075199175,0.8731619316182833,59.857421875,776.7921010524437,776.7921010524437,25634.139334730644,6.068688289472217,3773.5550722375046,39.98100851366377,0.2268346970393448,,0.7391186536576313
.,"Gemma-4-12B-IT FP8, same local checkpoint; immutable upstream revision not recorded in this report","Same FP8 checkpoint weights, BF16 KV cache; Infervisor rekey preserves 328 FP8 weight tensors; execution arithmetic differs by kernel","Same 1 x NVIDIA H100 SXM 80GB, tensor parallelism 1",Infervisor (Plow runtime; variant-specific frozen binaries) vs vLLM 0.28.0,,Different: Infervisor 64 slots for TC64 candidates and 32 slots for other rows; vLLM max-num-seqs 256,Cache-off comparison. Reference counters audited zero hits; older Infervisor runs lack counter capture. Production 20%/80% reuse not qualified,0151eab889a8ef9255543ba21cd72562b0bc3b6864cb2887a8f292bc505041bc,"TC64 isolated 64-row depth 2, canonical recipe",s64,4096,128,64,sampled T=1 top_p=.95,2,complete,4K-context output equivalence not qualified,606.45862694372,606.45862694372,20013.13468914276,4.737958022997812,10562.923768649345,100.06402096592852,0.5995572728242984,62.919921875,855.3780657251401,855.3780657251401,28227.476168929625,6.682641138477657,7554.637342967328,72.75130216630843,0.11718924859454456,,0.7089948307589573
.,"Gemma-4-12B-IT FP8, same local checkpoint; immutable upstream revision not recorded in this report","Same FP8 checkpoint weights, BF16 KV cache; Infervisor rekey preserves 328 FP8 weight tensors; execution arithmetic differs by kernel","Same 1 x NVIDIA H100 SXM 80GB, tensor parallelism 1",Infervisor (Plow runtime; variant-specific frozen binaries) vs vLLM 0.28.0,,Different: Infervisor 64 slots for TC64 candidates and 32 slots for other rows; vLLM max-num-seqs 256,Cache-off comparison. Reference counters audited zero hits; older Infervisor runs lack counter capture. Production 20%/80% reuse not qualified,0151eab889a8ef9255543ba21cd72562b0bc3b6864cb2887a8f292bc505041bc,"TC64 isolated 64-row depth 2, canonical recipe",s128,4096,128,128,sampled T=1 top_p=.95,2,complete,4K-context output equivalence not qualified,619.3156508405261,619.3156508405261,20437.416477737363,4.83840352219161,23183.60770537518,100.24104420843675,0.12444935832683782,62.919921875,890.9269980342817,890.9269980342817,29400.5909351313,6.960367172142826,15284.359725313272,140.3237153915505,0.13393684484733176,,0.6951362482077299
fatlite-long-serving,"Gemma-4-12B-IT-FP8, same local checkpoint weights; re-keyed for Infervisor","Same FP8 channel-scaled checkpoint weights and BF16 KV; Infervisor native decode uses BF16 activations, reference FP8 activations. Arithmetic is not identical.","1 NVIDIA H100 SXM 80GB,132SM",Infervisor frozen16K64 runtime vs vLLM0.28.0; same vLLM client,scripts/campaign/recipes/sm90a-h100-tp1-fp8-16k-c64-rq1k.toml,16384 on both sides; Infervisor64 decode slots; reference max-num-seqs256,,824543329970bcc1910e976219418115c6912e47cbac04d34d9199eaaaaff4b6,16K/64-slot packed FP8 prefill FATLITE=1,g128,15000,128,128,greedy,2,complete,Equivalence to vLLM not established; FATLITE preserves tested Plow logits.,193.54923193153812,193.54923193153812,22875.09984890866,1.5121033744651415,249027.70617002042,179.60868008913266,0.040370893143048064,66.59765625,244.18903837765143,244.18903837765143,28860.091973258677,1.9077268623254018,63822.89318068071,283.3052319299162,0.0850585632475456,72.869140625,0.7926204764040385
light-attention-serving,"Gemma-4-12B-IT-FP8, same local checkpoint weights; re-keyed for Infervisor",FP8 channel-scaled weights; BF16 KV; activation arithmetic differs by Plow rung as disclosed,"1 NVIDIA H100 SXM 80GB,132SM",Infervisor frozen mixed-recipe runtime vs vLLM0.28.0; same vLLM client,Mixed TC64/Lt recipe plus capability-bearing base cubin overlay; exact command and hashes in provenance,1024 both stacks,,bfce95e6a588cfaf9ccea467d6b6c3cd686b855d2d811737a394a7b03f0d1065,control,g128,128,128,128,greedy,2,complete,Attention kernel preserved Plow control logits in targeted tests; vLLM equivalence unresolved,5524.150999781491,5524.150999781491,11048.301999562982,43.1574296857929,778.2639477762859,22.29482666679152,1.0677768039953057,55.765625,7799.132769964599,7799.132769964599,15598.265539929198,60.93072476534843,586.7626903485507,15.264970642023199,0.46669439506545213,72.783203125,0.708303238669774
light-attention-serving,"Gemma-4-12B-IT-FP8, same local checkpoint weights; re-keyed for Infervisor",FP8 channel-scaled weights; BF16 KV; activation arithmetic differs by Plow rung as disclosed,"1 NVIDIA H100 SXM 80GB,132SM",Infervisor frozen mixed-recipe runtime vs vLLM0.28.0; same vLLM client,Mixed TC64/Lt recipe plus capability-bearing base cubin overlay; exact command and hashes in provenance,1024 both stacks,,bfce95e6a588cfaf9ccea467d6b6c3cd686b855d2d811737a394a7b03f0d1065,control,s128,128,128,128,sampled T=1 top_p=.95,2,complete,Attention kernel preserved Plow control logits in targeted tests; vLLM equivalence unresolved,5468.556553397822,5468.556553397822,10937.113106795645,42.72309807342049,792.223022977123,22.52542107945352,0.13020691835631357,55.765625,7526.473528279643,7526.473528279643,15052.947056559286,58.80057443968471,569.7212697507348,16.002354279891993,0.45548292403017704,72.783203125,0.726576202367617
light-attention-serving,"Gemma-4-12B-IT-FP8, same local checkpoint weights; re-keyed for Infervisor",FP8 channel-scaled weights; BF16 KV; activation arithmetic differs by Plow rung as disclosed,"1 NVIDIA H100 SXM 80GB,132SM",Infervisor frozen mixed-recipe runtime vs vLLM0.28.0; same vLLM client,Mixed TC64/Lt recipe plus capability-bearing base cubin overlay; exact command and hashes in provenance,1024 both stacks,,bfce95e6a588cfaf9ccea467d6b6c3cd686b855d2d811737a394a7b03f0d1065,candidate,g128,128,128,128,greedy,2,complete,Attention kernel preserved Plow control logits in targeted tests; vLLM equivalence unresolved,5872.080759835648,5872.080759835648,11744.161519671296,45.875630936216,778.1044718355407,21.004584609048706,1.2516361637166278,55.765625,7799.132769964599,7799.132769964599,15598.265539929198,60.93072476534843,586.7626903485507,15.264970642023199,0.46669439506545213,72.783203125,0.7529145782015327
light-attention-serving,"Gemma-4-12B-IT-FP8, same local checkpoint weights; re-keyed for Infervisor",FP8 channel-scaled weights; BF16 KV; activation arithmetic differs by Plow rung as disclosed,"1 NVIDIA H100 SXM 80GB,132SM",Infervisor frozen mixed-recipe runtime vs vLLM0.28.0; same vLLM client,Mixed TC64/Lt recipe plus capability-bearing base cubin overlay; exact command and hashes in provenance,1024 both stacks,,bfce95e6a588cfaf9ccea467d6b6c3cd686b855d2d811737a394a7b03f0d1065,candidate,s128,128,128,128,sampled T=1 top_p=.95,2,complete,Attention kernel preserved Plow control logits in targeted tests; vLLM equivalence unresolved,5813.843537489669,5813.843537489669,11627.687074979338,45.42065263663804,789.7725242248271,21.227159294433612,0.189839379026683,55.765625,7526.473528279643,7526.473528279643,15052.947056559286,58.80057443968471,569.7212697507348,16.002354279891993,0.45548292403017704,72.783203125,0.7724525324702183
long64-serving,"Gemma-4-12B-IT-FP8, same local checkpoint weights; re-keyed for Infervisor","Same FP8 channel-scaled checkpoint weights and BF16 KV; Infervisor native decode uses BF16 activations, reference FP8 activations. Arithmetic is not identical.","1 NVIDIA H100 SXM 80GB,132SM",Infervisor frozen16K64 runtime vs vLLM0.28.0; same vLLM client,scripts/campaign/recipes/sm90a-h100-tp1-fp8-16k-c64-rq1k.toml,16384 on both sides; Infervisor64 decode slots; reference max-num-seqs256,,9daad9c4cf0b124aa671b5f36256b0a38e8a85e87e1334648d45c920cd062827,"16K context,64 decode slots,1024 request chunk,TC64",g128,15000,128,128,greedy,2,complete,Equivalence not established; performance candidate only,183.099891933121,183.099891933121,21640.11847784574,1.4304679057275078,263211.82576043997,190.23923902709117,0.0013697483257886613,66.7890625,244.01552408365953,244.01552408365953,28839.58475263751,1.90637128190359,63948.830825298806,283.32353306666573,0.12467463546686663,72.869140625,0.7503616526887286
mixed-short-serving,"Gemma-4-12B-IT-FP8, same local checkpoint weights; re-keyed for Infervisor",FP8 channel-scaled weights; BF16 KV; activation arithmetic differs by Plow rung as disclosed,"1 NVIDIA H100 SXM 80GB,132SM",Infervisor frozen mixed-recipe runtime vs vLLM0.28.0; same vLLM client,scripts/campaign/recipes/sm90a-h100-tp1-fp8-1k-c128-lt-head-tc64.toml,Infervisor1024; reference8192 (baseline configuration retained),,e5e51b007ff0c35cbf2ea1b66d6bf908f4153b0706091136242e0081969be4ea,TC64 through B64; FP8 Lt body and BF16 Lt head at B128,g64,128,128,64,greedy,2,complete,Not qualified: numerical discrepancy remains under investigation,3451.446349599635,3451.446349599635,6902.89269919927,26.96442460624715,355.6726793211419,17.955851639120468,0.0017616195070497725,55.765625,5493.218851544453,5493.218851544453,10986.437703088906,42.91577227769104,306.9844355015084,10.993726314210488,0.059889183608868024,73.57421875,0.6283103664492157
mixed-short-serving,"Gemma-4-12B-IT-FP8, same local checkpoint weights; re-keyed for Infervisor",FP8 channel-scaled weights; BF16 KV; activation arithmetic differs by Plow rung as disclosed,"1 NVIDIA H100 SXM 80GB,132SM",Infervisor frozen mixed-recipe runtime vs vLLM0.28.0; same vLLM client,scripts/campaign/recipes/sm90a-h100-tp1-fp8-1k-c128-lt-head-tc64.toml,Infervisor1024; reference8192 (baseline configuration retained),,e5e51b007ff0c35cbf2ea1b66d6bf908f4153b0706091136242e0081969be4ea,TC64 through B64; FP8 Lt body and BF16 Lt head at B128,g128,128,128,128,greedy,2,complete,Not qualified: numerical discrepancy remains under investigation,5546.415311877801,5546.415311877801,11092.830623755603,43.33136962404532,777.2612956911325,22.18345084818865,0.24915649221912323,55.765625,7840.080326975279,7840.080326975279,15680.160653950557,61.250627554494365,590.3583830408752,15.238536721843433,0.18934859422982142,73.57421875,0.7074436843197015
mixed-short-serving,"Gemma-4-12B-IT-FP8, same local checkpoint weights; re-keyed for Infervisor",FP8 channel-scaled weights; BF16 KV; activation arithmetic differs by Plow rung as disclosed,"1 NVIDIA H100 SXM 80GB,132SM",Infervisor frozen mixed-recipe runtime vs vLLM0.28.0; same vLLM client,scripts/campaign/recipes/sm90a-h100-tp1-fp8-1k-c128-lt-head-tc64.toml,Infervisor1024; reference8192 (baseline configuration retained),,e5e51b007ff0c35cbf2ea1b66d6bf908f4153b0706091136242e0081969be4ea,TC64 through B64; FP8 Lt body and BF16 Lt head at B128,s64,128,128,64,sampled T=1 top_p=.95,2,complete,Not qualified: numerical discrepancy remains under investigation,3411.8206045798997,3411.8206045798997,6823.6412091597995,26.654848473280467,347.1430241409689,18.177446412852063,0.10835201641178603,55.765625,5285.586092896625,5285.586092896625,10571.17218579325,41.29364135075488,301.7726154939737,11.54155632448896,0.28774344863110823,73.57421875,0.6454952288385
mixed-short-serving,"Gemma-4-12B-IT-FP8, same local checkpoint weights; re-keyed for Infervisor",FP8 channel-scaled weights; BF16 KV; activation arithmetic differs by Plow rung as disclosed,"1 NVIDIA H100 SXM 80GB,132SM",Infervisor frozen mixed-recipe runtime vs vLLM0.28.0; same vLLM client,scripts/campaign/recipes/sm90a-h100-tp1-fp8-1k-c128-lt-head-tc64.toml,Infervisor1024; reference8192 (baseline configuration retained),,e5e51b007ff0c35cbf2ea1b66d6bf908f4153b0706091136242e0081969be4ea,TC64 through B64; FP8 Lt body and BF16 Lt head at B128,s128,128,128,128,sampled T=1 top_p=.95,2,complete,Not qualified: numerical discrepancy remains under investigation,5467.560893075989,5467.560893075989,10935.121786151978,42.715319477156164,784.9166200810579,22.590491393953197,0.016920384089544004,55.765625,7509.404609785494,7509.404609785494,15018.809219570989,58.667223513949175,590.4253819189034,16.013603837506142,0.6682969976222918,73.57421875,0.7280951256709778
prefill-lt-gateup-serving,"Gemma-4-12B-IT-FP8, same local checkpoint weights; re-keyed for Infervisor","Same FP8 channel-scaled checkpoint weights and BF16 KV; Infervisor native decode uses BF16 activations, reference FP8 activations. Arithmetic is not identical.","1 NVIDIA H100 SXM 80GB,132SM",Infervisor frozen16K64 runtime vs vLLM0.28.0; same vLLM client,16K-c64-rq1k recipe with GLU role=0 and FATLITE=1; exact emit/build commands in ../prefill-lt-gateup-plan.json,16384 on both sides; Infervisor64 decode slots; reference max-num-seqs256,,01b6836002905b72113148bd47cf220caec051ddbfd8aebd3df18074a563ccda,"16K/64-slot cuBLASLt gate/up, attention roles retained, FATLITE=1",g128,15000,128,128,greedy,2,complete,Matches tested unfused Plow control at B4ctx2048; equivalence to vLLM not established.,192.22540206513943,192.22540206513943,22718.639706573667,1.5017609536339018,250866.53355507762,181.2213563091327,0.08748312854404784,66.599609375,244.18903837765143,244.18903837765143,28860.091973258677,1.9077268623254018,63822.89318068071,283.3052319299162,0.0850585632475456,72.869140625,0.787199144327898
cached-glu-long-serving,"Gemma-4-12B-IT-FP8, same local checkpoint weights; re-keyed for Infervisor","Same FP8 channel-scaled checkpoint weights and BF16 KV; Infervisor native decode uses BF16 activations, reference FP8 activations. Arithmetic is not identical.","1 NVIDIA H100 SXM 80GB,132SM",Infervisor f5966d13 runtime vs vLLM0.28.0; same vLLM client,/opt/dlami/nvme/tmp/gemma12b-main-20260930/glu-quant-wpr/full-model/recipe.toml; exact snapshot in prefill-glu-quant-cached-full-model.json,16384 on both sides; Infervisor64 decode slots; reference max-num-seqs256,,dacc48dd37f0fe2b137a46cbb925b2d7c1fee3aba6b601d41d17791a2a4c6fc8,long 16K/64-slot control,g128,15000,128,128,greedy,2,complete,Candidate is bit-exact against control on all 13 synthetic packed-prefill+decode cases. vLLM equivalence not established.,192.04213887148626,192.04213887148626,22696.98028787378,1.5003292099334864,250750.96343050365,180.8720928733237,0.02930524242123667,66.755859375,244.28035590660042,244.28035590660042,28870.884563711337,1.9084402805203158,64003.25797939675,283.16078932480116,0.0018629295188650511,72.869140625,0.7861546547971822
cached-glu-long-serving,"Gemma-4-12B-IT-FP8, same local checkpoint weights; re-keyed for Infervisor","Same FP8 channel-scaled checkpoint weights and BF16 KV; Infervisor native decode uses BF16 activations, reference FP8 activations. Arithmetic is not identical.","1 NVIDIA H100 SXM 80GB,132SM",Infervisor f5966d13 runtime vs vLLM0.28.0; same vLLM client,/opt/dlami/nvme/tmp/gemma12b-main-20260930/glu-quant-wpr/full-model/recipe.toml; exact snapshot in prefill-glu-quant-cached-full-model.json,16384 on both sides; Infervisor64 decode slots; reference max-num-seqs256,,dacc48dd37f0fe2b137a46cbb925b2d7c1fee3aba6b601d41d17791a2a4c6fc8,long 16K/64-slot candidate,g128,15000,128,128,greedy,2,complete,Candidate is bit-exact against control on all 13 synthetic packed-prefill+decode cases. vLLM equivalence not established.,195.51426092114582,195.51426092114582,23107.341712617923,1.5274551634464517,246783.43033533776,178.2677294623371,0.022773886743150704,66.630859375,244.28035590660042,244.28035590660042,28870.884563711337,1.9084402805203158,64003.25797939675,283.16078932480116,0.0018629295188650511,72.869140625,0.8003683316881194
gridroute-short-serving-20261002,"Gemma-4-12B-IT-FP8; same source checkpoint weights, re-keyed for Infervisor",FP8 channel-scaled weights; per-token-head FP8 KV on both; arithmetic/logits differ,"1 NVIDIA H100 SXM 80GB, 132 SM",Infervisor d227a8b1+grid route vs vLLM 0.28.0; same vLLM client,/opt/dlami/nvme/tmp/gemma12b-main-20260930/production-16k128-fp8kv/head-lt-build/grid-trial/build-record.json; experimental cubin flags,16384 both; Infervisor decode rung 128; vLLM max-num-seqs 256,enabled both; Infervisor measured 0% token hits; vLLM 0.2-0.5%,2fb03abd5e5cf9914c7fb3a12372048c4452c8ee159e8bf2d8f76d434cf90cf8,B128 dedicated FP8 FlashDecode grid,g128,128,128,128,greedy,2,experimental; greedy repeat spread high,Plow control byte-identical at 128/4K; matched vLLM quality failed (37/64 exact-history top1),4001.8730012788715,4001.8730012788715,8003.746002557743,31.264632822491183,3051.597412909614,36.97941420228114,13.438919961118232,63.228515625,6116.466331462041,6116.466331462041,12232.932662924082,47.784893214547196,1557.8211997490143,17.511198050475414,24.482662972014925,72.8515625,0.6542785955828664
gridroute-short-serving-20261002,"Gemma-4-12B-IT-FP8; same source checkpoint weights, re-keyed for Infervisor",FP8 channel-scaled weights; per-token-head FP8 KV on both; arithmetic/logits differ,"1 NVIDIA H100 SXM 80GB, 132 SM",Infervisor d227a8b1+grid route vs vLLM 0.28.0; same vLLM client,/opt/dlami/nvme/tmp/gemma12b-main-20260930/production-16k128-fp8kv/head-lt-build/grid-trial/build-record.json; experimental cubin flags,16384 both; Infervisor decode rung 128; vLLM max-num-seqs 256,enabled both; Infervisor measured 0% token hits; vLLM 0.2-0.5%,2fb03abd5e5cf9914c7fb3a12372048c4452c8ee159e8bf2d8f76d434cf90cf8,B128 dedicated FP8 FlashDecode grid,s128,128,128,128,sampled,2,experimental; below matched vLLM,Plow control byte-identical at 128/4K; matched vLLM quality failed (37/64 exact-history top1),4228.233002636295,4228.233002636295,8456.46600527259,33.033070333096056,2221.6307152353693,31.67228926941624,0.46766727397840047,63.408203125,6552.394152808778,6552.394152808778,13104.788305617556,51.19057931881858,646.9795321003767,18.198148389731895,1.2777450360745672,72.8515625,0.6452958878891317
final-compare-20261003-agentic-best,gemma-4-12b-it-fp8 (config+weights 68f098a76c2b),"weights W8A8 FP8 (same checkpoint); Infervisor BF16 KV (fold/bf16kv-assets, packet 2fc5f2ee526a), 64 decode slots; vLLM KV fp8_per_token_head",1 x NVIDIA H100 80GB HBM3,"Infervisor plowrt c4369962 (PLOW_DECODE_MAX_RUNG=64 PLOW_PF_INTERLEAVE=0 PLOW_TOKEN_BATCH=1, split attention, prefix cache default on) vs vLLM 0.28.0 (--gpu-memory-utilization 0.9 --max-num-seqs 256 --dtype bfloat16 --max-model-len 16384 --attention-backend TRITON_ATTN --kv-cache-dtype fp8_per_token_head --enable-prefix-caching --max-num-batched-tokens 8192 --enable-prompt-tokens-details)",BF16-KV 16K/64 packet (fold/bf16kv-assets),16384,on (both),,best,a32.g,agentic: grows to 15600,128,32,"agentic16k: 10 turns, greedy, real replies fed back",2,NOT MATCHED (Precision / quantization),EQUIVALENT (FP32-ref gate PASS),420.9,420.9,30703,,5450.6,130.32,3.4,71.6,481.1,481.1,35085,,4092.5,83.39,0.1,73.3,0.875
final-compare-20261003-agentic-best,gemma-4-12b-it-fp8 (config+weights 68f098a76c2b),"weights W8A8 FP8 (same checkpoint); Infervisor BF16 KV (fold/bf16kv-assets, packet 2fc5f2ee526a), 64 decode slots; vLLM KV fp8_per_token_head",1 x NVIDIA H100 80GB HBM3,"Infervisor plowrt c4369962 (PLOW_DECODE_MAX_RUNG=64 PLOW_PF_INTERLEAVE=0 PLOW_TOKEN_BATCH=1, split attention, prefix cache default on) vs vLLM 0.28.0 (--gpu-memory-utilization 0.9 --max-num-seqs 256 --dtype bfloat16 --max-model-len 16384 --attention-backend TRITON_ATTN --kv-cache-dtype fp8_per_token_head --enable-prefix-caching --max-num-batched-tokens 8192 --enable-prompt-tokens-details)",BF16-KV 16K/64 packet (fold/bf16kv-assets),16384,on (both),,best,a64.g,agentic: grows to 15600,128,64,"agentic16k: 10 turns, greedy, real replies fed back",2,NOT MATCHED (Precision / quantization),EQUIVALENT (FP32-ref gate PASS),382.1,382.1,27857,,17427.0,163.87,4.6,72.1,581.1,581.1,42372,,5369.2,138.13,0.1,73.3,0.658
final-compare-20261003-agentic-best,gemma-4-12b-it-fp8 (config+weights 68f098a76c2b),"weights W8A8 FP8 (same checkpoint); Infervisor BF16 KV (fold/bf16kv-assets, packet 2fc5f2ee526a), 64 decode slots; vLLM KV fp8_per_token_head",1 x NVIDIA H100 80GB HBM3,"Infervisor plowrt c4369962 (PLOW_DECODE_MAX_RUNG=64 PLOW_PF_INTERLEAVE=0 PLOW_TOKEN_BATCH=1, split attention, prefix cache default on) vs vLLM 0.28.0 (--gpu-memory-utilization 0.9 --max-num-seqs 256 --dtype bfloat16 --max-model-len 16384 --attention-backend TRITON_ATTN --kv-cache-dtype fp8_per_token_head --enable-prefix-caching --max-num-batched-tokens 8192 --enable-prompt-tokens-details)",BF16-KV 16K/64 packet (fold/bf16kv-assets),16384,on (both),,best,a128.g,agentic: grows to 15600,128,128,"agentic16k: 10 turns, greedy, real replies fed back",2,NOT MATCHED (Precision / quantization),EQUIVALENT (FP32-ref gate PASS),373.9,373.9,27270,,55653.2,163.79,6.0,72.1,172.2,172.2,12556,,81976.9,892.14,0.1,73.3,2.171
final-compare-20261003-st4k-best,gemma-4-12b-it-fp8 (config+weights 68f098a76c2b),"weights W8A8 FP8 (same checkpoint); Infervisor BF16 KV (fold/bf16kv-assets, packet 2fc5f2ee526a), 64 decode slots; vLLM KV fp8_per_token_head",1 x NVIDIA H100 80GB HBM3,"Infervisor plowrt c4369962 (PLOW_DECODE_MAX_RUNG=64 PLOW_PF_INTERLEAVE=0 PLOW_TOKEN_BATCH=1, split attention, prefix cache default on) vs vLLM 0.28.0 (--gpu-memory-utilization 0.9 --max-num-seqs 256 --dtype bfloat16 --max-model-len 16384 --attention-backend TRITON_ATTN --kv-cache-dtype fp8_per_token_head --enable-prefix-caching --max-num-batched-tokens 8192 --enable-prompt-tokens-details)",BF16-KV 16K/64 packet (fold/bf16kv-assets),16384,on (both),,best,g32,4096,128,32,"greedy (T=0), 96 prompts, request rate inf / concurrency 32",2,NOT MATCHED (Precision / quantization),EQUIVALENT (FP32-ref gate PASS),631.3,631.3,20833,,4830.6,47.2,0.1,71.4,398.5,398.5,13148,,7783.8,77.73,0.2,72.9,1.584
final-compare-20261003-st4k-best,gemma-4-12b-it-fp8 (config+weights 68f098a76c2b),"weights W8A8 FP8 (same checkpoint); Infervisor BF16 KV (fold/bf16kv-assets, packet 2fc5f2ee526a), 64 decode slots; vLLM KV fp8_per_token_head",1 x NVIDIA H100 80GB HBM3,"Infervisor plowrt c4369962 (PLOW_DECODE_MAX_RUNG=64 PLOW_PF_INTERLEAVE=0 PLOW_TOKEN_BATCH=1, split attention, prefix cache default on) vs vLLM 0.28.0 (--gpu-memory-utilization 0.9 --max-num-seqs 256 --dtype bfloat16 --max-model-len 16384 --attention-backend TRITON_ATTN --kv-cache-dtype fp8_per_token_head --enable-prefix-caching --max-num-batched-tokens 8192 --enable-prompt-tokens-details)",BF16-KV 16K/64 packet (fold/bf16kv-assets),16384,on (both),,best,g128,4096,128,128,"greedy (T=0), 384 prompts, request rate inf / concurrency 128",2,NOT MATCHED (Precision / quantization),EQUIVALENT (FP32-ref gate PASS),693.8,693.8,22896,,20609.4,88.94,1.0,71.6,454.4,454.4,14996,,30988.0,275.38,0.1,72.9,1.527
final-compare-20261003-st4k-fp8,gemma-4-12b-it-fp8 (config+weights 68f098a76c2b),"weights W8A8 FP8 (same checkpoint); Infervisor FP8 per-token-head KV (fold/fp8d-assets = candD + rider decode cubin, packet 543a1a7e6385), 128 slots; vLLM KV fp8_per_token_head",1 x NVIDIA H100 80GB HBM3,Infervisor plowrt c4369962 (PLOW_PREFIX_CACHE=1 PLOW_VMM_PREFIX=1 PLOW_PF_INTERLEAVE=2048 PLOW_DECODE_MAX_RUNG=128 PLOW_TOKEN_BATCH=1) vs vLLM 0.28.0 (--gpu-memory-utilization 0.9 --max-num-seqs 256 --dtype bfloat16 --max-model-len 16384 --attention-backend TRITON_ATTN --kv-cache-dtype fp8_per_token_head --enable-prefix-caching --max-num-batched-tokens 8192 --enable-prompt-tokens-details),scripts/campaign/recipes/gemma4-12b.h100.fp8kv-16k-c128.toml lineage,16384,on (both),,fp8,g32,4096,128,32,"greedy (T=0), 96 prompts, request rate inf / concurrency 32",2,MATCHED,EQUIVALENT (FP32-ref gate PASS),197.3,197.3,6511,,18227.6,154.31,0.1,71.4,398.5,398.5,13148,,7783.8,77.73,0.2,72.9,0.495
final-compare-20261003-st4k-fp8,gemma-4-12b-it-fp8 (config+weights 68f098a76c2b),"weights W8A8 FP8 (same checkpoint); Infervisor FP8 per-token-head KV (fold/fp8d-assets = candD + rider decode cubin, packet 543a1a7e6385), 128 slots; vLLM KV fp8_per_token_head",1 x NVIDIA H100 80GB HBM3,Infervisor plowrt c4369962 (PLOW_PREFIX_CACHE=1 PLOW_VMM_PREFIX=1 PLOW_PF_INTERLEAVE=2048 PLOW_DECODE_MAX_RUNG=128 PLOW_TOKEN_BATCH=1) vs vLLM 0.28.0 (--gpu-memory-utilization 0.9 --max-num-seqs 256 --dtype bfloat16 --max-model-len 16384 --attention-backend TRITON_ATTN --kv-cache-dtype fp8_per_token_head --enable-prefix-caching --max-num-batched-tokens 8192 --enable-prompt-tokens-details),scripts/campaign/recipes/gemma4-12b.h100.fp8kv-16k-c128.toml lineage,16384,on (both),,fp8,g128,4096,128,128,"greedy (T=0), 384 prompts, request rate inf / concurrency 128",2,MATCHED,EQUIVALENT (FP32-ref gate PASS),206.6,206.6,6819,,75612.7,300.12,0.1,71.4,454.4,454.4,14996,,30988.0,275.38,0.1,72.9,0.455
final-compare-20261003-st15k-best,gemma-4-12b-it-fp8 (config+weights 68f098a76c2b),"weights W8A8 FP8 (same checkpoint); Infervisor BF16 KV (fold/bf16kv-assets, packet 2fc5f2ee526a), 64 decode slots; vLLM KV fp8_per_token_head",1 x NVIDIA H100 80GB HBM3,"Infervisor plowrt c4369962 (PLOW_DECODE_MAX_RUNG=64 PLOW_PF_INTERLEAVE=0 PLOW_TOKEN_BATCH=1, split attention, prefix cache default on) vs vLLM 0.28.0 (--gpu-memory-utilization 0.9 --max-num-seqs 256 --dtype bfloat16 --max-model-len 16384 --attention-backend TRITON_ATTN --kv-cache-dtype fp8_per_token_head --enable-prefix-caching --max-num-batched-tokens 8192 --enable-prompt-tokens-details)",BF16-KV 16K/64 packet (fold/bf16kv-assets),16384,on (both),,best,g32,15000,128,32,"greedy (T=0), 96 prompts, request rate inf / concurrency 32",2,NOT MATCHED (Precision / quantization),EQUIVALENT (FP32-ref gate PASS),196.9,196.9,23271,,19186.0,144.33,1.0,71.5,80.9,80.9,9564,,45816.8,382.57,0.0,72.9,2.434
final-compare-20261003-st15k-best,gemma-4-12b-it-fp8 (config+weights 68f098a76c2b),"weights W8A8 FP8 (same checkpoint); Infervisor BF16 KV (fold/bf16kv-assets, packet 2fc5f2ee526a), 64 decode slots; vLLM KV fp8_per_token_head",1 x NVIDIA H100 80GB HBM3,"Infervisor plowrt c4369962 (PLOW_DECODE_MAX_RUNG=64 PLOW_PF_INTERLEAVE=0 PLOW_TOKEN_BATCH=1, split attention, prefix cache default on) vs vLLM 0.28.0 (--gpu-memory-utilization 0.9 --max-num-seqs 256 --dtype bfloat16 --max-model-len 16384 --attention-backend TRITON_ATTN --kv-cache-dtype fp8_per_token_head --enable-prefix-caching --max-num-batched-tokens 8192 --enable-prompt-tokens-details)",BF16-KV 16K/64 packet (fold/bf16kv-assets),16384,on (both),,best,g128,15000,128,128,"greedy (T=0), 384 prompts, request rate inf / concurrency 128",2,NOT MATCHED (Precision / quantization),EQUIVALENT (FP32-ref gate PASS),209.7,209.7,24782,,75263.5,160.89,0.1,71.7,83.7,83.7,9895,,186801.8,825.75,0.0,72.9,2.505
final-compare-20261003-st15k-fp8,gemma-4-12b-it-fp8 (config+weights 68f098a76c2b),"weights W8A8 FP8 (same checkpoint); Infervisor FP8 per-token-head KV (fold/fp8d-assets = candD + rider decode cubin, packet 543a1a7e6385), 128 slots; vLLM KV fp8_per_token_head",1 x NVIDIA H100 80GB HBM3,Infervisor plowrt c4369962 (PLOW_PREFIX_CACHE=1 PLOW_VMM_PREFIX=1 PLOW_PF_INTERLEAVE=2048 PLOW_DECODE_MAX_RUNG=128 PLOW_TOKEN_BATCH=1) vs vLLM 0.28.0 (--gpu-memory-utilization 0.9 --max-num-seqs 256 --dtype bfloat16 --max-model-len 16384 --attention-backend TRITON_ATTN --kv-cache-dtype fp8_per_token_head --enable-prefix-caching --max-num-batched-tokens 8192 --enable-prompt-tokens-details),scripts/campaign/recipes/gemma4-12b.h100.fp8kv-16k-c128.toml lineage,16384,on (both),,fp8,g32,15000,128,32,"greedy (T=0), 96 prompts, request rate inf / concurrency 32",2,MATCHED,EQUIVALENT (FP32-ref gate PASS),29.9,29.9,3533,,130724.3,567.25,0.5,71.4,80.9,80.9,9564,,45816.8,382.57,0.0,72.9,0.37
final-compare-20261003-st15k-fp8,gemma-4-12b-it-fp8 (config+weights 68f098a76c2b),"weights W8A8 FP8 (same checkpoint); Infervisor FP8 per-token-head KV (fold/fp8d-assets = candD + rider decode cubin, packet 543a1a7e6385), 128 slots; vLLM KV fp8_per_token_head",1 x NVIDIA H100 80GB HBM3,Infervisor plowrt c4369962 (PLOW_PREFIX_CACHE=1 PLOW_VMM_PREFIX=1 PLOW_PF_INTERLEAVE=2048 PLOW_DECODE_MAX_RUNG=128 PLOW_TOKEN_BATCH=1) vs vLLM 0.28.0 (--gpu-memory-utilization 0.9 --max-num-seqs 256 --dtype bfloat16 --max-model-len 16384 --attention-backend TRITON_ATTN --kv-cache-dtype fp8_per_token_head --enable-prefix-caching --max-num-batched-tokens 8192 --enable-prompt-tokens-details),scripts/campaign/recipes/gemma4-12b.h100.fp8kv-16k-c128.toml lineage,16384,on (both),,fp8,g128,15000,128,128,"greedy (T=0), 384 prompts, request rate inf / concurrency 128",2,MATCHED,EQUIVALENT (FP32-ref gate PASS),30.1,30.1,3555,,527755.0,567.26,0.4,71.4,83.7,83.7,9895,,186801.8,825.75,0.0,72.9,0.359
final-compare-20261004-agentic-fp8,gemma-4-12b-it-fp8 (config+weights 68f098a76c2b),"weights W8A8 FP8 (same checkpoint); FP8 per-token-head KV both sides (packet c47fc3f20569), 128 decode slots",1 x NVIDIA H100 80GB HBM3,Infervisor plowrt 66e90a4b (PLOW_PREFIX_CACHE=1 PLOW_VMM_PREFIX=1 PLOW_PF_INTERLEAVE=2048 PLOW_DECODE_MAX_RUNG=128 PLOW_TOKEN_BATCH=1 PLOW_PF_SEG_DIR=<packet>/objects) vs vLLM 0.28.0 (--gpu-memory-utilization 0.9 --max-num-seqs 256 --dtype bfloat16 --max-model-len 16384 --attention-backend TRITON_ATTN --kv-cache-dtype fp8_per_token_head --enable-prefix-caching --max-num-batched-tokens 8192 --enable-prompt-tokens-details),scripts/campaign/recipes/gemma4-12b.h100.fp8kv-16k-c128.toml,16384,on (both),,fp8,a32.g,agentic: grows to 15600,128,32,"agentic16k: 10 turns, greedy, real replies fed back",2,MATCHED,EQUIVALENT (FP32-ref gate PASS),600.4,600.4,43788,,3742.7,63.76,5.6,77.8,480.3,480.3,35035,,3818.5,82.04,0.2,73.3,1.25
final-compare-20261004-agentic-fp8,gemma-4-12b-it-fp8 (config+weights 68f098a76c2b),"weights W8A8 FP8 (same checkpoint); FP8 per-token-head KV both sides (packet c47fc3f20569), 128 decode slots",1 x NVIDIA H100 80GB HBM3,Infervisor plowrt 66e90a4b (PLOW_PREFIX_CACHE=1 PLOW_VMM_PREFIX=1 PLOW_PF_INTERLEAVE=2048 PLOW_DECODE_MAX_RUNG=128 PLOW_TOKEN_BATCH=1 PLOW_PF_SEG_DIR=<packet>/objects) vs vLLM 0.28.0 (--gpu-memory-utilization 0.9 --max-num-seqs 256 --dtype bfloat16 --max-model-len 16384 --attention-backend TRITON_ATTN --kv-cache-dtype fp8_per_token_head --enable-prefix-caching --max-num-batched-tokens 8192 --enable-prompt-tokens-details),scripts/campaign/recipes/gemma4-12b.h100.fp8kv-16k-c128.toml,16384,on (both),,fp8,a64.g,agentic: grows to 15600,128,64,"agentic16k: 10 turns, greedy, real replies fed back",2,MATCHED,EQUIVALENT (FP32-ref gate PASS),631.2,631.2,46014,,7502.0,125.06,1.3,77.8,581.1,581.1,42380,,5371.2,139.29,0.0,73.3,1.086
final-compare-20261004-agentic-fp8,gemma-4-12b-it-fp8 (config+weights 68f098a76c2b),"weights W8A8 FP8 (same checkpoint); FP8 per-token-head KV both sides (packet c47fc3f20569), 128 decode slots",1 x NVIDIA H100 80GB HBM3,Infervisor plowrt 66e90a4b (PLOW_PREFIX_CACHE=1 PLOW_VMM_PREFIX=1 PLOW_PF_INTERLEAVE=2048 PLOW_DECODE_MAX_RUNG=128 PLOW_TOKEN_BATCH=1 PLOW_PF_SEG_DIR=<packet>/objects) vs vLLM 0.28.0 (--gpu-memory-utilization 0.9 --max-num-seqs 256 --dtype bfloat16 --max-model-len 16384 --attention-backend TRITON_ATTN --kv-cache-dtype fp8_per_token_head --enable-prefix-caching --max-num-batched-tokens 8192 --enable-prompt-tokens-details),scripts/campaign/recipes/gemma4-12b.h100.fp8kv-16k-c128.toml,16384,on (both),,fp8,a128.g,agentic: grows to 15600,128,128,"agentic16k: 10 turns, greedy, real replies fed back",2,MATCHED,EQUIVALENT (FP32-ref gate PASS),414.9,414.9,30257,,55982.3,223.26,60.0,77.8,172.1,172.1,12553,,82042.6,892.14,0.1,73.3,2.41
final-compare-20261004-agentic-bf16,gemma-4-12b-it-fp8 (config+weights 68f098a76c2b),"weights W8A8 FP8 (same checkpoint); Infervisor BF16 KV (packet 34641b1cace3), 64 decode slots; vLLM KV fp8_per_token_head",1 x NVIDIA H100 80GB HBM3,Infervisor plowrt 66e90a4b (PLOW_PREFIX_CACHE=0 PLOW_PF_INTERLEAVE=0 PLOW_DECODE_MAX_RUNG=64 PLOW_TOKEN_BATCH=1 PLOW_PF_SEG_DIR=<packet>/objects) vs vLLM 0.28.0 (--gpu-memory-utilization 0.9 --max-num-seqs 256 --dtype bfloat16 --max-model-len 16384 --attention-backend TRITON_ATTN --kv-cache-dtype fp8_per_token_head --enable-prefix-caching --max-num-batched-tokens 8192 --enable-prompt-tokens-details),scripts/campaign/recipes/sm90a-h100-tp1-fp8-16k-c64-rq1k.toml,16384,"Infervisor off (recipe), vLLM on",,bf16,a32.g,agentic: grows to 15600,128,32,"agentic16k: 10 turns, greedy, real replies fed back",2,NOT MATCHED (Precision / quantization),EQUIVALENT (FP32-ref gate PASS),295.4,295.4,21547,,3382.7,161.63,0.2,64.2,480.3,480.3,35035,,3818.5,82.04,0.2,73.3,0.615
final-compare-20261004-agentic-bf16,gemma-4-12b-it-fp8 (config+weights 68f098a76c2b),"weights W8A8 FP8 (same checkpoint); Infervisor BF16 KV (packet 34641b1cace3), 64 decode slots; vLLM KV fp8_per_token_head",1 x NVIDIA H100 80GB HBM3,Infervisor plowrt 66e90a4b (PLOW_PREFIX_CACHE=0 PLOW_PF_INTERLEAVE=0 PLOW_DECODE_MAX_RUNG=64 PLOW_TOKEN_BATCH=1 PLOW_PF_SEG_DIR=<packet>/objects) vs vLLM 0.28.0 (--gpu-memory-utilization 0.9 --max-num-seqs 256 --dtype bfloat16 --max-model-len 16384 --attention-backend TRITON_ATTN --kv-cache-dtype fp8_per_token_head --enable-prefix-caching --max-num-batched-tokens 8192 --enable-prompt-tokens-details),scripts/campaign/recipes/sm90a-h100-tp1-fp8-16k-c64-rq1k.toml,16384,"Infervisor off (recipe), vLLM on",,bf16,a64.g,agentic: grows to 15600,128,64,"agentic16k: 10 turns, greedy, real replies fed back",2,NOT MATCHED (Precision / quantization),EQUIVALENT (FP32-ref gate PASS),309.1,309.1,22543,,21118.0,184.06,1.0,66.0,581.1,581.1,42380,,5371.2,139.29,0.0,73.3,0.532
final-compare-20261004-agentic-bf16,gemma-4-12b-it-fp8 (config+weights 68f098a76c2b),"weights W8A8 FP8 (same checkpoint); Infervisor BF16 KV (packet 34641b1cace3), 64 decode slots; vLLM KV fp8_per_token_head",1 x NVIDIA H100 80GB HBM3,Infervisor plowrt 66e90a4b (PLOW_PREFIX_CACHE=0 PLOW_PF_INTERLEAVE=0 PLOW_DECODE_MAX_RUNG=64 PLOW_TOKEN_BATCH=1 PLOW_PF_SEG_DIR=<packet>/objects) vs vLLM 0.28.0 (--gpu-memory-utilization 0.9 --max-num-seqs 256 --dtype bfloat16 --max-model-len 16384 --attention-backend TRITON_ATTN --kv-cache-dtype fp8_per_token_head --enable-prefix-caching --max-num-batched-tokens 8192 --enable-prompt-tokens-details),scripts/campaign/recipes/sm90a-h100-tp1-fp8-16k-c64-rq1k.toml,16384,"Infervisor off (recipe), vLLM on",,bf16,a128.g,agentic: grows to 15600,128,128,"agentic16k: 10 turns, greedy, real replies fed back",2,NOT MATCHED (Precision / quantization),EQUIVALENT (FP32-ref gate PASS),311.1,311.1,22692,,64840.3,183.42,0.3,66.0,172.1,172.1,12553,,82042.6,892.14,0.1,73.3,1.807
final-compare-20261004-agentic-bf16-vbf16,gemma-4-12b-it-fp8 (config+weights 68f098a76c2b),"weights W8A8 FP8 (same checkpoint); BF16 KV both sides (packet 34641b1cace3), Infervisor 64 decode slots",1 x NVIDIA H100 80GB HBM3,Infervisor plowrt 66e90a4b (PLOW_PREFIX_CACHE=0 PLOW_PF_INTERLEAVE=0 PLOW_DECODE_MAX_RUNG=64 PLOW_TOKEN_BATCH=1 PLOW_PF_SEG_DIR=<packet>/objects) vs vLLM 0.28.0 (--gpu-memory-utilization 0.9 --max-num-seqs 256 --dtype bfloat16 --max-model-len 16384 --enable-prefix-caching --max-num-batched-tokens 8192 --enable-prompt-tokens-details),scripts/campaign/recipes/sm90a-h100-tp1-fp8-16k-c64-rq1k.toml,16384,"Infervisor off (recipe), vLLM on",,bf16-vbf16,a32.g,agentic: grows to 15600,128,32,"agentic16k: 10 turns, greedy, real replies fed back",2,MATCHED,EQUIVALENT (FP32-ref gate PASS),295.4,295.4,21547,,3382.7,161.63,0.2,64.2,1284.1,1284.1,93663,,1588.5,25.89,0.4,73.2,0.23
final-compare-20261004-agentic-bf16-vbf16,gemma-4-12b-it-fp8 (config+weights 68f098a76c2b),"weights W8A8 FP8 (same checkpoint); BF16 KV both sides (packet 34641b1cace3), Infervisor 64 decode slots",1 x NVIDIA H100 80GB HBM3,Infervisor plowrt 66e90a4b (PLOW_PREFIX_CACHE=0 PLOW_PF_INTERLEAVE=0 PLOW_DECODE_MAX_RUNG=64 PLOW_TOKEN_BATCH=1 PLOW_PF_SEG_DIR=<packet>/objects) vs vLLM 0.28.0 (--gpu-memory-utilization 0.9 --max-num-seqs 256 --dtype bfloat16 --max-model-len 16384 --enable-prefix-caching --max-num-batched-tokens 8192 --enable-prompt-tokens-details),scripts/campaign/recipes/sm90a-h100-tp1-fp8-16k-c64-rq1k.toml,16384,"Infervisor off (recipe), vLLM on",,bf16-vbf16,a64.g,agentic: grows to 15600,128,64,"agentic16k: 10 turns, greedy, real replies fed back",2,MATCHED,EQUIVALENT (FP32-ref gate PASS),309.1,309.1,22543,,21118.0,184.06,1.0,66.0,476.6,476.6,34763,,7990.6,225.6,0.0,73.2,0.648
final-compare-20261004-agentic-bf16-vbf16,gemma-4-12b-it-fp8 (config+weights 68f098a76c2b),"weights W8A8 FP8 (same checkpoint); BF16 KV both sides (packet 34641b1cace3), Infervisor 64 decode slots",1 x NVIDIA H100 80GB HBM3,Infervisor plowrt 66e90a4b (PLOW_PREFIX_CACHE=0 PLOW_PF_INTERLEAVE=0 PLOW_DECODE_MAX_RUNG=64 PLOW_TOKEN_BATCH=1 PLOW_PF_SEG_DIR=<packet>/objects) vs vLLM 0.28.0 (--gpu-memory-utilization 0.9 --max-num-seqs 256 --dtype bfloat16 --max-model-len 16384 --enable-prefix-caching --max-num-batched-tokens 8192 --enable-prompt-tokens-details),scripts/campaign/recipes/sm90a-h100-tp1-fp8-16k-c64-rq1k.toml,16384,"Infervisor off (recipe), vLLM on",,bf16-vbf16,a128.g,agentic: grows to 15600,128,128,"agentic16k: 10 turns, greedy, real replies fed back",2,MATCHED,EQUIVALENT (FP32-ref gate PASS),311.1,311.1,22692,,64840.3,183.42,0.3,66.0,465.0,465.0,33906,,26857.5,292.07,0.0,73.2,0.669
final-compare-20261004-st4k-fp8,gemma-4-12b-it-fp8 (config+weights 68f098a76c2b),"weights W8A8 FP8 (same checkpoint); FP8 per-token-head KV both sides (packet c47fc3f20569), 128 decode slots",1 x NVIDIA H100 80GB HBM3,Infervisor plowrt 66e90a4b (PLOW_PREFIX_CACHE=1 PLOW_VMM_PREFIX=1 PLOW_PF_INTERLEAVE=2048 PLOW_DECODE_MAX_RUNG=128 PLOW_TOKEN_BATCH=1 PLOW_PF_SEG_DIR=<packet>/objects) vs vLLM 0.28.0 (--gpu-memory-utilization 0.9 --max-num-seqs 256 --dtype bfloat16 --max-model-len 16384 --attention-backend TRITON_ATTN --kv-cache-dtype fp8_per_token_head --enable-prefix-caching --max-num-batched-tokens 8192 --enable-prompt-tokens-details),scripts/campaign/recipes/gemma4-12b.h100.fp8kv-16k-c128.toml,16384,on (both),,fp8,g32,4096,128,32,"greedy (T=0), 96 prompts, request rate inf / concurrency 32",2,MATCHED,EQUIVALENT (FP32-ref gate PASS),549.9,549.9,18146,,5458.5,54.43,0.6,77.5,398.3,398.3,13145,,7770.7,77.85,0.0,73.0,1.38
final-compare-20261004-st4k-fp8,gemma-4-12b-it-fp8 (config+weights 68f098a76c2b),"weights W8A8 FP8 (same checkpoint); FP8 per-token-head KV both sides (packet c47fc3f20569), 128 decode slots",1 x NVIDIA H100 80GB HBM3,Infervisor plowrt 66e90a4b (PLOW_PREFIX_CACHE=1 PLOW_VMM_PREFIX=1 PLOW_PF_INTERLEAVE=2048 PLOW_DECODE_MAX_RUNG=128 PLOW_TOKEN_BATCH=1 PLOW_PF_SEG_DIR=<packet>/objects) vs vLLM 0.28.0 (--gpu-memory-utilization 0.9 --max-num-seqs 256 --dtype bfloat16 --max-model-len 16384 --attention-backend TRITON_ATTN --kv-cache-dtype fp8_per_token_head --enable-prefix-caching --max-num-batched-tokens 8192 --enable-prompt-tokens-details),scripts/campaign/recipes/gemma4-12b.h100.fp8kv-16k-c128.toml,16384,on (both),,fp8,g128,4096,128,128,"greedy (T=0), 384 prompts, request rate inf / concurrency 128",2,MATCHED,EQUIVALENT (FP32-ref gate PASS),621.0,621.0,20495,,23839.2,98.3,0.3,77.7,454.6,454.6,15004,,30953.8,275.42,0.1,73.0,1.366
final-compare-20261004-st4k-bf16,gemma-4-12b-it-fp8 (config+weights 68f098a76c2b),"weights W8A8 FP8 (same checkpoint); Infervisor BF16 KV (packet 34641b1cace3), 64 decode slots; vLLM KV fp8_per_token_head",1 x NVIDIA H100 80GB HBM3,Infervisor plowrt 66e90a4b (PLOW_PREFIX_CACHE=0 PLOW_PF_INTERLEAVE=0 PLOW_DECODE_MAX_RUNG=64 PLOW_TOKEN_BATCH=1 PLOW_PF_SEG_DIR=<packet>/objects) vs vLLM 0.28.0 (--gpu-memory-utilization 0.9 --max-num-seqs 256 --dtype bfloat16 --max-model-len 16384 --attention-backend TRITON_ATTN --kv-cache-dtype fp8_per_token_head --enable-prefix-caching --max-num-batched-tokens 8192 --enable-prompt-tokens-details),scripts/campaign/recipes/sm90a-h100-tp1-fp8-16k-c64-rq1k.toml,16384,"Infervisor off (recipe), vLLM on",,bf16,g32,4096,128,32,"greedy (T=0), 96 prompts, request rate inf / concurrency 32",2,NOT MATCHED (Precision / quantization),EQUIVALENT (FP32-ref gate PASS),591.8,591.8,19529,,5126.8,51.63,0.8,59.1,398.3,398.3,13145,,7770.7,77.85,0.0,73.0,1.486
final-compare-20261004-st4k-bf16,gemma-4-12b-it-fp8 (config+weights 68f098a76c2b),"weights W8A8 FP8 (same checkpoint); Infervisor BF16 KV (packet 34641b1cace3), 64 decode slots; vLLM KV fp8_per_token_head",1 x NVIDIA H100 80GB HBM3,Infervisor plowrt 66e90a4b (PLOW_PREFIX_CACHE=0 PLOW_PF_INTERLEAVE=0 PLOW_DECODE_MAX_RUNG=64 PLOW_TOKEN_BATCH=1 PLOW_PF_SEG_DIR=<packet>/objects) vs vLLM 0.28.0 (--gpu-memory-utilization 0.9 --max-num-seqs 256 --dtype bfloat16 --max-model-len 16384 --attention-backend TRITON_ATTN --kv-cache-dtype fp8_per_token_head --enable-prefix-caching --max-num-batched-tokens 8192 --enable-prompt-tokens-details),scripts/campaign/recipes/sm90a-h100-tp1-fp8-16k-c64-rq1k.toml,16384,"Infervisor off (recipe), vLLM on",,bf16,g128,4096,128,128,"greedy (T=0), 384 prompts, request rate inf / concurrency 128",2,NOT MATCHED (Precision / quantization),EQUIVALENT (FP32-ref gate PASS),636.2,636.2,20995,,22335.9,99.75,0.6,61.7,454.6,454.6,15004,,30953.8,275.42,0.1,73.0,1.399
final-compare-20261004-st4k-bf16-vbf16,gemma-4-12b-it-fp8 (config+weights 68f098a76c2b),"weights W8A8 FP8 (same checkpoint); BF16 KV both sides (packet 34641b1cace3), Infervisor 64 decode slots",1 x NVIDIA H100 80GB HBM3,Infervisor plowrt 66e90a4b (PLOW_PREFIX_CACHE=0 PLOW_PF_INTERLEAVE=0 PLOW_DECODE_MAX_RUNG=64 PLOW_TOKEN_BATCH=1 PLOW_PF_SEG_DIR=<packet>/objects) vs vLLM 0.28.0 (--gpu-memory-utilization 0.9 --max-num-seqs 256 --dtype bfloat16 --max-model-len 16384 --enable-prefix-caching --max-num-batched-tokens 8192 --enable-prompt-tokens-details),scripts/campaign/recipes/sm90a-h100-tp1-fp8-16k-c64-rq1k.toml,16384,"Infervisor off (recipe), vLLM on",,bf16-vbf16,g32,4096,128,32,"greedy (T=0), 96 prompts, request rate inf / concurrency 32",2,MATCHED,EQUIVALENT (FP32-ref gate PASS),591.8,591.8,19529,,5126.8,51.63,0.8,59.1,779.7,779.7,25731,,3821.7,39.7,0.1,72.9,0.759
final-compare-20261004-st4k-bf16-vbf16,gemma-4-12b-it-fp8 (config+weights 68f098a76c2b),"weights W8A8 FP8 (same checkpoint); BF16 KV both sides (packet 34641b1cace3), Infervisor 64 decode slots",1 x NVIDIA H100 80GB HBM3,Infervisor plowrt 66e90a4b (PLOW_PREFIX_CACHE=0 PLOW_PF_INTERLEAVE=0 PLOW_DECODE_MAX_RUNG=64 PLOW_TOKEN_BATCH=1 PLOW_PF_SEG_DIR=<packet>/objects) vs vLLM 0.28.0 (--gpu-memory-utilization 0.9 --max-num-seqs 256 --dtype bfloat16 --max-model-len 16384 --enable-prefix-caching --max-num-batched-tokens 8192 --enable-prompt-tokens-details),scripts/campaign/recipes/sm90a-h100-tp1-fp8-16k-c64-rq1k.toml,16384,"Infervisor off (recipe), vLLM on",,bf16-vbf16,g128,4096,128,128,"greedy (T=0), 384 prompts, request rate inf / concurrency 128",2,MATCHED,EQUIVALENT (FP32-ref gate PASS),636.2,636.2,20995,,22335.9,99.75,0.6,61.7,889.1,889.1,29342,,15348.7,140.69,0.0,72.9,0.716
final-compare-20261004-st15k-fp8,gemma-4-12b-it-fp8 (config+weights 68f098a76c2b),"weights W8A8 FP8 (same checkpoint); FP8 per-token-head KV both sides (packet c47fc3f20569), 128 decode slots",1 x NVIDIA H100 80GB HBM3,Infervisor plowrt 66e90a4b (PLOW_PREFIX_CACHE=1 PLOW_VMM_PREFIX=1 PLOW_PF_INTERLEAVE=2048 PLOW_DECODE_MAX_RUNG=128 PLOW_TOKEN_BATCH=1 PLOW_PF_SEG_DIR=<packet>/objects) vs vLLM 0.28.0 (--gpu-memory-utilization 0.9 --max-num-seqs 256 --dtype bfloat16 --max-model-len 16384 --attention-backend TRITON_ATTN --kv-cache-dtype fp8_per_token_head --enable-prefix-caching --max-num-batched-tokens 8192 --enable-prompt-tokens-details),scripts/campaign/recipes/gemma4-12b.h100.fp8kv-16k-c128.toml,16384,on (both),,fp8,g32,15000,128,32,"greedy (T=0), 96 prompts, request rate inf / concurrency 32",2,MATCHED,EQUIVALENT (FP32-ref gate PASS),144.8,144.8,17108,,25885.1,114.55,0.2,77.7,81.0,81.0,9567,,45534.3,382.92,0.0,73.0,1.788
final-compare-20261004-st15k-fp8,gemma-4-12b-it-fp8 (config+weights 68f098a76c2b),"weights W8A8 FP8 (same checkpoint); FP8 per-token-head KV both sides (packet c47fc3f20569), 128 decode slots",1 x NVIDIA H100 80GB HBM3,Infervisor plowrt 66e90a4b (PLOW_PREFIX_CACHE=1 PLOW_VMM_PREFIX=1 PLOW_PF_INTERLEAVE=2048 PLOW_DECODE_MAX_RUNG=128 PLOW_TOKEN_BATCH=1 PLOW_PF_SEG_DIR=<packet>/objects) vs vLLM 0.28.0 (--gpu-memory-utilization 0.9 --max-num-seqs 256 --dtype bfloat16 --max-model-len 16384 --attention-backend TRITON_ATTN --kv-cache-dtype fp8_per_token_head --enable-prefix-caching --max-num-batched-tokens 8192 --enable-prompt-tokens-details),scripts/campaign/recipes/gemma4-12b.h100.fp8kv-16k-c128.toml,16384,on (both),,fp8,g128,15000,128,128,"greedy (T=0), 384 prompts, request rate inf / concurrency 128",2,MATCHED,EQUIVALENT (FP32-ref gate PASS),146.0,146.0,17255,,106631.0,115.83,0.1,77.8,83.8,83.8,9895,,186793.9,825.66,0.1,73.0,1.743
final-compare-20261004-st15k-bf16,gemma-4-12b-it-fp8 (config+weights 68f098a76c2b),"weights W8A8 FP8 (same checkpoint); Infervisor BF16 KV (packet 34641b1cace3), 64 decode slots; vLLM KV fp8_per_token_head",1 x NVIDIA H100 80GB HBM3,Infervisor plowrt 66e90a4b (PLOW_PREFIX_CACHE=0 PLOW_PF_INTERLEAVE=0 PLOW_DECODE_MAX_RUNG=64 PLOW_TOKEN_BATCH=1 PLOW_PF_SEG_DIR=<packet>/objects) vs vLLM 0.28.0 (--gpu-memory-utilization 0.9 --max-num-seqs 256 --dtype bfloat16 --max-model-len 16384 --attention-backend TRITON_ATTN --kv-cache-dtype fp8_per_token_head --enable-prefix-caching --max-num-batched-tokens 8192 --enable-prompt-tokens-details),scripts/campaign/recipes/sm90a-h100-tp1-fp8-16k-c64-rq1k.toml,16384,"Infervisor off (recipe), vLLM on",,bf16,g32,15000,128,32,"greedy (T=0), 96 prompts, request rate inf / concurrency 32",2,NOT MATCHED (Precision / quantization),EQUIVALENT (FP32-ref gate PASS),183.1,183.1,21644,,20082.8,165.25,0.1,64.1,81.0,81.0,9567,,45534.3,382.92,0.0,73.0,2.262
final-compare-20261004-st15k-bf16,gemma-4-12b-it-fp8 (config+weights 68f098a76c2b),"weights W8A8 FP8 (same checkpoint); Infervisor BF16 KV (packet 34641b1cace3), 64 decode slots; vLLM KV fp8_per_token_head",1 x NVIDIA H100 80GB HBM3,Infervisor plowrt 66e90a4b (PLOW_PREFIX_CACHE=0 PLOW_PF_INTERLEAVE=0 PLOW_DECODE_MAX_RUNG=64 PLOW_TOKEN_BATCH=1 PLOW_PF_SEG_DIR=<packet>/objects) vs vLLM 0.28.0 (--gpu-memory-utilization 0.9 --max-num-seqs 256 --dtype bfloat16 --max-model-len 16384 --attention-backend TRITON_ATTN --kv-cache-dtype fp8_per_token_head --enable-prefix-caching --max-num-batched-tokens 8192 --enable-prompt-tokens-details),scripts/campaign/recipes/sm90a-h100-tp1-fp8-16k-c64-rq1k.toml,16384,"Infervisor off (recipe), vLLM on",,bf16,g128,15000,128,128,"greedy (T=0), 384 prompts, request rate inf / concurrency 128",2,NOT MATCHED (Precision / quantization),EQUIVALENT (FP32-ref gate PASS),189.6,189.6,22399,,82350.2,183.76,0.3,65.7,83.8,83.8,9895,,186793.9,825.66,0.1,73.0,2.263
final-compare-20261004-st15k-bf16-vbf16,gemma-4-12b-it-fp8 (config+weights 68f098a76c2b),"weights W8A8 FP8 (same checkpoint); BF16 KV both sides (packet 34641b1cace3), Infervisor 64 decode slots",1 x NVIDIA H100 80GB HBM3,Infervisor plowrt 66e90a4b (PLOW_PREFIX_CACHE=0 PLOW_PF_INTERLEAVE=0 PLOW_DECODE_MAX_RUNG=64 PLOW_TOKEN_BATCH=1 PLOW_PF_SEG_DIR=<packet>/objects) vs vLLM 0.28.0 (--gpu-memory-utilization 0.9 --max-num-seqs 256 --dtype bfloat16 --max-model-len 16384 --enable-prefix-caching --max-num-batched-tokens 8192 --enable-prompt-tokens-details),scripts/campaign/recipes/sm90a-h100-tp1-fp8-16k-c64-rq1k.toml,16384,"Infervisor off (recipe), vLLM on",,bf16-vbf16,g32,15000,128,32,"greedy (T=0), 96 prompts, request rate inf / concurrency 32",2,MATCHED,EQUIVALENT (FP32-ref gate PASS),183.1,183.1,21644,,20082.8,165.25,0.1,64.1,235.4,235.4,27822,,15685.6,131.15,0.2,72.9,0.778
final-compare-20261004-st15k-bf16-vbf16,gemma-4-12b-it-fp8 (config+weights 68f098a76c2b),"weights W8A8 FP8 (same checkpoint); BF16 KV both sides (packet 34641b1cace3), Infervisor 64 decode slots",1 x NVIDIA H100 80GB HBM3,Infervisor plowrt 66e90a4b (PLOW_PREFIX_CACHE=0 PLOW_PF_INTERLEAVE=0 PLOW_DECODE_MAX_RUNG=64 PLOW_TOKEN_BATCH=1 PLOW_PF_SEG_DIR=<packet>/objects) vs vLLM 0.28.0 (--gpu-memory-utilization 0.9 --max-num-seqs 256 --dtype bfloat16 --max-model-len 16384 --enable-prefix-caching --max-num-batched-tokens 8192 --enable-prompt-tokens-details),scripts/campaign/recipes/sm90a-h100-tp1-fp8-16k-c64-rq1k.toml,16384,"Infervisor off (recipe), vLLM on",,bf16-vbf16,g128,15000,128,128,"greedy (T=0), 384 prompts, request rate inf / concurrency 128",2,MATCHED,EQUIVALENT (FP32-ref gate PASS),189.6,189.6,22399,,82350.2,183.76,0.3,65.7,243.4,243.4,28772,,64167.5,284.0,0.1,72.9,0.779
prodbench-openloop-20261004,gemma-4-12b-it-fp8 (config+weights 68f098a76c2b),"weights W8A8 FP8 (same checkpoint); FP8 per-token-head KV both sides (packet c47fc3f20569), 128 decode slots",1 x NVIDIA H100 80GB HBM3,Infervisor plowrt 66e90a4b (PLOW_PREFIX_CACHE=1 PLOW_VMM_PREFIX=1 PLOW_PF_SEG_PURE=fp8 PLOW_PF_SEG_FA512=1 PLOW_PF_INTERLEAVE=2048 PLOW_VMM_LIVE_RINGS=0 PLOW_MULTISTEP=0 PLOW_DECODE_MAX_RUNG=128 PLOW_TOKEN_BATCH=1 PLOW_PF_SEG_DIR=<packet>/objects) vs vLLM 0.28.0 (--gpu-memory-utilization 0.9 --max-num-seqs 256 --dtype bfloat16 --max-model-len 16384 --attention-backend TRITON_ATTN --kv-cache-dtype fp8_per_token_head --enable-prefix-caching --max-num-batched-tokens 8192 --enable-prompt-tokens-details),scripts/campaign/recipes/gemma4-12b.h100.fp8kv-16k-c128.toml,16384,on (both),4442675bc1163fbb27e6e2e158fbe04fa6ea117689a28aad82e770671297a2fc,fp8,q628.g,"open-loop mix (system lognormal median 1536, first message lognormal(1500,1), tool output lognormal(700,1), cap 16384)","lognormal(160,0.7) in [16,1024]",open loop,"greedy (T=0), chat API, Poisson 0.628 sessions/s, think lognormal(5 s,0.8) <= 60 s, 300 s",2,MATCHED,EQUIVALENT (FP32-ref gate PASS),,,19824,2.643,819.5,59.24,7.7,77.8,,,18611,2.540,1853.7,94.83,6.1,72.9,
prodbench-openloop-20261004,gemma-4-12b-it-fp8 (config+weights 68f098a76c2b),"weights W8A8 FP8 (same checkpoint); FP8 per-token-head KV both sides (packet c47fc3f20569), 128 decode slots",1 x NVIDIA H100 80GB HBM3,Infervisor plowrt 66e90a4b (PLOW_PREFIX_CACHE=1 PLOW_VMM_PREFIX=1 PLOW_PF_SEG_PURE=fp8 PLOW_PF_SEG_FA512=1 PLOW_PF_INTERLEAVE=2048 PLOW_VMM_LIVE_RINGS=0 PLOW_MULTISTEP=0 PLOW_DECODE_MAX_RUNG=128 PLOW_TOKEN_BATCH=1 PLOW_PF_SEG_DIR=<packet>/objects) vs vLLM 0.28.0 (--gpu-memory-utilization 0.9 --max-num-seqs 256 --dtype bfloat16 --max-model-len 16384 --attention-backend TRITON_ATTN --kv-cache-dtype fp8_per_token_head --enable-prefix-caching --max-num-batched-tokens 8192 --enable-prompt-tokens-details),scripts/campaign/recipes/gemma4-12b.h100.fp8kv-16k-c128.toml,16384,on (both),4442675bc1163fbb27e6e2e158fbe04fa6ea117689a28aad82e770671297a2fc,fp8,q771.g,"open-loop mix (system lognormal median 1536, first message lognormal(1500,1), tool output lognormal(700,1), cap 16384)","lognormal(160,0.7) in [16,1024]",open loop,"greedy (T=0), chat API, Poisson 0.771 sessions/s, think lognormal(5 s,0.8) <= 60 s, 300 s",2,MATCHED,EQUIVALENT (FP32-ref gate PASS),,,21810,3.067,1619.0,81.03,6.5,77.8,,,18868,2.745,3790.5,238.80,2.8,72.9,
prodbench-openloop-20261004,gemma-4-12b-it-fp8 (config+weights 68f098a76c2b),"weights W8A8 FP8 (same checkpoint); FP8 per-token-head KV both sides (packet c47fc3f20569), 128 decode slots",1 x NVIDIA H100 80GB HBM3,Infervisor plowrt 66e90a4b (PLOW_PREFIX_CACHE=1 PLOW_VMM_PREFIX=1 PLOW_PF_SEG_PURE=fp8 PLOW_PF_SEG_FA512=1 PLOW_PF_INTERLEAVE=2048 PLOW_VMM_LIVE_RINGS=0 PLOW_MULTISTEP=0 PLOW_DECODE_MAX_RUNG=128 PLOW_TOKEN_BATCH=1 PLOW_PF_SEG_DIR=<packet>/objects) vs vLLM 0.28.0 (--gpu-memory-utilization 0.9 --max-num-seqs 256 --dtype bfloat16 --max-model-len 16384 --attention-backend TRITON_ATTN --kv-cache-dtype fp8_per_token_head --enable-prefix-caching --max-num-batched-tokens 8192 --enable-prompt-tokens-details),scripts/campaign/recipes/gemma4-12b.h100.fp8kv-16k-c128.toml,16384,on (both),4442675bc1163fbb27e6e2e158fbe04fa6ea117689a28aad82e770671297a2fc,fp8,q987.g,"open-loop mix (system lognormal median 1536, first message lognormal(1500,1), tool output lognormal(700,1), cap 16384)","lognormal(160,0.7) in [16,1024]",open loop,"greedy (T=0), chat API, Poisson 0.987 sessions/s, think lognormal(5 s,0.8) <= 60 s, 300 s",2,MATCHED,EQUIVALENT (FP32-ref gate PASS),,,23876,3.660,2638.6,147.53,11.2,77.8,,,17143,2.835,6135.4,420.65,0.6,72.9,
final3-20261005-st4k-fp8,gemma-4-12b-it-fp8 (config+weights 68f098a76c2b),"weights W8A8 FP8 (same checkpoint); FP8 per-token-head KV both sides (packet 5fbe627c02af), 128 decode slots",1 x NVIDIA H100 80GB HBM3,Infervisor plowrt ee57f7b7 (serve defaults from the packet's serve.json = recipe [serve.env]; env PLOW_LIBCUDA only) vs vLLM 0.28.0 (--gpu-memory-utilization 0.9 --max-num-seqs 256 --dtype bfloat16 --max-model-len 16384 --attention-backend TRITON_ATTN --kv-cache-dtype fp8_per_token_head --enable-prefix-caching --max-num-batched-tokens 8192 --enable-prompt-tokens-details); same vLLM client,recipes/infervisor/gemma-4-12b/sm90a-h100-tp1.toml,16384,on (both),fea5e7f039f3891a6d8bdae3bf8431f0d13e0349614cd66d8e4778d681248bc9,fp8,g32,4096,128,32,"greedy (T=0), 96 prompts, request rate inf / concurrency 32",2,MATCHED,EQUIVALENT (FP32-ref gate PASS),550.8,550.8,18177,,5419.1,54.43,1.0,77.6,398.3,398.3,13145,,7770.7,77.85,0.0,73.0,1.38
final3-20261005-st4k-fp8,gemma-4-12b-it-fp8 (config+weights 68f098a76c2b),"weights W8A8 FP8 (same checkpoint); FP8 per-token-head KV both sides (packet 5fbe627c02af), 128 decode slots",1 x NVIDIA H100 80GB HBM3,Infervisor plowrt ee57f7b7 (serve defaults from the packet's serve.json = recipe [serve.env]; env PLOW_LIBCUDA only) vs vLLM 0.28.0 (--gpu-memory-utilization 0.9 --max-num-seqs 256 --dtype bfloat16 --max-model-len 16384 --attention-backend TRITON_ATTN --kv-cache-dtype fp8_per_token_head --enable-prefix-caching --max-num-batched-tokens 8192 --enable-prompt-tokens-details); same vLLM client,recipes/infervisor/gemma-4-12b/sm90a-h100-tp1.toml,16384,on (both),fea5e7f039f3891a6d8bdae3bf8431f0d13e0349614cd66d8e4778d681248bc9,fp8,g128,4096,128,128,"greedy (T=0), 384 prompts, request rate inf / concurrency 128",2,MATCHED,EQUIVALENT (FP32-ref gate PASS),622.6,622.6,20547,,23694.6,98.23,0.1,77.7,454.7,454.7,15004,,30953.8,275.42,0.1,73.0,1.37
final3-20261005-st4k-bf16,gemma-4-12b-it-fp8 (config+weights 68f098a76c2b),"weights W8A8 FP8 (same checkpoint); BF16 KV both sides (packet af6ee1c20678), 64 decode slots",1 x NVIDIA H100 80GB HBM3,Infervisor plowrt ee57f7b7 (serve defaults from the packet's serve.json = recipe [serve.env]; env PLOW_LIBCUDA only) vs vLLM 0.28.0 (--gpu-memory-utilization 0.9 --max-num-seqs 256 --dtype bfloat16 --max-model-len 16384 --enable-prefix-caching --max-num-batched-tokens 8192 --enable-prompt-tokens-details); same vLLM client,scripts/campaign/recipes/sm90a-h100-tp1-fp8-16k-c64-rq1k.toml,16384,on (both),93562a16c7b3bf69ce4b1ca90a40593e7687102b1a3990fecfe02eaefb4e3026,bf16,g32,4096,128,32,"greedy (T=0), 96 prompts, request rate inf / concurrency 32",2,MATCHED,EQUIVALENT (FP32-ref gate PASS),649.1,649.1,21419,,4532.0,47.19,1.1,77.8,779.7,779.7,25731,,3821.7,39.70,0.1,72.9,0.83
final3-20261005-st4k-bf16,gemma-4-12b-it-fp8 (config+weights 68f098a76c2b),"weights W8A8 FP8 (same checkpoint); BF16 KV both sides (packet af6ee1c20678), 64 decode slots",1 x NVIDIA H100 80GB HBM3,Infervisor plowrt ee57f7b7 (serve defaults from the packet's serve.json = recipe [serve.env]; env PLOW_LIBCUDA only) vs vLLM 0.28.0 (--gpu-memory-utilization 0.9 --max-num-seqs 256 --dtype bfloat16 --max-model-len 16384 --enable-prefix-caching --max-num-batched-tokens 8192 --enable-prompt-tokens-details); same vLLM client,scripts/campaign/recipes/sm90a-h100-tp1-fp8-16k-c64-rq1k.toml,16384,on (both),93562a16c7b3bf69ce4b1ca90a40593e7687102b1a3990fecfe02eaefb4e3026,bf16,g128,4096,128,128,"greedy (T=0), 384 prompts, request rate inf / concurrency 128",2,MATCHED,EQUIVALENT (FP32-ref gate PASS),698.8,698.8,23059,,19830.9,91.09,0.2,77.8,889.2,889.2,29342,,15348.7,140.69,0.0,72.9,0.79
final3-20261005-st15k-fp8,gemma-4-12b-it-fp8 (config+weights 68f098a76c2b),"weights W8A8 FP8 (same checkpoint); FP8 per-token-head KV both sides (packet 5fbe627c02af), 128 decode slots",1 x NVIDIA H100 80GB HBM3,Infervisor plowrt ee57f7b7 (serve defaults from the packet's serve.json = recipe [serve.env]; env PLOW_LIBCUDA only) vs vLLM 0.28.0 (--gpu-memory-utilization 0.9 --max-num-seqs 256 --dtype bfloat16 --max-model-len 16384 --attention-backend TRITON_ATTN --kv-cache-dtype fp8_per_token_head --enable-prefix-caching --max-num-batched-tokens 8192 --enable-prompt-tokens-details); same vLLM client,recipes/infervisor/gemma-4-12b/sm90a-h100-tp1.toml,16384,on (both),25277c795f6143df8cb697a2480cedc7ffdd9ea51508c74401be7b097c9e7c02,fp8,g32,15000,128,32,"greedy (T=0), 96 prompts, request rate inf / concurrency 32",2,MATCHED,EQUIVALENT (FP32-ref gate PASS),144.8,144.8,17111,,25888.7,114.50,0.3,77.7,80.9,80.9,9567,,45534.3,382.92,0.0,73.0,1.79
final3-20261005-st15k-fp8,gemma-4-12b-it-fp8 (config+weights 68f098a76c2b),"weights W8A8 FP8 (same checkpoint); FP8 per-token-head KV both sides (packet 5fbe627c02af), 128 decode slots",1 x NVIDIA H100 80GB HBM3,Infervisor plowrt ee57f7b7 (serve defaults from the packet's serve.json = recipe [serve.env]; env PLOW_LIBCUDA only) vs vLLM 0.28.0 (--gpu-memory-utilization 0.9 --max-num-seqs 256 --dtype bfloat16 --max-model-len 16384 --attention-backend TRITON_ATTN --kv-cache-dtype fp8_per_token_head --enable-prefix-caching --max-num-batched-tokens 8192 --enable-prompt-tokens-details); same vLLM client,recipes/infervisor/gemma-4-12b/sm90a-h100-tp1.toml,16384,on (both),25277c795f6143df8cb697a2480cedc7ffdd9ea51508c74401be7b097c9e7c02,fp8,g128,15000,128,128,"greedy (T=0), 384 prompts, request rate inf / concurrency 128",2,MATCHED,EQUIVALENT (FP32-ref gate PASS),146.1,146.1,17269,,106551.3,115.74,0.1,77.7,83.7,83.7,9895,,186793.9,825.66,0.1,73.0,1.75
final3-20261005-st15k-bf16,gemma-4-12b-it-fp8 (config+weights 68f098a76c2b),"weights W8A8 FP8 (same checkpoint); BF16 KV both sides (packet af6ee1c20678), 64 decode slots",1 x NVIDIA H100 80GB HBM3,Infervisor plowrt ee57f7b7 (serve defaults from the packet's serve.json = recipe [serve.env]; env PLOW_LIBCUDA only) vs vLLM 0.28.0 (--gpu-memory-utilization 0.9 --max-num-seqs 256 --dtype bfloat16 --max-model-len 16384 --enable-prefix-caching --max-num-batched-tokens 8192 --enable-prompt-tokens-details); same vLLM client,scripts/campaign/recipes/sm90a-h100-tp1-fp8-16k-c64-rq1k.toml,16384,on (both),fae5942aca3ea6cbe6bb1bd5288dcfeec39d841336758b7bf427f353fdf8b5ac,bf16,g32,15000,128,32,"greedy (T=0), 96 prompts, request rate inf / concurrency 32",2,MATCHED,EQUIVALENT (FP32-ref gate PASS),202.9,202.9,23982,,18094.4,147.46,0.4,77.9,235.4,235.4,27822,,15685.6,131.15,0.2,72.9,0.86
final3-20261005-st15k-bf16,gemma-4-12b-it-fp8 (config+weights 68f098a76c2b),"weights W8A8 FP8 (same checkpoint); BF16 KV both sides (packet af6ee1c20678), 64 decode slots",1 x NVIDIA H100 80GB HBM3,Infervisor plowrt ee57f7b7 (serve defaults from the packet's serve.json = recipe [serve.env]; env PLOW_LIBCUDA only) vs vLLM 0.28.0 (--gpu-memory-utilization 0.9 --max-num-seqs 256 --dtype bfloat16 --max-model-len 16384 --enable-prefix-caching --max-num-batched-tokens 8192 --enable-prompt-tokens-details); same vLLM client,scripts/campaign/recipes/sm90a-h100-tp1-fp8-16k-c64-rq1k.toml,16384,on (both),fae5942aca3ea6cbe6bb1bd5288dcfeec39d841336758b7bf427f353fdf8b5ac,bf16,g128,15000,128,128,"greedy (T=0), 384 prompts, request rate inf / concurrency 128",2,MATCHED,EQUIVALENT (FP32-ref gate PASS),210.4,210.4,24863,,74386.7,166.63,0.0,77.9,243.4,243.4,28772,,64167.5,284.00,0.1,72.9,0.86
final3-20261005-agentic-fp8,gemma-4-12b-it-fp8 (config+weights 68f098a76c2b),"weights W8A8 FP8 (same checkpoint); FP8 per-token-head KV both sides (packet 5fbe627c02af), 128 decode slots",1 x NVIDIA H100 80GB HBM3,Infervisor plowrt ee57f7b7 (serve defaults from the packet's serve.json = recipe [serve.env]; env PLOW_LIBCUDA only) vs vLLM 0.28.0 (--gpu-memory-utilization 0.9 --max-num-seqs 256 --dtype bfloat16 --max-model-len 16384 --attention-backend TRITON_ATTN --kv-cache-dtype fp8_per_token_head --enable-prefix-caching --max-num-batched-tokens 8192 --enable-prompt-tokens-details); same vLLM client,recipes/infervisor/gemma-4-12b/sm90a-h100-tp1.toml,16384,on (both),00cbf84bbf8fb360a0d96fa898db16ce84d5730326309255631fe96c8adb1a67,fp8,a32.g,agentic: grows to 15600,128,32,"agentic16k: 10 turns, greedy, real replies fed back",2,MATCHED,EQUIVALENT (FP32-ref gate PASS),673.1,673.1,49087,,2186.8,54.76,4.1,77.7,480.3,480.3,35035,,3818.5,82.04,0.2,73.3,1.40
final3-20261005-agentic-fp8,gemma-4-12b-it-fp8 (config+weights 68f098a76c2b),"weights W8A8 FP8 (same checkpoint); FP8 per-token-head KV both sides (packet 5fbe627c02af), 128 decode slots",1 x NVIDIA H100 80GB HBM3,Infervisor plowrt ee57f7b7 (serve defaults from the packet's serve.json = recipe [serve.env]; env PLOW_LIBCUDA only) vs vLLM 0.28.0 (--gpu-memory-utilization 0.9 --max-num-seqs 256 --dtype bfloat16 --max-model-len 16384 --attention-backend TRITON_ATTN --kv-cache-dtype fp8_per_token_head --enable-prefix-caching --max-num-batched-tokens 8192 --enable-prompt-tokens-details); same vLLM client,recipes/infervisor/gemma-4-12b/sm90a-h100-tp1.toml,16384,on (both),00cbf84bbf8fb360a0d96fa898db16ce84d5730326309255631fe96c8adb1a67,fp8,a64.g,agentic: grows to 15600,128,64,"agentic16k: 10 turns, greedy, real replies fed back",2,MATCHED,EQUIVALENT (FP32-ref gate PASS),761.4,761.4,55530,,4219.9,99.35,2.0,77.8,581.1,581.1,42380,,5371.2,139.29,0.0,73.3,1.31
final3-20261005-agentic-fp8,gemma-4-12b-it-fp8 (config+weights 68f098a76c2b),"weights W8A8 FP8 (same checkpoint); FP8 per-token-head KV both sides (packet 5fbe627c02af), 128 decode slots",1 x NVIDIA H100 80GB HBM3,Infervisor plowrt ee57f7b7 (serve defaults from the packet's serve.json = recipe [serve.env]; env PLOW_LIBCUDA only) vs vLLM 0.28.0 (--gpu-memory-utilization 0.9 --max-num-seqs 256 --dtype bfloat16 --max-model-len 16384 --attention-backend TRITON_ATTN --kv-cache-dtype fp8_per_token_head --enable-prefix-caching --max-num-batched-tokens 8192 --enable-prompt-tokens-details); same vLLM client,recipes/infervisor/gemma-4-12b/sm90a-h100-tp1.toml,16384,on (both),00cbf84bbf8fb360a0d96fa898db16ce84d5730326309255631fe96c8adb1a67,fp8,a128.g,agentic: grows to 15600,128,128,"agentic16k: 10 turns, greedy, real replies fed back",2,MATCHED,EQUIVALENT (FP32-ref gate PASS),692.2,692.2,50475,,12820.7,210.47,0.3,77.8,172.1,172.1,12553,,82042.6,892.14,0.1,73.3,4.02
final3-20261005-agentic-bf16,gemma-4-12b-it-fp8 (config+weights 68f098a76c2b),"weights W8A8 FP8 (same checkpoint); BF16 KV both sides (packet af6ee1c20678), 64 decode slots",1 x NVIDIA H100 80GB HBM3,Infervisor plowrt ee57f7b7 (serve defaults from the packet's serve.json = recipe [serve.env]; env PLOW_LIBCUDA only) vs vLLM 0.28.0 (--gpu-memory-utilization 0.9 --max-num-seqs 256 --dtype bfloat16 --max-model-len 16384 --enable-prefix-caching --max-num-batched-tokens 8192 --enable-prompt-tokens-details); same vLLM client,scripts/campaign/recipes/sm90a-h100-tp1-fp8-16k-c64-rq1k.toml,16384,on (both),acb99c7e0e3ca90c956fc26b95019030950811ef40c2fc1fc7b461ced2685990,bf16,a32.g,agentic: grows to 15600,128,32,"agentic16k: 10 turns, greedy, real replies fed back",2,MATCHED,EQUIVALENT (FP32-ref gate PASS),868.7,868.7,63327,,1723.1,40.79,1.4,78.0,1284.1,1284.1,93663,,1588.5,25.89,0.4,73.2,0.68
final3-20261005-agentic-bf16,gemma-4-12b-it-fp8 (config+weights 68f098a76c2b),"weights W8A8 FP8 (same checkpoint); BF16 KV both sides (packet af6ee1c20678), 64 decode slots",1 x NVIDIA H100 80GB HBM3,Infervisor plowrt ee57f7b7 (serve defaults from the packet's serve.json = recipe [serve.env]; env PLOW_LIBCUDA only) vs vLLM 0.28.0 (--gpu-memory-utilization 0.9 --max-num-seqs 256 --dtype bfloat16 --max-model-len 16384 --enable-prefix-caching --max-num-batched-tokens 8192 --enable-prompt-tokens-details); same vLLM client,scripts/campaign/recipes/sm90a-h100-tp1-fp8-16k-c64-rq1k.toml,16384,on (both),acb99c7e0e3ca90c956fc26b95019030950811ef40c2fc1fc7b461ced2685990,bf16,a64.g,agentic: grows to 15600,128,64,"agentic16k: 10 turns, greedy, real replies fed back",2,MATCHED,EQUIVALENT (FP32-ref gate PASS),956.7,956.7,69771,,3281.2,77.02,0.6,79.2,476.7,476.7,34763,,7990.6,225.60,0.0,73.2,2.01
final3-20261005-agentic-bf16,gemma-4-12b-it-fp8 (config+weights 68f098a76c2b),"weights W8A8 FP8 (same checkpoint); BF16 KV both sides (packet af6ee1c20678), 64 decode slots",1 x NVIDIA H100 80GB HBM3,Infervisor plowrt ee57f7b7 (serve defaults from the packet's serve.json = recipe [serve.env]; env PLOW_LIBCUDA only) vs vLLM 0.28.0 (--gpu-memory-utilization 0.9 --max-num-seqs 256 --dtype bfloat16 --max-model-len 16384 --enable-prefix-caching --max-num-batched-tokens 8192 --enable-prompt-tokens-details); same vLLM client,scripts/campaign/recipes/sm90a-h100-tp1-fp8-16k-c64-rq1k.toml,16384,on (both),acb99c7e0e3ca90c956fc26b95019030950811ef40c2fc1fc7b461ced2685990,bf16,a128.g,agentic: grows to 15600,128,128,"agentic16k: 10 turns, greedy, real replies fed back",2,MATCHED,EQUIVALENT (FP32-ref gate PASS),646.1,646.1,47098,,37640.4,161.64,4.8,77.9,465.0,465.0,33906,,26857.5,292.07,0.0,73.2,1.39
final3-20261005-prod-fp8,gemma-4-12b-it-fp8 (config+weights 68f098a76c2b),"weights W8A8 FP8 (same checkpoint); FP8 per-token-head KV both sides (packet 5fbe627c02af), 128 decode slots",1 x NVIDIA H100 80GB HBM3,Infervisor plowrt ee57f7b7 (serve defaults from the packet's serve.json = recipe [serve.env]; env PLOW_LIBCUDA only) vs vLLM 0.28.0 (--gpu-memory-utilization 0.9 --max-num-seqs 256 --dtype bfloat16 --max-model-len 16384 --attention-backend TRITON_ATTN --kv-cache-dtype fp8_per_token_head --enable-prefix-caching --max-num-batched-tokens 8192 --enable-prompt-tokens-details); same vLLM client,recipes/infervisor/gemma-4-12b/sm90a-h100-tp1.toml,16384,on (both),fb818f6287bf4f9b84477b5555b0d7c6314d8494b7241dd420ad84bee44d9232,fp8,q628.g,"open-loop mix (system lognormal median 1536, first message lognormal(1500,1), tool output lognormal(700,1), cap 16384)","lognormal(160,0.7) in [16,1024]",open loop,"greedy (T=0), chat API, Poisson 0.628 sessions/s, think lognormal(5 s,0.8) <= 60 s, 300 s",2,MATCHED,EQUIVALENT (FP32-ref gate PASS),,,20106,2.675,753.9,56.91,9.4,77.8,,,18611,2.540,1853.7,94.83,6.1,72.9,
final3-20261005-prod-fp8,gemma-4-12b-it-fp8 (config+weights 68f098a76c2b),"weights W8A8 FP8 (same checkpoint); FP8 per-token-head KV both sides (packet 5fbe627c02af), 128 decode slots",1 x NVIDIA H100 80GB HBM3,Infervisor plowrt ee57f7b7 (serve defaults from the packet's serve.json = recipe [serve.env]; env PLOW_LIBCUDA only) vs vLLM 0.28.0 (--gpu-memory-utilization 0.9 --max-num-seqs 256 --dtype bfloat16 --max-model-len 16384 --attention-backend TRITON_ATTN --kv-cache-dtype fp8_per_token_head --enable-prefix-caching --max-num-batched-tokens 8192 --enable-prompt-tokens-details); same vLLM client,recipes/infervisor/gemma-4-12b/sm90a-h100-tp1.toml,16384,on (both),fb818f6287bf4f9b84477b5555b0d7c6314d8494b7241dd420ad84bee44d9232,fp8,q771.g,"open-loop mix (system lognormal median 1536, first message lognormal(1500,1), tool output lognormal(700,1), cap 16384)","lognormal(160,0.7) in [16,1024]",open loop,"greedy (T=0), chat API, Poisson 0.771 sessions/s, think lognormal(5 s,0.8) <= 60 s, 300 s",2,MATCHED,EQUIVALENT (FP32-ref gate PASS),,,22195,3.107,1048.5,74.57,7.5,77.8,,,18868,2.745,3790.5,238.80,2.8,72.9,
final3-20261005-prod-fp8,gemma-4-12b-it-fp8 (config+weights 68f098a76c2b),"weights W8A8 FP8 (same checkpoint); FP8 per-token-head KV both sides (packet 5fbe627c02af), 128 decode slots",1 x NVIDIA H100 80GB HBM3,Infervisor plowrt ee57f7b7 (serve defaults from the packet's serve.json = recipe [serve.env]; env PLOW_LIBCUDA only) vs vLLM 0.28.0 (--gpu-memory-utilization 0.9 --max-num-seqs 256 --dtype bfloat16 --max-model-len 16384 --attention-backend TRITON_ATTN --kv-cache-dtype fp8_per_token_head --enable-prefix-caching --max-num-batched-tokens 8192 --enable-prompt-tokens-details); same vLLM client,recipes/infervisor/gemma-4-12b/sm90a-h100-tp1.toml,16384,on (both),fb818f6287bf4f9b84477b5555b0d7c6314d8494b7241dd420ad84bee44d9232,fp8,q987.g,"open-loop mix (system lognormal median 1536, first message lognormal(1500,1), tool output lognormal(700,1), cap 16384)","lognormal(160,0.7) in [16,1024]",open loop,"greedy (T=0), chat API, Poisson 0.987 sessions/s, think lognormal(5 s,0.8) <= 60 s, 300 s",2,MATCHED,EQUIVALENT (FP32-ref gate PASS),,,25689,3.888,1381.0,108.05,6.0,77.8,,,17143,2.835,6135.4,420.65,0.6,72.9,
